-- phpMyAdmin SQL Dump
-- version 5.2.2
-- https://www.phpmyadmin.net/
--
-- Servidor: localhost:3306
-- Tiempo de generación: 07-05-2025 a las 18:13:45
-- Versión del servidor: 8.0.41-cll-lve
-- Versión de PHP: 8.3.20

SET SQL_MODE = "NO_AUTO_VALUE_ON_ZERO";
START TRANSACTION;
SET time_zone = "+00:00";


/*!40101 SET @OLD_CHARACTER_SET_CLIENT=@@CHARACTER_SET_CLIENT */;
/*!40101 SET @OLD_CHARACTER_SET_RESULTS=@@CHARACTER_SET_RESULTS */;
/*!40101 SET @OLD_COLLATION_CONNECTION=@@COLLATION_CONNECTION */;
/*!40101 SET NAMES utf8mb4 */;

--
-- Base de datos: `edunoteg_bd_v1`
--
CREATE DATABASE IF NOT EXISTS `edunoteg_bd_v1` DEFAULT CHARACTER SET utf8mb4 COLLATE utf8mb4_0900_ai_ci;
USE `edunoteg_bd_v1`;

-- --------------------------------------------------------

--
-- Estructura de tabla para la tabla `anuncios`
--

CREATE TABLE `anuncios` (
  `id` int NOT NULL,
  `mensaje` text COLLATE utf8mb4_general_ci NOT NULL,
  `fecha_inicio` date NOT NULL,
  `fecha_fin` date NOT NULL,
  `creado_por` int DEFAULT NULL,
  `creado_en` timestamp NOT NULL DEFAULT CURRENT_TIMESTAMP
) ENGINE=InnoDB DEFAULT CHARSET=utf8mb4 COLLATE=utf8mb4_general_ci;

--
-- Volcado de datos para la tabla `anuncios`
--

INSERT INTO `anuncios` (`id`, `mensaje`, `fecha_inicio`, `fecha_fin`, `creado_por`, `creado_en`) VALUES
(13, 'profesores de religion cargar notas hasta antes del lunes 13', '2025-04-17', '2025-04-19', 1, '2025-04-17 14:01:06');

-- --------------------------------------------------------

--
-- Estructura de tabla para la tabla `bimestres_activos`
--

CREATE TABLE `bimestres_activos` (
  `id` int NOT NULL,
  `numero_bimestre` int NOT NULL,
  `esta_activo` tinyint(1) DEFAULT '0',
  `fecha_inicio` date DEFAULT NULL,
  `fecha_fin` date DEFAULT NULL,
  `fecha_modificacion` timestamp NOT NULL DEFAULT CURRENT_TIMESTAMP ON UPDATE CURRENT_TIMESTAMP
) ENGINE=InnoDB DEFAULT CHARSET=utf8mb4 COLLATE=utf8mb4_general_ci;

--
-- Volcado de datos para la tabla `bimestres_activos`
--

INSERT INTO `bimestres_activos` (`id`, `numero_bimestre`, `esta_activo`, `fecha_inicio`, `fecha_fin`, `fecha_modificacion`) VALUES
(1, 1, 1, '2025-04-15', '2025-04-17', '2025-05-02 17:39:41'),
(2, 2, 0, NULL, NULL, '2025-05-02 17:38:34'),
(3, 3, 0, NULL, NULL, '2025-05-02 17:38:34');

-- --------------------------------------------------------

--
-- Estructura de tabla para la tabla `calificaciones`
--

CREATE TABLE `calificaciones` (
  `id_calificacion` int NOT NULL,
  `id_estudiante` int NOT NULL COMMENT 'FK a estudiantes',
  `id_materia` int NOT NULL COMMENT 'FK a materias',
  `bimestre` int NOT NULL COMMENT 'Número del bimestre: 1, 2, 3, 4',
  `calificacion` decimal(5,2) NOT NULL COMMENT 'Nota obtenida en el bimestre',
  `comentario` text COLLATE utf8mb4_general_ci
) ENGINE=InnoDB DEFAULT CHARSET=utf8mb4 COLLATE=utf8mb4_general_ci;

--
-- Volcado de datos para la tabla `calificaciones`
--

INSERT INTO `calificaciones` (`id_calificacion`, `id_estudiante`, `id_materia`, `bimestre`, `calificacion`, `comentario`) VALUES
(1335, 770, 967, 1, 90.00, NULL),
(1336, 771, 967, 1, 55.00, NULL),
(1337, 772, 967, 1, 40.00, NULL),
(1338, 773, 967, 1, 80.00, NULL),
(1339, 774, 967, 1, 73.00, NULL),
(1340, 775, 967, 1, 86.00, NULL),
(1341, 777, 967, 1, 65.00, NULL),
(1342, 778, 967, 1, 35.00, NULL),
(1343, 779, 967, 1, 90.00, NULL),
(1344, 780, 967, 1, 80.00, NULL),
(1345, 781, 967, 1, 75.00, NULL),
(1346, 783, 967, 1, 50.00, NULL),
(1347, 784, 967, 1, 61.00, NULL),
(1348, 785, 967, 1, 60.00, NULL),
(1349, 786, 967, 1, 62.00, NULL),
(1350, 787, 967, 1, 60.00, NULL),
(1351, 788, 967, 1, 78.00, NULL),
(1352, 790, 967, 1, 80.00, NULL),
(1353, 791, 967, 1, 56.00, NULL),
(1354, 792, 967, 1, 16.00, NULL),
(1355, 793, 967, 1, 25.00, NULL),
(1356, 794, 967, 1, 45.00, NULL),
(1357, 795, 967, 1, 8.00, NULL),
(1404, 743, 967, 1, 91.00, NULL),
(1405, 744, 967, 1, 45.00, NULL),
(1406, 745, 967, 1, 67.00, NULL),
(1407, 746, 967, 1, 72.00, NULL),
(1408, 747, 967, 1, 50.00, NULL),
(1409, 748, 967, 1, 97.00, NULL),
(1410, 749, 967, 1, 72.00, NULL),
(1411, 750, 967, 1, 88.00, NULL),
(1412, 751, 967, 1, 65.00, NULL),
(1413, 752, 967, 1, 30.00, NULL),
(1414, 753, 967, 1, 83.00, NULL),
(1415, 754, 967, 1, 75.00, NULL),
(1416, 755, 967, 1, 65.00, NULL),
(1417, 756, 967, 1, 40.00, NULL),
(1418, 757, 967, 1, 32.00, NULL),
(1419, 758, 967, 1, 50.00, NULL),
(1420, 759, 967, 1, 48.00, NULL),
(1421, 761, 967, 1, 30.00, NULL),
(1422, 762, 967, 1, 87.00, NULL),
(1423, 763, 967, 1, 53.00, NULL),
(1424, 764, 967, 1, 79.00, NULL),
(1425, 766, 967, 1, 52.00, NULL),
(1426, 767, 967, 1, 77.00, NULL),
(1427, 769, 967, 1, 47.00, NULL),
(1428, 768, 967, 1, 69.00, NULL),
(1454, 797, 967, 1, 92.00, NULL),
(1455, 800, 967, 1, 75.00, NULL),
(1456, 801, 967, 1, 42.00, NULL),
(1457, 802, 967, 1, 72.00, NULL),
(1458, 804, 967, 1, 88.00, NULL),
(1459, 805, 967, 1, 67.00, NULL),
(1460, 807, 967, 1, 67.00, NULL),
(1461, 808, 967, 1, 88.00, NULL),
(1462, 809, 967, 1, 31.00, NULL),
(1463, 812, 967, 1, 88.00, NULL),
(1464, 813, 967, 1, 92.00, NULL),
(1465, 814, 967, 1, 79.00, NULL),
(1466, 815, 967, 1, 91.00, NULL),
(1467, 816, 967, 1, 53.00, NULL),
(1468, 817, 967, 1, 85.00, NULL),
(1469, 818, 967, 1, 64.00, NULL),
(1470, 819, 967, 1, 87.00, NULL),
(1471, 820, 967, 1, 92.00, NULL),
(1472, 821, 967, 1, 57.00, NULL),
(1473, 822, 967, 1, 85.00, NULL),
(1474, 823, 967, 1, 40.00, NULL),
(1479, 803, 967, 1, 48.00, NULL),
(1482, 806, 967, 1, 49.00, NULL),
(1499, 799, 967, 1, 25.00, NULL),
(1546, 843, 967, 1, 54.00, NULL),
(1547, 844, 967, 1, 31.00, NULL),
(1548, 845, 967, 1, 55.00, NULL),
(1549, 846, 967, 1, 71.00, NULL),
(1550, 847, 967, 1, 75.00, NULL),
(1551, 848, 967, 1, 38.00, NULL),
(1552, 849, 967, 1, 39.00, NULL),
(1553, 850, 967, 1, 39.00, NULL),
(1554, 851, 967, 1, 59.00, NULL),
(1555, 827, 967, 1, 47.00, NULL),
(1556, 828, 967, 1, 64.00, NULL),
(1557, 829, 967, 1, 53.00, NULL),
(1558, 830, 967, 1, 48.00, NULL),
(1559, 831, 967, 1, 45.00, NULL),
(1560, 832, 967, 1, 43.00, NULL),
(1561, 833, 967, 1, 31.00, NULL),
(1562, 834, 967, 1, 43.00, NULL),
(1563, 835, 967, 1, 30.00, NULL),
(1564, 836, 967, 1, 53.00, NULL),
(1565, 837, 967, 1, 66.00, NULL),
(1566, 838, 967, 1, 60.00, NULL),
(1567, 840, 967, 1, 38.00, NULL),
(1568, 841, 967, 1, 82.00, NULL),
(1569, 842, 967, 1, 37.00, NULL),
(1570, 859, 967, 1, 49.00, NULL),
(1571, 860, 967, 1, 45.00, NULL),
(1572, 861, 967, 1, 25.00, NULL),
(1573, 862, 967, 1, 43.00, NULL),
(1574, 863, 967, 1, 27.00, NULL),
(1575, 864, 967, 1, 86.00, NULL),
(1576, 867, 967, 1, 74.00, NULL),
(1577, 868, 967, 1, 41.00, NULL),
(1578, 858, 967, 1, 62.00, NULL),
(1579, 869, 967, 1, 48.00, NULL),
(1580, 870, 967, 1, 21.00, NULL),
(1581, 871, 967, 1, 36.00, NULL),
(1582, 872, 967, 1, 39.00, NULL),
(1583, 873, 967, 1, 37.00, NULL),
(1584, 875, 967, 1, 47.00, NULL),
(1585, 877, 967, 1, 62.00, NULL),
(1586, 878, 967, 1, 46.00, NULL),
(1587, 879, 967, 1, 65.00, NULL),
(1588, 880, 967, 1, 50.00, NULL),
(1589, 881, 967, 1, 32.00, NULL),
(1590, 884, 967, 1, 44.00, NULL),
(1591, 882, 967, 1, 32.00, NULL),
(1592, 885, 967, 1, 20.00, NULL),
(1593, 889, 967, 1, 40.00, NULL),
(1594, 890, 967, 1, 78.00, NULL),
(1595, 891, 967, 1, 70.00, NULL),
(1596, 893, 967, 1, 46.00, NULL),
(1597, 894, 967, 1, 20.00, NULL),
(1598, 896, 967, 1, 35.00, NULL),
(1599, 897, 967, 1, 53.00, NULL),
(1600, 898, 967, 1, 64.00, NULL),
(1601, 899, 967, 1, 76.00, NULL),
(1602, 901, 967, 1, 63.00, NULL),
(1603, 902, 967, 1, 85.00, NULL),
(1604, 903, 967, 1, 72.00, NULL),
(1605, 904, 967, 1, 57.00, NULL),
(1606, 906, 967, 1, 90.00, NULL),
(1607, 908, 967, 1, 83.00, NULL),
(1608, 909, 967, 1, 56.00, NULL),
(1609, 910, 967, 1, 67.00, NULL),
(1610, 911, 967, 1, 46.00, NULL),
(1611, 912, 967, 1, 74.00, NULL),
(1612, 913, 967, 1, 97.00, NULL),
(1613, 914, 967, 1, 72.00, NULL),
(1614, 915, 967, 1, 50.00, NULL),
(1615, 916, 967, 1, 60.00, NULL),
(1616, 920, 967, 1, 61.00, NULL),
(1617, 921, 967, 1, 35.00, NULL),
(1618, 922, 967, 1, 75.00, NULL),
(1619, 923, 967, 1, 70.00, NULL),
(1620, 924, 967, 1, 97.00, NULL),
(1621, 925, 967, 1, 42.00, NULL),
(1622, 926, 967, 1, 45.00, NULL),
(1623, 927, 967, 1, 55.00, NULL),
(1624, 928, 967, 1, 74.00, NULL),
(1625, 930, 967, 1, 47.00, NULL),
(1626, 931, 967, 1, 85.00, NULL),
(1627, 932, 967, 1, 44.00, NULL),
(1628, 933, 967, 1, 40.00, NULL),
(1629, 934, 967, 1, 48.00, NULL),
(1630, 935, 967, 1, 45.00, NULL),
(1631, 936, 967, 1, 44.00, NULL),
(1632, 937, 967, 1, 52.00, NULL),
(1633, 938, 967, 1, 42.00, NULL),
(1634, 939, 967, 1, 17.00, NULL),
(1635, 940, 967, 1, 87.00, NULL),
(1636, 941, 967, 1, 64.00, NULL),
(1637, 942, 967, 1, 93.00, NULL),
(1638, 943, 967, 1, 45.00, NULL),
(1639, 944, 967, 1, 83.00, NULL),
(1640, 951, 967, 1, 33.00, NULL),
(1641, 952, 967, 1, 71.00, NULL),
(1642, 953, 967, 1, 33.00, NULL),
(1643, 954, 967, 1, 37.00, NULL),
(1644, 955, 967, 1, 28.00, NULL),
(1645, 956, 967, 1, 30.00, NULL),
(1646, 957, 967, 1, 38.00, NULL),
(1647, 958, 967, 1, 34.00, NULL),
(1648, 959, 967, 1, 40.00, NULL),
(1649, 960, 967, 1, 53.00, NULL),
(1650, 961, 967, 1, 55.00, NULL),
(1651, 963, 967, 1, 49.00, NULL),
(1652, 964, 967, 1, 39.00, NULL),
(1653, 965, 967, 1, 69.00, NULL),
(1654, 966, 967, 1, 30.00, NULL),
(1655, 967, 967, 1, 85.00, NULL),
(1656, 969, 967, 1, 42.00, NULL),
(1657, 970, 967, 1, 96.00, NULL),
(1658, 971, 967, 1, 83.00, NULL),
(1659, 972, 967, 1, 26.00, NULL),
(1660, 973, 967, 1, 61.00, NULL),
(1661, 974, 967, 1, 95.00, NULL),
(1662, 975, 967, 1, 56.00, NULL),
(1663, 976, 967, 1, 42.00, NULL),
(1664, 977, 967, 1, 30.00, NULL),
(1665, 982, 967, 1, 78.00, NULL),
(1666, 983, 967, 1, 44.00, NULL),
(1667, 984, 967, 1, 17.00, NULL),
(1668, 985, 967, 1, 90.00, NULL),
(1669, 986, 967, 1, 34.00, NULL),
(1670, 987, 967, 1, 35.00, NULL),
(1671, 988, 967, 1, 44.00, NULL),
(1672, 989, 967, 1, 96.00, NULL),
(1673, 990, 967, 1, 70.00, NULL),
(1674, 991, 967, 1, 56.00, NULL),
(1675, 992, 967, 1, 38.00, NULL),
(1676, 993, 967, 1, 58.00, NULL),
(1677, 994, 967, 1, 94.00, NULL),
(1678, 995, 967, 1, 70.00, NULL),
(1679, 996, 967, 1, 77.00, NULL),
(1680, 997, 967, 1, 30.00, NULL),
(1681, 998, 967, 1, 44.00, NULL),
(1682, 999, 967, 1, 23.00, NULL),
(1683, 1000, 967, 1, 28.00, NULL),
(1684, 1001, 967, 1, 49.00, NULL),
(1685, 1002, 967, 1, 76.00, NULL),
(1686, 1003, 967, 1, 20.00, NULL),
(1687, 1004, 967, 1, 95.00, NULL),
(1688, 1005, 967, 1, 32.00, NULL),
(1689, 1014, 967, 1, 61.00, NULL),
(1690, 1015, 967, 1, 49.00, NULL),
(1691, 1016, 967, 1, 73.00, NULL),
(1692, 1017, 967, 1, 72.00, NULL),
(1693, 1018, 967, 1, 65.00, NULL),
(1694, 1019, 967, 1, 50.00, NULL),
(1695, 1020, 967, 1, 60.00, NULL),
(1696, 1021, 967, 1, 89.00, NULL),
(1697, 1022, 967, 1, 77.00, NULL),
(1698, 1023, 967, 1, 95.00, NULL),
(1699, 1024, 967, 1, 39.00, NULL),
(1700, 1025, 967, 1, 76.00, NULL),
(1701, 1026, 967, 1, 81.00, NULL),
(1702, 1027, 967, 1, 83.00, NULL),
(1703, 1028, 967, 1, 49.00, NULL),
(1704, 1029, 967, 1, 76.00, NULL),
(1705, 1030, 967, 1, 83.00, NULL),
(1706, 1031, 967, 1, 25.00, NULL),
(1707, 1032, 967, 1, 49.00, NULL),
(1708, 1033, 967, 1, 59.00, NULL),
(1709, 1034, 967, 1, 43.00, NULL),
(1710, 1035, 967, 1, 40.00, NULL),
(1711, 1044, 967, 1, 76.00, NULL),
(1712, 1045, 967, 1, 49.00, NULL),
(1713, 1046, 967, 1, 44.00, NULL),
(1714, 1047, 967, 1, 42.00, NULL),
(1715, 1048, 967, 1, 53.00, NULL),
(1716, 1049, 967, 1, 83.00, NULL),
(1717, 1050, 967, 1, 95.00, NULL),
(1718, 1051, 967, 1, 67.00, NULL),
(1719, 1052, 967, 1, 40.00, NULL),
(1720, 1053, 967, 1, 87.00, NULL),
(1721, 1054, 967, 1, 47.00, NULL),
(1722, 1055, 967, 1, 55.00, NULL),
(1723, 1057, 967, 1, 59.00, NULL),
(1724, 1059, 967, 1, 92.00, NULL),
(1725, 1060, 967, 1, 54.00, NULL),
(1726, 1061, 967, 1, 73.00, NULL),
(1727, 1062, 967, 1, 62.00, NULL),
(1728, 1063, 967, 1, 55.00, NULL),
(1729, 1064, 967, 1, 27.00, NULL),
(1730, 1065, 967, 1, 40.00, NULL),
(1731, 1066, 967, 1, 27.00, NULL),
(1732, 1067, 967, 1, 66.00, NULL),
(1733, 1068, 967, 1, 87.00, NULL),
(1734, 1069, 967, 1, 46.00, NULL),
(1735, 1070, 967, 1, 37.00, NULL),
(1736, 1071, 967, 1, 87.00, NULL),
(1737, 1072, 967, 1, 65.00, NULL),
(1738, 1073, 967, 1, 88.00, NULL),
(1739, 1074, 967, 1, 51.00, NULL),
(1740, 1075, 967, 1, 31.00, NULL),
(1741, 1076, 967, 1, 83.00, NULL),
(1742, 1077, 967, 1, 41.00, NULL),
(1743, 1078, 967, 1, 61.00, NULL),
(1744, 1079, 967, 1, 89.00, NULL),
(1757, 1056, 967, 1, 51.00, NULL),
(1780, 1107, 967, 1, 56.00, NULL),
(1781, 1108, 967, 1, 40.00, NULL),
(1782, 1109, 967, 1, 56.00, NULL),
(1783, 1110, 967, 1, 48.00, NULL),
(1784, 1112, 967, 1, 37.00, NULL),
(1785, 1113, 967, 1, 76.00, NULL),
(1786, 1114, 967, 1, 95.00, NULL),
(1787, 1115, 967, 1, 41.00, NULL),
(1788, 1116, 967, 1, 74.00, NULL),
(1789, 1117, 967, 1, 36.00, NULL),
(1790, 1118, 967, 1, 35.00, NULL),
(1791, 1119, 967, 1, 56.00, NULL),
(1792, 1120, 967, 1, 29.00, NULL),
(1793, 1121, 967, 1, 90.00, NULL),
(1794, 1122, 967, 1, 86.00, NULL),
(1795, 1123, 967, 1, 56.00, NULL),
(1796, 1125, 967, 1, 25.00, NULL),
(1797, 1126, 967, 1, 24.00, NULL),
(1798, 1127, 967, 1, 86.00, NULL),
(1799, 1128, 967, 1, 86.00, NULL),
(1800, 1129, 967, 1, 21.00, NULL),
(1801, 1130, 967, 1, 46.00, NULL),
(1802, 1132, 967, 1, 61.00, NULL),
(1803, 1133, 967, 1, 72.00, NULL),
(1804, 1134, 967, 1, 90.00, NULL),
(1805, 1135, 967, 1, 40.00, NULL),
(1806, 1136, 967, 1, 56.00, NULL),
(1807, 1137, 967, 1, 48.00, NULL),
(1808, 1138, 967, 1, 80.00, NULL),
(1809, 1139, 967, 1, 48.00, NULL),
(1810, 1140, 967, 1, 42.00, NULL),
(1811, 1141, 967, 1, 36.00, NULL),
(1816, 1111, 967, 1, 45.00, NULL),
(1829, 1124, 967, 1, 45.00, NULL),
(1846, 1296, 860, 1, 61.00, NULL),
(1848, 1297, 860, 1, 48.00, NULL),
(1849, 1298, 860, 1, 55.00, NULL),
(1850, 1299, 860, 1, 53.00, NULL),
(1851, 1300, 860, 1, 64.00, NULL),
(1852, 1301, 860, 1, 58.00, NULL),
(1853, 1302, 860, 1, 76.00, NULL),
(1854, 1303, 860, 1, 77.00, NULL),
(1855, 1304, 860, 1, 74.00, NULL),
(1856, 1305, 860, 1, 83.00, NULL),
(1857, 1306, 860, 1, 56.00, NULL),
(1858, 1307, 860, 1, 58.00, NULL),
(1859, 1308, 860, 1, 40.00, NULL),
(1860, 1309, 860, 1, 69.00, NULL),
(1861, 1310, 860, 1, 54.00, NULL),
(1862, 1311, 860, 1, 64.00, NULL),
(1863, 1312, 860, 1, 40.00, NULL),
(1864, 1313, 860, 1, 52.00, NULL),
(1865, 1314, 860, 1, 46.00, NULL),
(1866, 1315, 860, 1, 78.00, NULL),
(1867, 1316, 860, 1, 59.00, NULL),
(1868, 1317, 860, 1, 53.00, NULL),
(1869, 1318, 860, 1, 61.00, NULL),
(1870, 1319, 860, 1, 65.00, NULL),
(1871, 1320, 860, 1, 51.00, NULL),
(1872, 1321, 860, 1, 40.00, NULL),
(1873, 1322, 860, 1, 66.00, NULL),
(1874, 1323, 860, 1, 66.00, NULL),
(1903, 1324, 860, 1, 43.00, NULL),
(1933, 1327, 860, 1, 68.00, NULL),
(1934, 1328, 860, 1, 52.00, NULL),
(1935, 1329, 860, 1, 63.00, NULL),
(1936, 1330, 860, 1, 72.00, NULL),
(1937, 1331, 860, 1, 57.00, NULL),
(1938, 1332, 860, 1, 51.00, NULL),
(1939, 1333, 860, 1, 71.00, NULL),
(1940, 1334, 860, 1, 74.00, NULL),
(1941, 1335, 860, 1, 53.00, NULL),
(1942, 1336, 860, 1, 35.00, NULL),
(1943, 1337, 860, 1, 64.00, NULL),
(1944, 1338, 860, 1, 64.00, NULL),
(1945, 1339, 860, 1, 56.00, NULL),
(1946, 1340, 860, 1, 54.00, NULL),
(1947, 1341, 860, 1, 53.00, NULL),
(1948, 1342, 860, 1, 60.00, NULL),
(1949, 1343, 860, 1, 52.00, NULL),
(1950, 1344, 860, 1, 54.00, NULL),
(1951, 1345, 860, 1, 55.00, NULL),
(1952, 1346, 860, 1, 42.00, NULL),
(1953, 1347, 860, 1, 52.00, NULL),
(1954, 1348, 860, 1, 56.00, NULL),
(1955, 1349, 860, 1, 60.00, NULL),
(1956, 1350, 860, 1, 39.00, NULL),
(1957, 1351, 860, 1, 39.00, NULL),
(1958, 1352, 860, 1, 73.00, NULL),
(1959, 1353, 860, 1, 79.00, NULL),
(1960, 1354, 860, 1, 56.00, NULL),
(1961, 1355, 860, 1, 80.00, NULL),
(1962, 1356, 860, 1, 68.00, NULL),
(1963, 1358, 874, 1, 34.00, NULL),
(1964, 1359, 874, 1, 52.00, NULL),
(1965, 1360, 874, 1, 78.00, NULL),
(1966, 1361, 874, 1, 77.00, NULL),
(1967, 1362, 874, 1, 43.00, NULL),
(1968, 1363, 874, 1, 35.00, NULL),
(1969, 1364, 874, 1, 91.00, NULL),
(1970, 1365, 874, 1, 59.00, NULL),
(1971, 1366, 874, 1, 69.00, NULL),
(1972, 1367, 874, 1, 55.00, NULL),
(1973, 1368, 874, 1, 86.00, NULL),
(1974, 1369, 874, 1, 48.00, NULL),
(1975, 1370, 874, 1, 55.00, NULL),
(1976, 1371, 874, 1, 78.00, NULL),
(1977, 1372, 874, 1, 55.00, NULL),
(1978, 1373, 874, 1, 54.00, NULL),
(1979, 1374, 874, 1, 57.00, NULL),
(1980, 1375, 874, 1, 63.00, NULL),
(1981, 1376, 874, 1, 35.00, NULL),
(1982, 1377, 874, 1, 71.00, NULL),
(1983, 1378, 874, 1, 65.00, NULL),
(1984, 1379, 874, 1, 61.00, NULL),
(1985, 1380, 874, 1, 45.00, NULL),
(1986, 1381, 874, 1, 83.00, NULL),
(1987, 1382, 874, 1, 60.00, NULL),
(1988, 1383, 874, 1, 56.00, NULL),
(1989, 1384, 874, 1, 46.00, NULL),
(1990, 1385, 874, 1, 80.00, NULL),
(2019, 1389, 874, 1, 54.00, NULL),
(2020, 1390, 874, 1, 95.00, NULL),
(2021, 1391, 874, 1, 25.00, NULL),
(2022, 1392, 874, 1, 60.00, NULL),
(2023, 1393, 874, 1, 37.00, NULL),
(2024, 1394, 874, 1, 71.00, NULL),
(2025, 1395, 874, 1, 62.00, NULL),
(2026, 1396, 874, 1, 45.00, NULL),
(2027, 1397, 874, 1, 57.00, NULL),
(2028, 1398, 874, 1, 35.00, NULL),
(2029, 1399, 874, 1, 59.00, NULL),
(2030, 1400, 874, 1, 45.00, NULL),
(2031, 1401, 874, 1, 49.00, NULL),
(2032, 1402, 874, 1, 25.00, NULL),
(2033, 1403, 874, 1, 55.00, NULL),
(2034, 1404, 874, 1, 67.00, NULL),
(2035, 1405, 874, 1, 63.00, NULL),
(2036, 1406, 874, 1, 42.00, NULL),
(2037, 1407, 874, 1, 91.00, NULL),
(2038, 1408, 874, 1, 52.00, NULL),
(2039, 1409, 874, 1, 87.00, NULL),
(2040, 1410, 874, 1, 53.00, NULL),
(2041, 1411, 874, 1, 78.00, NULL),
(2042, 1412, 874, 1, 39.00, NULL),
(2043, 1413, 874, 1, 67.00, NULL),
(2044, 1414, 874, 1, 95.00, NULL),
(2045, 1415, 874, 1, 42.00, NULL),
(2046, 1416, 874, 1, 67.00, NULL),
(2047, 1417, 874, 1, 51.00, NULL),
(2222, 1358, 875, 1, 51.00, NULL),
(2223, 1359, 875, 1, 52.00, NULL),
(2224, 1360, 875, 1, 65.00, NULL),
(2225, 1361, 875, 1, 67.00, NULL),
(2226, 1362, 875, 1, 50.00, NULL),
(2227, 1363, 875, 1, 50.00, NULL),
(2228, 1364, 875, 1, 84.00, NULL),
(2229, 1365, 875, 1, 58.00, NULL),
(2230, 1366, 875, 1, 53.00, NULL),
(2231, 1367, 875, 1, 59.00, NULL),
(2232, 1368, 875, 1, 64.00, NULL),
(2233, 1369, 875, 1, 53.00, NULL),
(2234, 1370, 875, 1, 51.00, NULL),
(2235, 1371, 875, 1, 84.00, NULL),
(2236, 1372, 875, 1, 56.00, NULL),
(2237, 1373, 875, 1, 67.00, NULL),
(2238, 1374, 875, 1, 51.00, NULL),
(2239, 1375, 875, 1, 54.00, NULL),
(2240, 1376, 875, 1, 51.00, NULL),
(2241, 1377, 875, 1, 72.00, NULL),
(2242, 1378, 875, 1, 51.00, NULL),
(2243, 1379, 875, 1, 61.00, NULL),
(2244, 1380, 875, 1, 51.00, NULL),
(2245, 1381, 875, 1, 95.00, NULL),
(2246, 1382, 875, 1, 61.00, NULL),
(2247, 1383, 875, 1, 72.00, NULL),
(2248, 1384, 875, 1, 52.00, NULL),
(2249, 1385, 875, 1, 72.00, NULL),
(2278, 1389, 875, 1, 51.00, NULL),
(2279, 1390, 875, 1, 92.00, NULL),
(2280, 1392, 875, 1, 84.00, NULL),
(2281, 1393, 875, 1, 60.00, NULL),
(2282, 1394, 875, 1, 69.00, NULL),
(2283, 1395, 875, 1, 56.00, NULL),
(2284, 1396, 875, 1, 58.00, NULL),
(2285, 1397, 875, 1, 60.00, NULL),
(2286, 1398, 875, 1, 51.00, NULL),
(2287, 1399, 875, 1, 62.00, NULL),
(2288, 1400, 875, 1, 58.00, NULL),
(2289, 1401, 875, 1, 51.00, NULL),
(2290, 1403, 875, 1, 52.00, NULL),
(2291, 1404, 875, 1, 52.00, NULL),
(2292, 1405, 875, 1, 51.00, NULL),
(2293, 1406, 875, 1, 56.00, NULL),
(2294, 1407, 875, 1, 94.00, NULL),
(2295, 1408, 875, 1, 58.00, NULL),
(2296, 1409, 875, 1, 92.00, NULL),
(2297, 1410, 875, 1, 51.00, NULL),
(2298, 1411, 875, 1, 88.00, NULL),
(2299, 1412, 875, 1, 50.00, NULL),
(2300, 1413, 875, 1, 79.00, NULL),
(2301, 1414, 875, 1, 95.00, NULL),
(2302, 1415, 875, 1, 50.00, NULL),
(2303, 1416, 875, 1, 76.00, NULL),
(2304, 1417, 875, 1, 58.00, NULL),
(2305, 1296, 861, 1, 54.00, NULL),
(2306, 1297, 861, 1, 60.00, NULL),
(2307, 1298, 861, 1, 58.00, NULL),
(2308, 1299, 861, 1, 52.00, NULL),
(2309, 1300, 861, 1, 54.00, NULL),
(2310, 1301, 861, 1, 58.00, NULL),
(2311, 1302, 861, 1, 60.00, NULL),
(2312, 1303, 861, 1, 85.00, NULL),
(2313, 1304, 861, 1, 62.00, NULL),
(2314, 1305, 861, 1, 92.00, NULL),
(2315, 1306, 861, 1, 52.00, NULL),
(2316, 1307, 861, 1, 72.00, NULL),
(2317, 1308, 861, 1, 54.00, NULL),
(2318, 1309, 861, 1, 54.00, NULL),
(2319, 1310, 861, 1, 62.00, NULL),
(2320, 1311, 861, 1, 72.00, NULL),
(2321, 1312, 861, 1, 58.00, NULL),
(2322, 1313, 861, 1, 63.00, NULL),
(2323, 1314, 861, 1, 58.00, NULL),
(2324, 1315, 861, 1, 88.00, NULL),
(2325, 1316, 861, 1, 56.00, NULL),
(2326, 1317, 861, 1, 58.00, NULL),
(2327, 1318, 861, 1, 74.00, NULL),
(2328, 1319, 861, 1, 78.00, NULL),
(2329, 1320, 861, 1, 64.00, NULL),
(2330, 1321, 861, 1, 54.00, NULL),
(2331, 1322, 861, 1, 72.00, NULL),
(2332, 1323, 861, 1, 60.00, NULL),
(2333, 1324, 861, 1, 52.00, NULL),
(2334, 1327, 861, 1, 56.00, NULL),
(2335, 1328, 861, 1, 52.00, NULL),
(2336, 1329, 861, 1, 54.00, NULL),
(2337, 1330, 861, 1, 60.00, NULL),
(2338, 1331, 861, 1, 56.00, NULL),
(2339, 1332, 861, 1, 61.00, NULL),
(2340, 1333, 861, 1, 58.00, NULL),
(2341, 1334, 861, 1, 89.00, NULL),
(2342, 1335, 861, 1, 51.00, NULL),
(2343, 1336, 861, 1, 51.00, NULL),
(2344, 1337, 861, 1, 61.00, NULL),
(2345, 1338, 861, 1, 58.00, NULL),
(2346, 1339, 861, 1, 59.00, NULL),
(2347, 1340, 861, 1, 61.00, NULL),
(2348, 1341, 861, 1, 58.00, NULL),
(2349, 1342, 861, 1, 58.00, NULL),
(2350, 1343, 861, 1, 72.00, NULL),
(2351, 1344, 861, 1, 60.00, NULL),
(2352, 1345, 861, 1, 51.00, NULL),
(2353, 1346, 861, 1, 51.00, NULL),
(2354, 1347, 861, 1, 68.00, NULL),
(2355, 1348, 861, 1, 58.00, NULL),
(2356, 1349, 861, 1, 59.00, NULL),
(2357, 1350, 861, 1, 70.00, NULL),
(2358, 1351, 861, 1, 51.00, NULL),
(2359, 1352, 861, 1, 76.00, NULL),
(2360, 1353, 861, 1, 86.00, NULL),
(2361, 1354, 861, 1, 59.00, NULL),
(2362, 1355, 861, 1, 85.00, NULL),
(2363, 1356, 861, 1, 62.00, NULL),
(2364, 744, 813, 1, 59.00, NULL),
(2365, 743, 813, 1, 81.00, NULL),
(2371, 745, 813, 1, 80.00, NULL),
(2387, 746, 813, 1, 88.00, NULL),
(2388, 747, 813, 1, 67.00, NULL),
(2389, 748, 813, 1, 96.00, NULL),
(2390, 749, 813, 1, 92.00, NULL),
(2391, 750, 813, 1, 95.00, NULL),
(2392, 751, 813, 1, 75.00, NULL),
(2393, 752, 813, 1, 71.00, NULL),
(2394, 753, 813, 1, 73.00, NULL),
(2395, 754, 813, 1, 74.00, NULL),
(2396, 755, 813, 1, 62.00, NULL),
(2397, 756, 813, 1, 60.00, NULL),
(2398, 757, 813, 1, 44.00, NULL),
(2399, 758, 813, 1, 55.00, NULL),
(2400, 759, 813, 1, 72.00, NULL),
(2401, 761, 813, 1, 42.00, NULL),
(2402, 762, 813, 1, 79.00, NULL),
(2403, 763, 813, 1, 80.00, NULL),
(2404, 764, 813, 1, 81.00, NULL),
(2405, 765, 813, 1, 83.00, NULL),
(2406, 766, 813, 1, 68.00, NULL),
(2407, 767, 813, 1, 94.00, NULL),
(2408, 769, 813, 1, 70.00, NULL),
(2409, 768, 813, 1, 72.00, NULL),
(2462, 743, 814, 1, 75.00, NULL),
(2463, 744, 814, 1, 63.00, NULL),
(2464, 745, 814, 1, 84.00, NULL),
(2465, 746, 814, 1, 90.00, NULL),
(2466, 747, 814, 1, 68.00, NULL),
(2467, 748, 814, 1, 98.00, NULL),
(2468, 749, 814, 1, 95.00, NULL),
(2469, 750, 814, 1, 98.00, NULL),
(2470, 751, 814, 1, 77.00, NULL),
(2471, 752, 814, 1, 78.00, NULL),
(2472, 753, 814, 1, 73.00, NULL),
(2473, 754, 814, 1, 71.00, NULL),
(2474, 755, 814, 1, 64.00, NULL),
(2475, 756, 814, 1, 55.00, NULL),
(2476, 757, 814, 1, 52.00, NULL),
(2477, 758, 814, 1, 55.00, NULL),
(2478, 759, 814, 1, 70.00, NULL),
(2479, 761, 814, 1, 42.00, NULL),
(2480, 762, 814, 1, 75.00, NULL),
(2481, 763, 814, 1, 79.00, NULL),
(2482, 764, 814, 1, 89.00, NULL),
(2483, 765, 814, 1, 78.00, NULL),
(2484, 766, 814, 1, 72.00, NULL),
(2485, 767, 814, 1, 97.00, NULL),
(2486, 769, 814, 1, 75.00, NULL),
(2487, 768, 814, 1, 74.00, NULL),
(2488, 743, 816, 1, 92.00, NULL),
(2489, 744, 816, 1, 85.00, NULL),
(2490, 745, 816, 1, 91.00, NULL),
(2491, 746, 816, 1, 94.00, NULL),
(2492, 747, 816, 1, 86.00, NULL),
(2493, 748, 816, 1, 100.00, NULL),
(2494, 749, 816, 1, 98.00, NULL),
(2495, 750, 816, 1, 99.00, NULL),
(2496, 751, 816, 1, 88.00, NULL),
(2497, 752, 816, 1, 91.00, NULL),
(2498, 753, 816, 1, 78.00, NULL),
(2499, 754, 816, 1, 91.00, NULL),
(2500, 755, 816, 1, 67.00, NULL),
(2501, 756, 816, 1, 65.00, NULL),
(2502, 757, 816, 1, 79.00, NULL),
(2503, 758, 816, 1, 78.00, NULL),
(2504, 759, 816, 1, 87.00, NULL),
(2505, 761, 816, 1, 62.00, NULL),
(2506, 762, 816, 1, 92.00, NULL),
(2507, 763, 816, 1, 89.00, NULL),
(2508, 764, 816, 1, 96.00, NULL),
(2509, 765, 816, 1, 92.00, NULL),
(2510, 766, 816, 1, 89.00, NULL),
(2511, 767, 816, 1, 94.00, NULL),
(2512, 769, 816, 1, 83.00, NULL),
(2513, 768, 816, 1, 89.00, NULL),
(2540, 743, 817, 1, 94.00, NULL),
(2541, 744, 817, 1, 78.00, NULL),
(2542, 745, 817, 1, 88.00, NULL),
(2543, 746, 817, 1, 94.00, NULL),
(2544, 747, 817, 1, 79.00, NULL),
(2545, 748, 817, 1, 98.00, NULL),
(2546, 749, 817, 1, 95.00, NULL),
(2547, 750, 817, 1, 97.00, NULL),
(2548, 751, 817, 1, 84.00, NULL),
(2549, 752, 817, 1, 80.00, NULL),
(2550, 753, 817, 1, 82.00, NULL),
(2551, 754, 817, 1, 76.00, NULL),
(2552, 755, 817, 1, 75.00, NULL),
(2553, 756, 817, 1, 63.00, NULL),
(2554, 757, 817, 1, 53.00, NULL),
(2555, 758, 817, 1, 52.00, NULL),
(2556, 759, 817, 1, 84.00, NULL),
(2557, 761, 817, 1, 46.00, NULL),
(2558, 762, 817, 1, 87.00, NULL),
(2559, 763, 817, 1, 82.00, NULL),
(2560, 764, 817, 1, 89.00, NULL),
(2561, 765, 817, 1, 87.00, NULL),
(2562, 766, 817, 1, 84.00, NULL),
(2563, 767, 817, 1, 94.00, NULL),
(2564, 769, 817, 1, 79.00, NULL),
(2565, 768, 817, 1, 75.00, NULL),
(2566, 743, 818, 1, 78.00, NULL),
(2567, 744, 818, 1, 59.00, NULL),
(2568, 745, 818, 1, 79.00, NULL),
(2569, 746, 818, 1, 88.00, NULL),
(2570, 747, 818, 1, 71.00, NULL),
(2571, 748, 818, 1, 94.00, NULL),
(2572, 749, 818, 1, 93.00, NULL),
(2573, 750, 818, 1, 95.00, NULL),
(2574, 751, 818, 1, 73.00, NULL),
(2575, 752, 818, 1, 75.00, NULL),
(2576, 753, 818, 1, 71.00, NULL),
(2577, 754, 818, 1, 70.00, NULL),
(2578, 755, 818, 1, 60.00, NULL),
(2579, 756, 818, 1, 53.00, NULL),
(2580, 757, 818, 1, 46.00, NULL),
(2581, 758, 818, 1, 54.00, NULL),
(2582, 759, 818, 1, 76.00, NULL),
(2583, 761, 818, 1, 44.00, NULL),
(2584, 762, 818, 1, 72.00, NULL),
(2585, 763, 818, 1, 75.00, NULL),
(2586, 764, 818, 1, 87.00, NULL),
(2587, 765, 818, 1, 82.00, NULL),
(2588, 766, 818, 1, 69.00, NULL),
(2589, 767, 818, 1, 94.00, NULL),
(2590, 769, 818, 1, 67.00, NULL),
(2591, 768, 818, 1, 72.00, NULL),
(2592, 743, 819, 1, 75.00, NULL),
(2593, 744, 819, 1, 57.00, NULL),
(2594, 745, 819, 1, 72.00, NULL),
(2595, 746, 819, 1, 86.00, NULL),
(2596, 747, 819, 1, 67.00, NULL),
(2597, 748, 819, 1, 92.00, NULL),
(2598, 749, 819, 1, 100.00, NULL),
(2599, 750, 819, 1, 92.00, NULL),
(2600, 751, 819, 1, 71.00, NULL),
(2601, 752, 819, 1, 71.00, NULL),
(2602, 753, 819, 1, 66.00, NULL),
(2603, 754, 819, 1, 70.00, NULL),
(2604, 755, 819, 1, 58.00, NULL),
(2605, 756, 819, 1, 60.00, NULL),
(2606, 757, 819, 1, 44.00, NULL),
(2607, 758, 819, 1, 52.00, NULL),
(2608, 759, 819, 1, 76.00, NULL),
(2609, 761, 819, 1, 43.00, NULL),
(2610, 762, 819, 1, 69.00, NULL),
(2611, 763, 819, 1, 73.00, NULL),
(2612, 764, 819, 1, 88.00, NULL),
(2613, 765, 819, 1, 82.00, NULL),
(2614, 766, 819, 1, 66.00, NULL),
(2615, 767, 819, 1, 92.00, NULL),
(2616, 769, 819, 1, 64.00, NULL),
(2617, 768, 819, 1, 70.00, NULL),
(2618, 743, 820, 1, 79.00, NULL),
(2619, 744, 820, 1, 64.00, NULL),
(2620, 745, 820, 1, 86.00, NULL),
(2621, 746, 820, 1, 91.00, NULL),
(2622, 747, 820, 1, 76.00, NULL),
(2623, 748, 820, 1, 96.00, NULL),
(2624, 749, 820, 1, 93.00, NULL),
(2625, 750, 820, 1, 96.00, NULL),
(2626, 751, 820, 1, 69.00, NULL),
(2627, 752, 820, 1, 77.00, NULL),
(2628, 753, 820, 1, 71.00, NULL),
(2629, 754, 820, 1, 73.00, NULL),
(2630, 755, 820, 1, 62.00, NULL),
(2631, 756, 820, 1, 57.00, NULL),
(2632, 757, 820, 1, 53.00, NULL),
(2633, 758, 820, 1, 59.00, NULL),
(2634, 759, 820, 1, 72.00, NULL),
(2635, 761, 820, 1, 43.00, NULL),
(2636, 762, 820, 1, 77.00, NULL),
(2637, 763, 820, 1, 80.00, NULL),
(2638, 764, 820, 1, 87.00, NULL),
(2639, 765, 820, 1, 82.00, NULL),
(2640, 766, 820, 1, 73.00, NULL),
(2641, 767, 820, 1, 92.00, NULL),
(2642, 769, 820, 1, 72.00, NULL),
(2643, 768, 820, 1, 75.00, NULL),
(2650, 770, 813, 1, 81.00, NULL),
(2651, 771, 813, 1, 67.00, NULL),
(2652, 772, 813, 1, 47.00, NULL),
(2653, 773, 813, 1, 87.00, NULL),
(2654, 774, 813, 1, 63.00, NULL),
(2655, 775, 813, 1, 80.00, NULL),
(2657, 777, 813, 1, 63.00, NULL),
(2658, 778, 813, 1, 44.00, NULL),
(2659, 779, 813, 1, 85.00, NULL),
(2660, 780, 813, 1, 78.00, NULL),
(2661, 781, 813, 1, 79.00, NULL),
(2662, 782, 813, 1, 44.00, NULL),
(2663, 783, 813, 1, 55.00, NULL),
(2664, 784, 813, 1, 79.00, NULL),
(2665, 785, 813, 1, 52.00, NULL),
(2666, 786, 813, 1, 62.00, NULL),
(2667, 787, 813, 1, 84.00, NULL),
(2668, 788, 813, 1, 79.00, NULL),
(2670, 790, 813, 1, 61.00, NULL),
(2671, 791, 813, 1, 62.00, NULL),
(2672, 792, 813, 1, 48.00, NULL),
(2673, 793, 813, 1, 55.00, NULL),
(2674, 794, 813, 1, 57.00, NULL),
(2675, 795, 813, 1, 48.00, NULL),
(2724, 770, 814, 1, 67.00, NULL),
(2725, 771, 814, 1, 63.00, NULL),
(2726, 772, 814, 1, 44.00, NULL),
(2727, 773, 814, 1, 69.00, NULL),
(2728, 774, 814, 1, 71.00, NULL),
(2729, 775, 814, 1, 74.00, NULL),
(2731, 777, 814, 1, 58.00, NULL),
(2732, 778, 814, 1, 47.00, NULL),
(2733, 779, 814, 1, 82.00, NULL),
(2734, 780, 814, 1, 70.00, NULL),
(2735, 781, 814, 1, 77.00, NULL),
(2736, 782, 814, 1, 44.00, NULL),
(2737, 783, 814, 1, 53.00, NULL),
(2738, 784, 814, 1, 77.00, NULL),
(2739, 785, 814, 1, 59.00, NULL),
(2740, 786, 814, 1, 62.00, NULL),
(2741, 787, 814, 1, 79.00, NULL),
(2742, 788, 814, 1, 78.00, NULL),
(2744, 790, 814, 1, 66.00, NULL),
(2745, 791, 814, 1, 51.00, NULL),
(2746, 792, 814, 1, 52.00, NULL),
(2747, 793, 814, 1, 58.00, NULL),
(2748, 794, 814, 1, 62.00, NULL),
(2749, 795, 814, 1, 53.00, NULL),
(2774, 770, 816, 1, 74.00, NULL),
(2775, 771, 816, 1, 60.00, NULL),
(2776, 772, 816, 1, 53.00, NULL),
(2777, 773, 816, 1, 80.00, NULL),
(2778, 774, 816, 1, 71.00, NULL),
(2779, 775, 816, 1, 66.00, NULL),
(2781, 777, 816, 1, 53.00, NULL),
(2782, 778, 816, 1, 55.00, NULL),
(2783, 779, 816, 1, 84.00, NULL),
(2784, 780, 816, 1, 66.00, NULL),
(2785, 781, 816, 1, 74.00, NULL),
(2786, 782, 816, 1, 53.00, NULL),
(2787, 783, 816, 1, 60.00, NULL),
(2788, 784, 816, 1, 80.00, NULL),
(2789, 785, 816, 1, 60.00, NULL),
(2790, 786, 816, 1, 55.00, NULL),
(2791, 787, 816, 1, 75.00, NULL),
(2792, 788, 816, 1, 66.00, NULL),
(2794, 790, 816, 1, 59.00, NULL),
(2795, 791, 816, 1, 61.00, NULL),
(2796, 792, 816, 1, 55.00, NULL),
(2797, 793, 816, 1, 61.00, NULL),
(2798, 794, 816, 1, 55.00, NULL),
(2799, 795, 816, 1, 59.00, NULL),
(2848, 770, 817, 1, 66.00, NULL),
(2849, 771, 817, 1, 60.00, NULL),
(2850, 772, 817, 1, 45.00, NULL),
(2851, 773, 817, 1, 80.00, NULL),
(2852, 774, 817, 1, 71.00, NULL),
(2853, 775, 817, 1, 66.00, NULL),
(2855, 777, 817, 1, 60.00, NULL),
(2856, 778, 817, 1, 53.00, NULL),
(2857, 779, 817, 1, 80.00, NULL),
(2858, 780, 817, 1, 66.00, NULL),
(2859, 781, 817, 1, 74.00, NULL),
(2860, 782, 817, 1, 45.00, NULL),
(2861, 783, 817, 1, 54.00, NULL),
(2862, 784, 817, 1, 80.00, NULL),
(2863, 785, 817, 1, 60.00, NULL),
(2864, 786, 817, 1, 59.00, NULL),
(2865, 787, 817, 1, 74.00, NULL),
(2866, 788, 817, 1, 66.00, NULL),
(2868, 790, 817, 1, 53.00, NULL),
(2869, 791, 817, 1, 59.00, NULL),
(2870, 792, 817, 1, 53.00, NULL),
(2871, 793, 817, 1, 59.00, NULL),
(2872, 794, 817, 1, 63.00, NULL),
(2873, 795, 817, 1, 59.00, NULL),
(2898, 770, 818, 1, 77.00, NULL),
(2899, 771, 818, 1, 73.00, NULL),
(2900, 772, 818, 1, 47.00, NULL),
(2901, 773, 818, 1, 87.00, NULL),
(2902, 774, 818, 1, 71.00, NULL),
(2903, 775, 818, 1, 77.00, NULL),
(2905, 777, 818, 1, 58.00, NULL),
(2906, 778, 818, 1, 44.00, NULL),
(2907, 779, 818, 1, 87.00, NULL),
(2908, 780, 818, 1, 66.00, NULL),
(2909, 781, 818, 1, 84.00, NULL),
(2910, 782, 818, 1, 44.00, NULL),
(2911, 783, 818, 1, 59.00, NULL),
(2912, 784, 818, 1, 84.00, NULL),
(2913, 785, 818, 1, 59.00, NULL),
(2914, 786, 818, 1, 62.00, NULL),
(2915, 787, 818, 1, 84.00, NULL),
(2916, 788, 818, 1, 81.00, NULL),
(2918, 790, 818, 1, 62.00, NULL),
(2919, 791, 818, 1, 67.00, NULL),
(2920, 792, 818, 1, 54.00, NULL),
(2921, 793, 818, 1, 58.00, NULL),
(2922, 794, 818, 1, 62.00, NULL),
(2923, 795, 818, 1, 52.00, NULL),
(2972, 770, 819, 1, 75.00, NULL),
(2973, 771, 819, 1, 62.00, NULL),
(2974, 772, 819, 1, 57.00, NULL),
(2975, 773, 819, 1, 74.00, NULL),
(2976, 774, 819, 1, 61.00, NULL),
(2977, 775, 819, 1, 66.00, NULL),
(2979, 777, 819, 1, 55.00, NULL),
(2980, 778, 819, 1, 55.00, NULL),
(2981, 779, 819, 1, 74.00, NULL),
(2982, 780, 819, 1, 64.00, NULL),
(2983, 781, 819, 1, 66.00, NULL),
(2984, 782, 819, 1, 55.00, NULL),
(2985, 783, 819, 1, 60.00, NULL),
(2986, 784, 819, 1, 66.00, NULL),
(2987, 785, 819, 1, 58.00, NULL),
(2988, 786, 819, 1, 59.00, NULL),
(2989, 787, 819, 1, 74.00, NULL),
(2990, 788, 819, 1, 66.00, NULL),
(2992, 790, 819, 1, 59.00, NULL),
(2993, 791, 819, 1, 63.00, NULL),
(2994, 792, 819, 1, 59.00, NULL),
(2995, 793, 819, 1, 55.00, NULL),
(2996, 794, 819, 1, 59.00, NULL),
(2997, 795, 819, 1, 56.00, NULL),
(3022, 770, 820, 1, 77.00, NULL),
(3023, 771, 820, 1, 73.00, NULL),
(3024, 772, 820, 1, 44.00, NULL),
(3025, 773, 820, 1, 85.00, NULL),
(3026, 774, 820, 1, 72.00, NULL),
(3027, 775, 820, 1, 77.00, NULL),
(3029, 777, 820, 1, 72.00, NULL),
(3030, 778, 820, 1, 47.00, NULL),
(3031, 779, 820, 1, 85.00, NULL),
(3032, 780, 820, 1, 77.00, NULL),
(3033, 781, 820, 1, 74.00, NULL),
(3034, 782, 820, 1, 44.00, NULL),
(3035, 783, 820, 1, 63.00, NULL),
(3036, 784, 820, 1, 87.00, NULL),
(3037, 785, 820, 1, 59.00, NULL),
(3038, 786, 820, 1, 62.00, NULL),
(3039, 787, 820, 1, 81.00, NULL),
(3040, 788, 820, 1, 74.00, NULL),
(3042, 790, 820, 1, 58.00, NULL),
(3043, 791, 820, 1, 52.00, NULL),
(3044, 792, 820, 1, 52.00, NULL),
(3045, 793, 820, 1, 58.00, NULL),
(3046, 794, 820, 1, 62.00, NULL),
(3047, 795, 820, 1, 60.00, NULL),
(3072, 743, 815, 1, 75.00, NULL),
(3073, 744, 815, 1, 85.00, NULL),
(3074, 745, 815, 1, 80.00, NULL),
(3075, 746, 815, 1, 85.00, NULL),
(3076, 747, 815, 1, 65.00, NULL),
(3077, 748, 815, 1, 90.00, NULL),
(3078, 749, 815, 1, 85.00, NULL),
(3079, 750, 815, 1, 85.00, NULL),
(3080, 751, 815, 1, 70.00, NULL),
(3081, 752, 815, 1, 85.00, NULL),
(3082, 753, 815, 1, 90.00, NULL),
(3083, 754, 815, 1, 80.00, NULL),
(3084, 755, 815, 1, 70.00, NULL),
(3085, 756, 815, 1, 60.00, NULL),
(3086, 757, 815, 1, 60.00, NULL),
(3087, 758, 815, 1, 60.00, NULL),
(3088, 759, 815, 1, 90.00, NULL),
(3089, 761, 815, 1, 52.00, NULL),
(3090, 762, 815, 1, 75.00, NULL),
(3091, 763, 815, 1, 70.00, NULL),
(3092, 764, 815, 1, 85.00, NULL),
(3093, 765, 815, 1, 90.00, NULL),
(3094, 766, 815, 1, 60.00, NULL),
(3095, 767, 815, 1, 90.00, NULL),
(3096, 769, 815, 1, 75.00, NULL),
(3097, 768, 815, 1, 80.00, NULL),
(3098, 770, 815, 1, 90.00, NULL),
(3099, 771, 815, 1, 75.00, NULL),
(3100, 772, 815, 1, 52.00, NULL),
(3101, 773, 815, 1, 85.00, NULL),
(3102, 774, 815, 1, 90.00, NULL),
(3103, 775, 815, 1, 85.00, NULL),
(3104, 777, 815, 1, 75.00, NULL),
(3105, 778, 815, 1, 80.00, NULL),
(3106, 779, 815, 1, 90.00, NULL),
(3107, 780, 815, 1, 85.00, NULL),
(3108, 781, 815, 1, 70.00, NULL),
(3109, 782, 815, 1, 52.00, NULL),
(3110, 783, 815, 1, 85.00, NULL),
(3111, 784, 815, 1, 90.00, NULL),
(3112, 785, 815, 1, 80.00, NULL),
(3113, 786, 815, 1, 80.00, NULL),
(3114, 787, 815, 1, 90.00, NULL),
(3115, 788, 815, 1, 85.00, NULL),
(3116, 790, 815, 1, 80.00, NULL),
(3117, 791, 815, 1, 80.00, NULL),
(3118, 792, 815, 1, 75.00, NULL),
(3119, 793, 815, 1, 80.00, NULL),
(3120, 794, 815, 1, 80.00, NULL),
(3121, 795, 815, 1, 65.00, NULL),
(3122, 796, 815, 1, 90.00, NULL),
(3123, 797, 815, 1, 90.00, NULL),
(3124, 798, 815, 1, 85.00, NULL),
(3125, 799, 815, 1, 85.00, NULL),
(3126, 800, 815, 1, 90.00, NULL),
(3127, 801, 815, 1, 90.00, NULL),
(3128, 802, 815, 1, 90.00, NULL),
(3129, 803, 815, 1, 70.00, NULL),
(3130, 804, 815, 1, 70.00, NULL),
(3131, 805, 815, 1, 90.00, NULL),
(3132, 806, 815, 1, 80.00, NULL),
(3133, 807, 815, 1, 90.00, NULL),
(3134, 808, 815, 1, 85.00, NULL),
(3135, 809, 815, 1, 85.00, NULL),
(3136, 810, 815, 1, 70.00, NULL),
(3137, 812, 815, 1, 85.00, NULL),
(3138, 813, 815, 1, 90.00, NULL),
(3139, 814, 815, 1, 85.00, NULL),
(3140, 815, 815, 1, 90.00, NULL),
(3141, 816, 815, 1, 90.00, NULL),
(3142, 817, 815, 1, 85.00, NULL),
(3143, 818, 815, 1, 90.00, NULL),
(3144, 819, 815, 1, 80.00, NULL),
(3145, 820, 815, 1, 90.00, NULL),
(3146, 821, 815, 1, 90.00, NULL),
(3147, 822, 815, 1, 90.00, NULL),
(3148, 823, 815, 1, 90.00, NULL),
(3149, 843, 815, 1, 90.00, NULL),
(3150, 844, 815, 1, 60.00, NULL),
(3151, 845, 815, 1, 75.00, NULL),
(3152, 846, 815, 1, 90.00, NULL),
(3153, 847, 815, 1, 90.00, NULL),
(3154, 848, 815, 1, 70.00, NULL),
(3155, 849, 815, 1, 70.00, NULL),
(3156, 850, 815, 1, 60.00, NULL),
(3157, 851, 815, 1, 85.00, NULL),
(3158, 827, 815, 1, 90.00, NULL),
(3159, 828, 815, 1, 70.00, NULL),
(3160, 829, 815, 1, 65.00, NULL),
(3161, 830, 815, 1, 85.00, NULL),
(3162, 831, 815, 1, 70.00, NULL),
(3163, 832, 815, 1, 90.00, NULL),
(3164, 833, 815, 1, 85.00, NULL),
(3165, 834, 815, 1, 85.00, NULL),
(3166, 835, 815, 1, 90.00, NULL),
(3167, 836, 815, 1, 75.00, NULL),
(3168, 837, 815, 1, 70.00, NULL),
(3169, 838, 815, 1, 85.00, NULL),
(3170, 839, 815, 1, 65.00, NULL),
(3171, 840, 815, 1, 60.00, NULL),
(3172, 841, 815, 1, 90.00, NULL),
(3173, 842, 815, 1, 80.00, NULL),
(3174, 859, 815, 1, 70.00, NULL),
(3175, 860, 815, 1, 85.00, NULL),
(3176, 861, 815, 1, 85.00, NULL),
(3177, 862, 815, 1, 85.00, NULL),
(3178, 863, 815, 1, 90.00, NULL),
(3179, 864, 815, 1, 85.00, NULL),
(3180, 865, 815, 1, 80.00, NULL),
(3181, 866, 815, 1, 75.00, NULL),
(3182, 867, 815, 1, 85.00, NULL),
(3183, 868, 815, 1, 90.00, NULL),
(3184, 858, 815, 1, 89.00, NULL),
(3185, 869, 815, 1, 90.00, NULL),
(3186, 870, 815, 1, 85.00, NULL),
(3187, 871, 815, 1, 90.00, NULL),
(3188, 872, 815, 1, 75.00, NULL),
(3189, 873, 815, 1, 90.00, NULL),
(3190, 874, 815, 1, 90.00, NULL),
(3191, 875, 815, 1, 90.00, NULL),
(3192, 876, 815, 1, 60.00, NULL),
(3193, 877, 815, 1, 90.00, NULL),
(3194, 878, 815, 1, 85.00, NULL),
(3195, 879, 815, 1, 90.00, NULL),
(3196, 880, 815, 1, 85.00, NULL),
(3197, 881, 815, 1, 80.00, NULL),
(3198, 883, 815, 1, 90.00, NULL),
(3199, 884, 815, 1, 80.00, NULL),
(3200, 882, 815, 1, 85.00, NULL),
(3201, 885, 815, 1, 75.00, NULL),
(3202, 889, 815, 1, 80.00, NULL),
(3203, 890, 815, 1, 80.00, NULL),
(3204, 891, 815, 1, 80.00, NULL),
(3205, 892, 815, 1, 80.00, NULL),
(3206, 893, 815, 1, 80.00, NULL),
(3207, 894, 815, 1, 85.00, NULL),
(3208, 895, 815, 1, 80.00, NULL),
(3209, 896, 815, 1, 90.00, NULL),
(3210, 897, 815, 1, 85.00, NULL),
(3211, 898, 815, 1, 80.00, NULL),
(3212, 899, 815, 1, 90.00, NULL),
(3213, 900, 815, 1, 65.00, NULL),
(3214, 901, 815, 1, 80.00, NULL),
(3215, 902, 815, 1, 80.00, NULL),
(3216, 903, 815, 1, 85.00, NULL),
(3217, 904, 815, 1, 75.00, NULL),
(3218, 905, 815, 1, 52.00, NULL),
(3219, 906, 815, 1, 90.00, NULL),
(3220, 907, 815, 1, 80.00, NULL),
(3221, 908, 815, 1, 58.00, NULL),
(3222, 909, 815, 1, 90.00, NULL),
(3223, 910, 815, 1, 80.00, NULL),
(3224, 911, 815, 1, 85.00, NULL),
(3225, 912, 815, 1, 90.00, NULL),
(3226, 913, 815, 1, 90.00, NULL),
(3227, 914, 815, 1, 90.00, NULL),
(3228, 915, 815, 1, 80.00, NULL),
(3229, 916, 815, 1, 75.00, NULL),
(3230, 920, 815, 1, 90.00, NULL),
(3231, 921, 815, 1, 70.00, NULL),
(3232, 922, 815, 1, 90.00, NULL),
(3233, 923, 815, 1, 90.00, NULL),
(3234, 924, 815, 1, 85.00, NULL),
(3235, 925, 815, 1, 80.00, NULL),
(3236, 926, 815, 1, 90.00, NULL),
(3237, 927, 815, 1, 85.00, NULL),
(3238, 928, 815, 1, 85.00, NULL),
(3239, 930, 815, 1, 80.00, NULL),
(3240, 931, 815, 1, 90.00, NULL),
(3241, 932, 815, 1, 80.00, NULL),
(3242, 933, 815, 1, 80.00, NULL),
(3243, 934, 815, 1, 90.00, NULL),
(3244, 935, 815, 1, 80.00, NULL),
(3245, 936, 815, 1, 75.00, NULL),
(3246, 937, 815, 1, 85.00, NULL),
(3247, 938, 815, 1, 90.00, NULL),
(3248, 939, 815, 1, 85.00, NULL),
(3249, 940, 815, 1, 90.00, NULL),
(3250, 941, 815, 1, 90.00, NULL),
(3251, 942, 815, 1, 85.00, NULL),
(3252, 943, 815, 1, 90.00, NULL),
(3253, 944, 815, 1, 90.00, NULL),
(3254, 951, 815, 1, 85.00, NULL),
(3255, 952, 815, 1, 90.00, NULL),
(3256, 953, 815, 1, 80.00, NULL),
(3257, 954, 815, 1, 90.00, NULL),
(3258, 955, 815, 1, 90.00, NULL),
(3259, 956, 815, 1, 80.00, NULL),
(3260, 957, 815, 1, 90.00, NULL),
(3261, 958, 815, 1, 90.00, NULL),
(3262, 959, 815, 1, 90.00, NULL),
(3263, 960, 815, 1, 90.00, NULL),
(3264, 961, 815, 1, 85.00, NULL),
(3265, 962, 815, 1, 75.00, NULL),
(3266, 963, 815, 1, 80.00, NULL),
(3267, 964, 815, 1, 90.00, NULL),
(3268, 965, 815, 1, 85.00, NULL),
(3269, 966, 815, 1, 85.00, NULL),
(3270, 967, 815, 1, 90.00, NULL),
(3271, 969, 815, 1, 85.00, NULL),
(3272, 970, 815, 1, 90.00, NULL),
(3273, 971, 815, 1, 90.00, NULL),
(3274, 972, 815, 1, 80.00, NULL),
(3275, 973, 815, 1, 90.00, NULL),
(3276, 974, 815, 1, 90.00, NULL),
(3277, 975, 815, 1, 90.00, NULL),
(3278, 976, 815, 1, 90.00, NULL),
(3279, 982, 815, 1, 85.00, NULL),
(3280, 983, 815, 1, 90.00, NULL),
(3281, 984, 815, 1, 56.00, NULL),
(3282, 985, 815, 1, 90.00, NULL),
(3283, 986, 815, 1, 90.00, NULL),
(3284, 987, 815, 1, 90.00, NULL),
(3285, 988, 815, 1, 90.00, NULL),
(3286, 989, 815, 1, 90.00, NULL),
(3287, 990, 815, 1, 90.00, NULL),
(3288, 991, 815, 1, 90.00, NULL),
(3289, 992, 815, 1, 70.00, NULL),
(3290, 993, 815, 1, 80.00, NULL),
(3291, 994, 815, 1, 90.00, NULL),
(3292, 995, 815, 1, 85.00, NULL),
(3293, 996, 815, 1, 90.00, NULL),
(3294, 997, 815, 1, 56.00, NULL),
(3295, 998, 815, 1, 85.00, NULL),
(3296, 999, 815, 1, 60.00, NULL),
(3297, 1000, 815, 1, 90.00, NULL),
(3298, 1001, 815, 1, 80.00, NULL),
(3299, 1002, 815, 1, 90.00, NULL),
(3300, 1003, 815, 1, 85.00, NULL),
(3301, 1004, 815, 1, 85.00, NULL),
(3302, 1005, 815, 1, 60.00, NULL),
(3327, 1013, 815, 1, 85.00, NULL),
(3328, 1014, 815, 1, 85.00, NULL),
(3329, 1015, 815, 1, 85.00, NULL),
(3330, 1016, 815, 1, 90.00, NULL),
(3331, 1017, 815, 1, 90.00, NULL),
(3332, 1018, 815, 1, 80.00, NULL),
(3333, 1019, 815, 1, 90.00, NULL),
(3334, 1020, 815, 1, 90.00, NULL),
(3335, 1021, 815, 1, 90.00, NULL),
(3336, 1022, 815, 1, 90.00, NULL),
(3337, 1023, 815, 1, 90.00, NULL),
(3338, 1024, 815, 1, 90.00, NULL),
(3339, 1025, 815, 1, 90.00, NULL),
(3340, 1026, 815, 1, 90.00, NULL),
(3341, 1027, 815, 1, 90.00, NULL),
(3342, 1028, 815, 1, 52.00, NULL),
(3343, 1029, 815, 1, 52.00, NULL),
(3344, 1030, 815, 1, 90.00, NULL),
(3345, 1031, 815, 1, 60.00, NULL),
(3346, 1032, 815, 1, 90.00, NULL),
(3347, 1033, 815, 1, 85.00, NULL),
(3348, 1034, 815, 1, 80.00, NULL),
(3349, 1035, 815, 1, 90.00, NULL),
(3350, 1044, 815, 1, 85.00, NULL),
(3351, 1045, 815, 1, 90.00, NULL),
(3352, 1046, 815, 1, 90.00, NULL),
(3353, 1047, 815, 1, 90.00, NULL),
(3354, 1048, 815, 1, 85.00, NULL),
(3355, 1049, 815, 1, 90.00, NULL),
(3356, 1050, 815, 1, 90.00, NULL),
(3357, 1051, 815, 1, 90.00, NULL),
(3358, 1052, 815, 1, 90.00, NULL),
(3359, 1053, 815, 1, 90.00, NULL),
(3360, 1054, 815, 1, 90.00, NULL),
(3361, 1055, 815, 1, 80.00, NULL),
(3362, 1056, 815, 1, 80.00, NULL),
(3363, 1057, 815, 1, 90.00, NULL),
(3364, 1059, 815, 1, 90.00, NULL),
(3365, 1060, 815, 1, 90.00, NULL),
(3366, 1061, 815, 1, 90.00, NULL),
(3367, 1062, 815, 1, 85.00, NULL),
(3368, 1063, 815, 1, 90.00, NULL),
(3369, 1064, 815, 1, 85.00, NULL),
(3370, 1065, 815, 1, 80.00, NULL),
(3371, 1066, 815, 1, 85.00, NULL),
(3372, 1067, 815, 1, 85.00, NULL),
(3373, 1068, 815, 1, 85.00, NULL),
(3374, 1069, 815, 1, 90.00, NULL),
(3375, 1070, 815, 1, 80.00, NULL),
(3376, 1071, 815, 1, 80.00, NULL),
(3377, 1072, 815, 1, 80.00, NULL),
(3378, 1073, 815, 1, 85.00, NULL),
(3379, 1074, 815, 1, 85.00, NULL),
(3380, 1075, 815, 1, 70.00, NULL),
(3381, 1076, 815, 1, 90.00, NULL),
(3382, 1077, 815, 1, 85.00, NULL),
(3383, 1078, 815, 1, 60.00, NULL),
(3384, 1079, 815, 1, 90.00, NULL),
(3420, 1107, 815, 1, 90.00, NULL),
(3421, 1108, 815, 1, 85.00, NULL),
(3422, 1109, 815, 1, 90.00, NULL),
(3423, 1110, 815, 1, 90.00, NULL),
(3424, 1111, 815, 1, 85.00, NULL),
(3425, 1112, 815, 1, 70.00, NULL),
(3426, 1113, 815, 1, 85.00, NULL),
(3427, 1114, 815, 1, 90.00, NULL),
(3428, 1115, 815, 1, 90.00, NULL),
(3429, 1116, 815, 1, 80.00, NULL),
(3430, 1117, 815, 1, 85.00, NULL),
(3431, 1118, 815, 1, 60.00, NULL),
(3432, 1119, 815, 1, 90.00, NULL),
(3433, 1120, 815, 1, 85.00, NULL),
(3434, 1121, 815, 1, 90.00, NULL),
(3435, 1122, 815, 1, 90.00, NULL),
(3436, 1123, 815, 1, 90.00, NULL),
(3437, 1124, 815, 1, 85.00, NULL),
(3438, 1125, 815, 1, 52.00, NULL),
(3439, 1126, 815, 1, 90.00, NULL),
(3440, 1127, 815, 1, 90.00, NULL),
(3441, 1128, 815, 1, 85.00, NULL),
(3442, 1129, 815, 1, 80.00, NULL),
(3443, 1130, 815, 1, 90.00, NULL),
(3444, 1132, 815, 1, 90.00, NULL),
(3445, 1133, 815, 1, 90.00, NULL),
(3446, 1134, 815, 1, 90.00, NULL),
(3447, 1135, 815, 1, 80.00, NULL),
(3448, 1136, 815, 1, 90.00, NULL),
(3449, 1137, 815, 1, 90.00, NULL),
(3450, 1138, 815, 1, 90.00, NULL),
(3451, 1140, 815, 1, 85.00, NULL),
(3452, 1141, 815, 1, 85.00, NULL),
(3453, 1233, 836, 1, 90.00, NULL),
(3454, 1234, 836, 1, 90.00, NULL),
(3455, 1235, 836, 1, 90.00, NULL),
(3456, 1236, 836, 1, 90.00, NULL),
(3457, 1237, 836, 1, 90.00, NULL),
(3458, 1238, 836, 1, 80.00, NULL),
(3459, 1239, 836, 1, 90.00, NULL),
(3460, 1240, 836, 1, 90.00, NULL),
(3461, 1241, 836, 1, 80.00, NULL),
(3462, 1242, 836, 1, 56.00, NULL),
(3463, 1243, 836, 1, 65.00, NULL),
(3464, 1244, 836, 1, 85.00, NULL),
(3465, 1245, 836, 1, 52.00, NULL),
(3466, 1246, 836, 1, 90.00, NULL),
(3467, 1247, 836, 1, 90.00, NULL),
(3468, 1248, 836, 1, 85.00, NULL),
(3469, 1249, 836, 1, 90.00, NULL),
(3470, 1250, 836, 1, 90.00, NULL),
(3471, 1251, 836, 1, 90.00, NULL),
(3472, 1252, 836, 1, 85.00, NULL),
(3473, 1253, 836, 1, 90.00, NULL),
(3474, 1254, 836, 1, 90.00, NULL),
(3475, 1255, 836, 1, 85.00, NULL),
(3476, 1256, 836, 1, 90.00, NULL),
(3477, 1258, 836, 1, 90.00, NULL),
(3478, 1259, 836, 1, 90.00, NULL),
(3479, 1260, 836, 1, 90.00, NULL),
(3480, 1261, 836, 1, 90.00, NULL),
(3481, 1262, 836, 1, 80.00, NULL),
(3482, 1263, 836, 1, 85.00, NULL),
(3483, 1264, 836, 1, 90.00, NULL),
(3484, 1265, 836, 1, 90.00, NULL),
(3485, 1266, 836, 1, 90.00, NULL),
(3486, 1267, 836, 1, 85.00, NULL),
(3521, 951, 813, 1, 53.00, NULL),
(3522, 952, 813, 1, 67.00, NULL),
(3523, 953, 813, 1, 36.00, NULL),
(3524, 954, 813, 1, 59.00, NULL),
(3525, 955, 813, 1, 59.00, NULL),
(3526, 956, 813, 1, 37.00, NULL),
(3527, 957, 813, 1, 51.00, NULL),
(3528, 958, 813, 1, 63.00, NULL),
(3529, 959, 813, 1, 64.00, NULL),
(3530, 960, 813, 1, 67.00, NULL),
(3531, 961, 813, 1, 47.00, NULL),
(3532, 962, 813, 1, 51.00, NULL),
(3533, 963, 813, 1, 65.00, NULL),
(3534, 964, 813, 1, 62.00, NULL),
(3535, 965, 813, 1, 71.00, NULL),
(3536, 966, 813, 1, 51.00, NULL),
(3537, 967, 813, 1, 76.00, NULL),
(3538, 968, 813, 1, 39.00, NULL),
(3539, 969, 813, 1, 64.00, NULL),
(3540, 970, 813, 1, 93.00, NULL),
(3541, 971, 813, 1, 89.00, NULL),
(3542, 972, 813, 1, 42.00, NULL),
(3543, 973, 813, 1, 76.00, NULL),
(3544, 974, 813, 1, 89.00, NULL),
(3545, 975, 813, 1, 54.00, NULL),
(3546, 976, 813, 1, 61.00, NULL),
(3547, 977, 813, 1, 51.00, NULL),
(3548, 982, 813, 1, 70.00, NULL),
(3549, 983, 813, 1, 76.00, NULL),
(3550, 984, 813, 1, 55.00, NULL),
(3551, 985, 813, 1, 87.00, NULL),
(3552, 986, 813, 1, 58.00, NULL),
(3553, 987, 813, 1, 51.00, NULL),
(3554, 988, 813, 1, 74.00, NULL),
(3555, 989, 813, 1, 86.00, NULL),
(3556, 990, 813, 1, 68.00, NULL),
(3557, 991, 813, 1, 58.00, NULL),
(3558, 992, 813, 1, 52.00, NULL),
(3559, 993, 813, 1, 66.00, NULL),
(3560, 994, 813, 1, 91.00, NULL),
(3561, 995, 813, 1, 83.00, NULL),
(3562, 996, 813, 1, 70.00, NULL),
(3563, 997, 813, 1, 41.00, NULL),
(3564, 998, 813, 1, 58.00, NULL),
(3565, 999, 813, 1, 36.00, NULL),
(3566, 1000, 813, 1, 56.00, NULL),
(3567, 1001, 813, 1, 48.00, NULL),
(3568, 1002, 813, 1, 80.00, NULL),
(3569, 1003, 813, 1, 45.00, NULL),
(3570, 1004, 813, 1, 84.00, NULL),
(3571, 1005, 813, 1, 54.00, NULL),
(3572, 1170, 836, 1, 80.00, NULL),
(3573, 1171, 836, 1, 80.00, NULL),
(3574, 1172, 836, 1, 85.00, NULL),
(3575, 1173, 836, 1, 85.00, NULL),
(3576, 1174, 836, 1, 85.00, NULL),
(3577, 1175, 836, 1, 70.00, NULL),
(3578, 1176, 836, 1, 90.00, NULL),
(3579, 1177, 836, 1, 85.00, NULL),
(3580, 1178, 836, 1, 85.00, NULL),
(3581, 1179, 836, 1, 85.00, NULL),
(3582, 1180, 836, 1, 85.00, NULL),
(3583, 1181, 836, 1, 90.00, NULL),
(3584, 1182, 836, 1, 85.00, NULL),
(3585, 1183, 836, 1, 90.00, NULL),
(3586, 1184, 836, 1, 90.00, NULL),
(3587, 1185, 836, 1, 90.00, NULL),
(3588, 1186, 836, 1, 85.00, NULL),
(3589, 1187, 836, 1, 60.00, NULL),
(3590, 1188, 836, 1, 85.00, NULL),
(3591, 1189, 836, 1, 90.00, NULL),
(3592, 1190, 836, 1, 90.00, NULL),
(3593, 1191, 836, 1, 75.00, NULL),
(3594, 1192, 836, 1, 85.00, NULL),
(3595, 1193, 836, 1, 90.00, NULL),
(3596, 1194, 836, 1, 90.00, NULL),
(3597, 1195, 836, 1, 80.00, NULL),
(3598, 1196, 836, 1, 60.00, NULL),
(3599, 1197, 836, 1, 90.00, NULL),
(3600, 1198, 836, 1, 52.00, NULL),
(3601, 1199, 836, 1, 80.00, NULL),
(3602, 1200, 836, 1, 85.00, NULL),
(3603, 1201, 836, 1, 85.00, NULL),
(3604, 1202, 836, 1, 75.00, NULL),
(3605, 1203, 836, 1, 90.00, NULL),
(3606, 1204, 836, 1, 75.00, NULL),
(3607, 1205, 836, 1, 90.00, NULL),
(3608, 1206, 836, 1, 90.00, NULL),
(3630, 765, 967, 1, 73.00, NULL),
(3646, 782, 967, 1, 45.00, NULL),
(3659, 796, 967, 1, 45.00, NULL),
(3661, 798, 967, 1, 45.00, NULL),
(3673, 810, 967, 1, 45.00, NULL),
(3674, 811, 967, 1, 45.00, NULL),
(3736, 839, 967, 1, 45.00, NULL),
(3771, 865, 967, 1, 45.00, NULL),
(3772, 866, 967, 1, 45.00, NULL),
(3781, 874, 967, 1, 45.00, NULL),
(3783, 876, 967, 1, 45.00, NULL),
(3789, 883, 967, 1, 45.00, NULL),
(3824, 892, 967, 1, 45.00, NULL),
(3827, 895, 967, 1, 45.00, NULL),
(3832, 900, 967, 1, 45.00, NULL),
(3837, 905, 967, 1, 45.00, NULL),
(3839, 907, 967, 1, 45.00, NULL),
(3860, 962, 967, 1, 45.00, NULL),
(3866, 968, 967, 1, 15.00, NULL),
(3876, 1013, 967, 1, 45.00, NULL),
(4002, 1170, 835, 1, 57.00, NULL),
(4003, 1171, 835, 1, 52.00, NULL),
(4004, 1172, 835, 1, 51.00, NULL),
(4005, 1173, 835, 1, 61.00, NULL),
(4006, 1174, 835, 1, 84.00, NULL),
(4007, 1175, 835, 1, 42.00, NULL),
(4008, 1176, 835, 1, 56.00, NULL),
(4009, 1177, 835, 1, 52.00, NULL),
(4010, 1178, 835, 1, 47.00, NULL),
(4011, 1179, 835, 1, 54.00, NULL),
(4012, 1180, 835, 1, 68.00, NULL),
(4013, 1181, 835, 1, 57.00, NULL),
(4014, 1182, 835, 1, 78.00, NULL),
(4015, 1183, 835, 1, 61.00, NULL),
(4016, 1184, 835, 1, 54.00, NULL),
(4017, 1185, 835, 1, 80.00, NULL),
(4018, 1186, 835, 1, 53.00, NULL),
(4019, 1187, 835, 1, 47.00, NULL),
(4020, 1188, 835, 1, 55.00, NULL),
(4021, 1189, 835, 1, 75.00, NULL),
(4022, 1190, 835, 1, 63.00, NULL),
(4023, 1191, 835, 1, 47.00, NULL),
(4024, 1192, 835, 1, 55.00, NULL),
(4025, 1193, 835, 1, 57.00, NULL),
(4026, 1194, 835, 1, 82.00, NULL),
(4027, 1195, 835, 1, 51.00, NULL),
(4028, 1196, 835, 1, 51.00, NULL),
(4029, 1197, 835, 1, 91.00, NULL),
(4030, 1198, 835, 1, 46.00, NULL),
(4031, 1199, 835, 1, 57.00, NULL),
(4032, 1200, 835, 1, 72.00, NULL),
(4033, 1201, 835, 1, 56.00, NULL),
(4034, 1202, 835, 1, 55.00, NULL),
(4035, 1203, 835, 1, 51.00, NULL),
(4036, 1204, 835, 1, 60.00, NULL),
(4037, 1205, 835, 1, 51.00, NULL),
(4038, 1206, 835, 1, 52.00, NULL),
(4076, 1296, 851, 1, 52.00, NULL),
(4077, 1297, 851, 1, 54.00, NULL),
(4078, 1298, 851, 1, 62.00, NULL),
(4079, 1299, 851, 1, 44.00, NULL),
(4080, 1300, 851, 1, 61.00, NULL),
(4081, 1301, 851, 1, 40.00, NULL),
(4082, 1302, 851, 1, 72.00, NULL),
(4083, 1303, 851, 1, 73.00, NULL),
(4084, 1304, 851, 1, 52.00, NULL),
(4085, 1305, 851, 1, 58.00, NULL),
(4086, 1306, 851, 1, 51.00, NULL),
(4087, 1307, 851, 1, 51.00, NULL),
(4088, 1308, 851, 1, 45.00, NULL),
(4089, 1309, 851, 1, 65.00, NULL),
(4090, 1310, 851, 1, 56.00, NULL),
(4091, 1311, 851, 1, 52.00, NULL),
(4092, 1312, 851, 1, 41.00, NULL),
(4093, 1313, 851, 1, 44.00, NULL),
(4094, 1314, 851, 1, 52.00, NULL),
(4095, 1315, 851, 1, 82.00, NULL),
(4096, 1316, 851, 1, 60.00, NULL),
(4097, 1317, 851, 1, 51.00, NULL),
(4098, 1318, 851, 1, 77.00, NULL),
(4099, 1319, 851, 1, 90.00, NULL),
(4100, 1320, 851, 1, 44.00, NULL),
(4101, 1321, 851, 1, 44.00, NULL),
(4102, 1322, 851, 1, 58.00, NULL),
(4103, 1323, 851, 1, 65.00, NULL),
(4104, 1324, 851, 1, 44.00, NULL),
(4105, 1358, 868, 1, 40.00, NULL),
(4106, 1359, 868, 1, 62.00, NULL),
(4107, 1360, 868, 1, 70.00, NULL),
(4108, 1361, 868, 1, 73.00, NULL),
(4109, 1362, 868, 1, 60.00, NULL),
(4110, 1363, 868, 1, 42.00, NULL),
(4111, 1364, 868, 1, 84.00, NULL),
(4112, 1365, 868, 1, 43.00, NULL),
(4113, 1366, 868, 1, 61.00, NULL),
(4114, 1367, 868, 1, 52.00, NULL),
(4115, 1368, 868, 1, 88.00, NULL),
(4116, 1369, 868, 1, 49.00, NULL),
(4117, 1370, 868, 1, 58.00, NULL),
(4118, 1371, 868, 1, 82.00, NULL),
(4119, 1372, 868, 1, 54.00, NULL),
(4120, 1373, 868, 1, 53.00, NULL),
(4121, 1374, 868, 1, 55.00, NULL),
(4122, 1375, 868, 1, 46.00, NULL),
(4123, 1376, 868, 1, 49.00, NULL),
(4124, 1377, 868, 1, 78.00, NULL),
(4125, 1378, 868, 1, 60.00, NULL),
(4126, 1379, 868, 1, 73.00, NULL),
(4127, 1380, 868, 1, 44.00, NULL),
(4128, 1381, 868, 1, 80.00, NULL),
(4129, 1382, 868, 1, 58.00, NULL),
(4130, 1383, 868, 1, 64.00, NULL),
(4131, 1384, 868, 1, 74.00, NULL),
(4132, 1385, 868, 1, 94.00, NULL),
(4133, 1482, 920, 1, 66.00, NULL),
(4134, 1483, 920, 1, 51.00, NULL),
(4135, 1484, 920, 1, 55.00, NULL),
(4136, 1485, 920, 1, 56.00, NULL),
(4137, 1486, 920, 1, 60.00, NULL),
(4138, 1487, 920, 1, 73.00, NULL),
(4139, 1488, 920, 1, 75.00, NULL),
(4140, 1489, 920, 1, 80.00, NULL),
(4141, 1490, 920, 1, 66.00, NULL),
(4142, 1491, 920, 1, 46.00, NULL),
(4143, 1492, 920, 1, 63.00, NULL),
(4144, 1493, 920, 1, 54.00, NULL),
(4145, 1494, 920, 1, 41.00, NULL),
(4146, 1495, 920, 1, 55.00, NULL),
(4147, 1496, 920, 1, 62.00, NULL),
(4148, 1497, 920, 1, 51.00, NULL),
(4149, 1498, 920, 1, 68.00, NULL),
(4150, 1499, 920, 1, 64.00, NULL),
(4151, 1500, 920, 1, 49.00, NULL),
(4152, 1501, 920, 1, 72.00, NULL),
(4153, 1502, 920, 1, 53.00, NULL),
(4154, 1503, 920, 1, 63.00, NULL),
(4155, 1504, 920, 1, 52.00, NULL),
(4156, 1505, 920, 1, 82.00, NULL),
(4157, 1506, 920, 1, 54.00, NULL),
(4158, 1507, 920, 1, 54.00, NULL),
(4159, 1508, 920, 1, 61.00, NULL),
(4160, 1509, 920, 1, 63.00, NULL),
(4161, 1510, 920, 1, 62.00, NULL),
(4162, 1511, 920, 1, 75.00, NULL),
(4163, 1512, 920, 1, 64.00, NULL),
(4164, 1513, 920, 1, 65.00, NULL),
(4165, 1545, 935, 1, 45.00, NULL),
(4166, 1546, 935, 1, 78.00, NULL),
(4167, 1547, 935, 1, 49.00, NULL),
(4168, 1548, 935, 1, 68.00, NULL),
(4169, 1549, 935, 1, 78.00, NULL),
(4170, 1550, 935, 1, 48.00, NULL),
(4171, 1551, 935, 1, 64.00, NULL),
(4172, 1552, 935, 1, 76.00, NULL),
(4173, 1553, 935, 1, 58.00, NULL),
(4174, 1554, 935, 1, 66.00, NULL),
(4175, 1555, 935, 1, 62.00, NULL),
(4176, 1556, 935, 1, 41.00, NULL),
(4177, 1557, 935, 1, 52.00, NULL),
(4178, 1558, 935, 1, 75.00, NULL),
(4179, 1559, 935, 1, 83.00, NULL),
(4180, 1560, 935, 1, 56.00, NULL),
(4181, 1562, 935, 1, 62.00, NULL),
(4182, 1563, 935, 1, 51.00, NULL),
(4183, 1564, 935, 1, 81.00, NULL),
(4184, 1565, 935, 1, 44.00, NULL),
(4185, 1566, 935, 1, 66.00, NULL),
(4186, 1567, 935, 1, 74.00, NULL),
(4187, 1568, 935, 1, 73.00, NULL),
(4188, 1569, 935, 1, 77.00, NULL),
(4189, 1570, 935, 1, 82.00, NULL),
(4190, 1571, 935, 1, 78.00, NULL),
(4191, 1578, 950, 1, 45.00, NULL),
(4192, 1579, 950, 1, 52.00, NULL),
(4193, 1580, 950, 1, 74.00, NULL),
(4194, 1581, 950, 1, 74.00, NULL),
(4195, 1582, 950, 1, 43.00, NULL),
(4196, 1583, 950, 1, 77.00, NULL),
(4197, 1584, 950, 1, 67.00, NULL),
(4198, 1585, 950, 1, 56.00, NULL),
(4199, 1586, 950, 1, 55.00, NULL),
(4200, 1587, 950, 1, 53.00, NULL),
(4201, 1588, 950, 1, 68.00, NULL),
(4202, 1589, 950, 1, 49.00, NULL),
(4203, 1590, 950, 1, 53.00, NULL),
(4204, 1591, 950, 1, 62.00, NULL),
(4205, 1592, 950, 1, 58.00, NULL),
(4206, 1593, 950, 1, 80.00, NULL),
(4207, 1594, 950, 1, 53.00, NULL),
(4208, 1595, 950, 1, 77.00, NULL),
(4209, 1596, 950, 1, 76.00, NULL),
(4210, 1597, 950, 1, 76.01, NULL),
(4211, 1598, 950, 1, 77.00, NULL),
(4212, 1607, 965, 1, 89.00, NULL),
(4213, 1608, 965, 1, 63.00, NULL),
(4214, 1609, 965, 1, 86.00, NULL),
(4215, 1610, 965, 1, 64.00, NULL),
(4216, 1611, 965, 1, 69.00, NULL),
(4217, 1612, 965, 1, 63.00, NULL),
(4218, 1613, 965, 1, 55.00, NULL),
(4219, 1614, 965, 1, 52.00, NULL),
(4220, 1615, 965, 1, 70.00, NULL),
(4221, 1616, 965, 1, 56.00, NULL),
(4222, 1617, 965, 1, 95.00, NULL),
(4223, 1618, 965, 1, 51.00, NULL),
(4224, 1619, 965, 1, 78.00, NULL);
INSERT INTO `calificaciones` (`id_calificacion`, `id_estudiante`, `id_materia`, `bimestre`, `calificacion`, `comentario`) VALUES
(4225, 1620, 965, 1, 44.00, NULL),
(4226, 1621, 965, 1, 70.00, NULL),
(4227, 1622, 965, 1, 49.00, NULL),
(4228, 1623, 965, 1, 90.00, NULL),
(4229, 1624, 965, 1, 56.00, NULL),
(4230, 1625, 965, 1, 49.00, NULL),
(4231, 1626, 965, 1, 44.00, NULL),
(4232, 1627, 965, 1, 80.00, NULL),
(4233, 1628, 965, 1, 74.00, NULL),
(4234, 1629, 965, 1, 48.00, NULL),
(4235, 796, 813, 1, 66.00, NULL),
(4236, 797, 813, 1, 98.00, NULL),
(4237, 798, 813, 1, 70.00, NULL),
(4238, 799, 813, 1, 76.00, NULL),
(4239, 800, 813, 1, 89.00, NULL),
(4240, 801, 813, 1, 61.00, NULL),
(4241, 802, 813, 1, 84.00, NULL),
(4242, 803, 813, 1, 63.00, NULL),
(4243, 804, 813, 1, 81.00, NULL),
(4244, 805, 813, 1, 80.00, NULL),
(4245, 806, 813, 1, 80.00, NULL),
(4246, 807, 813, 1, 97.00, NULL),
(4247, 808, 813, 1, 64.00, NULL),
(4248, 809, 813, 1, 65.00, NULL),
(4249, 810, 813, 1, 60.00, NULL),
(4250, 811, 813, 1, 48.00, NULL),
(4251, 812, 813, 1, 61.00, NULL),
(4252, 813, 813, 1, 89.00, NULL),
(4253, 814, 813, 1, 80.00, NULL),
(4254, 815, 813, 1, 70.00, NULL),
(4255, 816, 813, 1, 70.00, NULL),
(4256, 817, 813, 1, 65.00, NULL),
(4257, 818, 813, 1, 90.00, NULL),
(4258, 819, 813, 1, 80.00, NULL),
(4259, 820, 813, 1, 95.00, NULL),
(4260, 821, 813, 1, 69.00, NULL),
(4261, 822, 813, 1, 95.00, NULL),
(4262, 823, 813, 1, 60.00, NULL),
(4263, 920, 821, 1, 75.00, NULL),
(4264, 921, 821, 1, 64.00, NULL),
(4265, 922, 821, 1, 86.00, NULL),
(4266, 923, 821, 1, 92.00, NULL),
(4267, 924, 821, 1, 94.00, NULL),
(4268, 925, 821, 1, 70.00, NULL),
(4269, 926, 821, 1, 56.00, NULL),
(4270, 927, 821, 1, 74.00, NULL),
(4271, 928, 821, 1, 79.00, NULL),
(4272, 930, 821, 1, 66.00, NULL),
(4273, 931, 821, 1, 95.00, NULL),
(4274, 932, 821, 1, 74.00, NULL),
(4275, 933, 821, 1, 62.00, NULL),
(4276, 934, 821, 1, 74.00, NULL),
(4277, 935, 821, 1, 57.00, NULL),
(4278, 936, 821, 1, 71.00, NULL),
(4279, 937, 821, 1, 62.00, NULL),
(4280, 938, 821, 1, 87.00, NULL),
(4281, 939, 821, 1, 53.00, NULL),
(4282, 940, 821, 1, 97.00, NULL),
(4283, 941, 821, 1, 94.00, NULL),
(4284, 942, 821, 1, 90.00, NULL),
(4285, 943, 821, 1, 79.00, NULL),
(4286, 944, 821, 1, 100.00, NULL),
(4287, 951, 821, 1, 56.00, NULL),
(4288, 952, 821, 1, 78.00, NULL),
(4289, 953, 821, 1, 58.00, NULL),
(4290, 954, 821, 1, 59.00, NULL),
(4291, 955, 821, 1, 58.00, NULL),
(4292, 956, 821, 1, 53.00, NULL),
(4293, 957, 821, 1, 59.00, NULL),
(4294, 958, 821, 1, 73.00, NULL),
(4295, 959, 821, 1, 75.00, NULL),
(4296, 960, 821, 1, 81.00, NULL),
(4297, 961, 821, 1, 61.00, NULL),
(4298, 962, 821, 1, 56.00, NULL),
(4299, 963, 821, 1, 66.00, NULL),
(4300, 964, 821, 1, 53.00, NULL),
(4301, 965, 821, 1, 88.00, NULL),
(4302, 966, 821, 1, 78.00, NULL),
(4303, 967, 821, 1, 89.00, NULL),
(4304, 968, 821, 1, 53.00, NULL),
(4305, 969, 821, 1, 75.00, NULL),
(4306, 970, 821, 1, 93.00, NULL),
(4307, 971, 821, 1, 84.00, NULL),
(4308, 972, 821, 1, 69.00, NULL),
(4309, 973, 821, 1, 82.00, NULL),
(4310, 974, 821, 1, 85.00, NULL),
(4311, 975, 821, 1, 77.00, NULL),
(4312, 976, 821, 1, 71.00, NULL),
(4313, 977, 821, 1, 53.00, NULL),
(4314, 982, 821, 1, 73.00, NULL),
(4315, 983, 821, 1, 85.00, NULL),
(4316, 984, 821, 1, 52.00, NULL),
(4317, 985, 821, 1, 88.00, NULL),
(4318, 986, 821, 1, 64.00, NULL),
(4319, 987, 821, 1, 56.00, NULL),
(4320, 988, 821, 1, 90.00, NULL),
(4321, 989, 821, 1, 99.00, NULL),
(4322, 990, 821, 1, 90.00, NULL),
(4323, 991, 821, 1, 80.00, NULL),
(4324, 992, 821, 1, 58.00, NULL),
(4325, 993, 821, 1, 86.00, NULL),
(4326, 994, 821, 1, 100.00, NULL),
(4327, 995, 821, 1, 88.00, NULL),
(4328, 996, 821, 1, 90.00, NULL),
(4329, 997, 821, 1, 52.00, NULL),
(4330, 998, 821, 1, 52.00, NULL),
(4331, 999, 821, 1, 52.00, NULL),
(4332, 1000, 821, 1, 52.00, NULL),
(4333, 1001, 821, 1, 52.00, NULL),
(4334, 1002, 821, 1, 81.00, NULL),
(4335, 1003, 821, 1, 52.00, NULL),
(4336, 1004, 821, 1, 88.00, NULL),
(4337, 1005, 821, 1, 67.00, NULL),
(4365, 1013, 821, 1, 54.00, NULL),
(4366, 1014, 821, 1, 97.00, NULL),
(4367, 1015, 821, 1, 67.00, NULL),
(4368, 1016, 821, 1, 85.00, NULL),
(4369, 1017, 821, 1, 92.00, NULL),
(4370, 1018, 821, 1, 65.00, NULL),
(4371, 1019, 821, 1, 68.00, NULL),
(4372, 1020, 821, 1, 78.00, NULL),
(4373, 1021, 821, 1, 100.00, NULL),
(4374, 1022, 821, 1, 99.00, NULL),
(4375, 1023, 821, 1, 96.00, NULL),
(4376, 1024, 821, 1, 88.00, NULL),
(4377, 1025, 821, 1, 62.00, NULL),
(4378, 1026, 821, 1, 91.00, NULL),
(4379, 1027, 821, 1, 94.00, NULL),
(4380, 1028, 821, 1, 72.00, NULL),
(4381, 1029, 821, 1, 54.00, NULL),
(4382, 1030, 821, 1, 98.00, NULL),
(4383, 1031, 821, 1, 66.00, NULL),
(4384, 1032, 821, 1, 63.00, NULL),
(4385, 1033, 821, 1, 78.00, NULL),
(4386, 1034, 821, 1, 54.00, NULL),
(4387, 1035, 821, 1, 91.00, NULL),
(4388, 1044, 821, 1, 80.00, NULL),
(4389, 1045, 821, 1, 52.00, NULL),
(4390, 1046, 821, 1, 52.00, NULL),
(4391, 1047, 821, 1, 63.00, NULL),
(4392, 1048, 821, 1, 52.00, NULL),
(4393, 1049, 821, 1, 96.00, NULL),
(4394, 1050, 821, 1, 86.00, NULL),
(4395, 1051, 821, 1, 64.00, NULL),
(4396, 1052, 821, 1, 54.00, NULL),
(4397, 1053, 821, 1, 81.00, NULL),
(4398, 1054, 821, 1, 65.00, NULL),
(4399, 1055, 821, 1, 58.00, NULL),
(4400, 1056, 821, 1, 52.00, NULL),
(4401, 1057, 821, 1, 52.00, NULL),
(4402, 1059, 821, 1, 86.00, NULL),
(4403, 1060, 821, 1, 54.00, NULL),
(4404, 1061, 821, 1, 82.00, NULL),
(4405, 1062, 821, 1, 88.00, NULL),
(4406, 1063, 821, 1, 78.00, NULL),
(4407, 1064, 821, 1, 52.00, NULL),
(4408, 1065, 821, 1, 52.00, NULL),
(4409, 1066, 821, 1, 52.00, NULL),
(4410, 1067, 821, 1, 64.00, NULL),
(4411, 1068, 821, 1, 95.00, NULL),
(4412, 1069, 821, 1, 63.00, NULL),
(4413, 1070, 821, 1, 53.00, NULL),
(4414, 1071, 821, 1, 52.00, NULL),
(4415, 1072, 821, 1, 65.00, NULL),
(4416, 1073, 821, 1, 100.00, NULL),
(4417, 1074, 821, 1, 55.00, NULL),
(4418, 1075, 821, 1, 52.00, NULL),
(4419, 1076, 821, 1, 81.00, NULL),
(4420, 1077, 821, 1, 85.00, NULL),
(4421, 1078, 821, 1, 54.00, NULL),
(4422, 1079, 821, 1, 79.00, NULL),
(4423, 1107, 821, 1, 59.00, NULL),
(4424, 1108, 821, 1, 55.00, NULL),
(4425, 1109, 821, 1, 60.00, NULL),
(4426, 1110, 821, 1, 67.00, NULL),
(4427, 1111, 821, 1, 52.00, NULL),
(4428, 1112, 821, 1, 53.00, NULL),
(4429, 1113, 821, 1, 81.00, NULL),
(4430, 1114, 821, 1, 80.00, NULL),
(4431, 1115, 821, 1, 59.00, NULL),
(4432, 1116, 821, 1, 64.00, NULL),
(4433, 1117, 821, 1, 52.00, NULL),
(4434, 1118, 821, 1, 54.00, NULL),
(4435, 1119, 821, 1, 78.00, NULL),
(4436, 1120, 821, 1, 71.00, NULL),
(4437, 1121, 821, 1, 87.00, NULL),
(4438, 1122, 821, 1, 79.00, NULL),
(4439, 1123, 821, 1, 76.00, NULL),
(4440, 1124, 821, 1, 58.00, NULL),
(4441, 1125, 821, 1, 52.00, NULL),
(4442, 1126, 821, 1, 58.00, NULL),
(4443, 1127, 821, 1, 52.00, NULL),
(4444, 1128, 821, 1, 73.00, NULL),
(4445, 1129, 821, 1, 54.00, NULL),
(4446, 1130, 821, 1, 54.00, NULL),
(4447, 1132, 821, 1, 61.00, NULL),
(4448, 1133, 821, 1, 71.00, NULL),
(4449, 1134, 821, 1, 100.00, NULL),
(4450, 1135, 821, 1, 55.00, NULL),
(4451, 1136, 821, 1, 66.00, NULL),
(4452, 1137, 821, 1, 77.00, NULL),
(4453, 1138, 821, 1, 73.00, NULL),
(4454, 1139, 821, 1, 52.00, NULL),
(4455, 1140, 821, 1, 58.00, NULL),
(4456, 1141, 821, 1, 62.00, NULL),
(4505, 1044, 813, 1, 83.00, NULL),
(4506, 1045, 813, 1, 48.00, NULL),
(4507, 1046, 813, 1, 45.00, NULL),
(4508, 1047, 813, 1, 53.00, NULL),
(4509, 1048, 813, 1, 55.00, NULL),
(4510, 1049, 813, 1, 85.00, NULL),
(4511, 1050, 813, 1, 85.00, NULL),
(4512, 1051, 813, 1, 72.00, NULL),
(4513, 1052, 813, 1, 51.00, NULL),
(4514, 1053, 813, 1, 78.00, NULL),
(4515, 1054, 813, 1, 57.00, NULL),
(4516, 1055, 813, 1, 66.00, NULL),
(4517, 1056, 813, 1, 68.00, NULL),
(4518, 1057, 813, 1, 73.00, NULL),
(4519, 1059, 813, 1, 88.00, NULL),
(4520, 1060, 813, 1, 43.00, NULL),
(4521, 1061, 813, 1, 81.00, NULL),
(4522, 1062, 813, 1, 71.00, NULL),
(4523, 1063, 813, 1, 65.00, NULL),
(4524, 1064, 813, 1, 45.00, NULL),
(4525, 1065, 813, 1, 55.00, NULL),
(4526, 1066, 813, 1, 55.00, NULL),
(4527, 1067, 813, 1, 52.00, NULL),
(4528, 1068, 813, 1, 66.00, NULL),
(4529, 1069, 813, 1, 64.00, NULL),
(4530, 1070, 813, 1, 35.00, NULL),
(4531, 1071, 813, 1, 51.00, NULL),
(4532, 1072, 813, 1, 58.00, NULL),
(4533, 1073, 813, 1, 91.00, NULL),
(4534, 1074, 813, 1, 55.00, NULL),
(4535, 1075, 813, 1, 47.00, NULL),
(4536, 1076, 813, 1, 84.00, NULL),
(4537, 1077, 813, 1, 74.00, NULL),
(4538, 1078, 813, 1, 61.00, NULL),
(4539, 1079, 813, 1, 65.00, NULL),
(4540, 920, 816, 1, 84.00, NULL),
(4541, 921, 816, 1, 84.00, NULL),
(4542, 922, 816, 1, 98.00, NULL),
(4543, 923, 816, 1, 89.00, NULL),
(4544, 924, 816, 1, 78.00, NULL),
(4545, 925, 816, 1, 80.00, NULL),
(4546, 926, 816, 1, 79.00, NULL),
(4547, 927, 816, 1, 81.00, NULL),
(4548, 928, 816, 1, 84.00, NULL),
(4549, 930, 816, 1, 57.00, NULL),
(4550, 931, 816, 1, 93.00, NULL),
(4551, 932, 816, 1, 90.00, NULL),
(4552, 933, 816, 1, 69.00, NULL),
(4553, 934, 816, 1, 83.00, NULL),
(4554, 935, 816, 1, 72.00, NULL),
(4555, 936, 816, 1, 84.00, NULL),
(4556, 937, 816, 1, 65.00, NULL),
(4557, 938, 816, 1, 88.00, NULL),
(4558, 939, 816, 1, 59.00, NULL),
(4559, 940, 816, 1, 61.00, NULL),
(4560, 941, 816, 1, 89.00, NULL),
(4561, 942, 816, 1, 88.00, NULL),
(4562, 943, 816, 1, 88.00, NULL),
(4563, 944, 816, 1, 95.00, NULL),
(4588, 920, 818, 1, 51.00, NULL),
(4589, 921, 818, 1, 82.00, NULL),
(4590, 922, 818, 1, 79.00, NULL),
(4591, 923, 818, 1, 60.00, NULL),
(4592, 924, 818, 1, 87.00, NULL),
(4593, 925, 818, 1, 64.00, NULL),
(4594, 926, 818, 1, 52.00, NULL),
(4595, 927, 818, 1, 65.00, NULL),
(4596, 928, 818, 1, 55.00, NULL),
(4597, 930, 818, 1, 48.00, NULL),
(4598, 931, 818, 1, 87.00, NULL),
(4599, 932, 818, 1, 75.00, NULL),
(4600, 933, 818, 1, 47.00, NULL),
(4601, 934, 818, 1, 48.00, NULL),
(4602, 935, 818, 1, 66.00, NULL),
(4603, 936, 818, 1, 71.00, NULL),
(4604, 937, 818, 1, 52.00, NULL),
(4605, 938, 818, 1, 73.00, NULL),
(4606, 939, 818, 1, 56.00, NULL),
(4607, 940, 818, 1, 89.00, NULL),
(4608, 941, 818, 1, 63.00, NULL),
(4609, 942, 818, 1, 89.00, NULL),
(4610, 943, 818, 1, 84.00, NULL),
(4611, 944, 818, 1, 84.00, NULL),
(4660, 951, 816, 1, 51.00, NULL),
(4662, 952, 816, 1, 59.00, NULL),
(4663, 953, 816, 1, 51.00, NULL),
(4664, 954, 816, 1, 65.00, NULL),
(4665, 955, 816, 1, 52.00, NULL),
(4666, 956, 816, 1, 63.00, NULL),
(4667, 957, 816, 1, 61.00, NULL),
(4668, 958, 816, 1, 57.00, NULL),
(4669, 959, 816, 1, 58.00, NULL),
(4670, 960, 816, 1, 84.00, NULL),
(4671, 961, 816, 1, 51.00, NULL),
(4672, 962, 816, 1, 54.00, NULL),
(4673, 963, 816, 1, 90.00, NULL),
(4674, 964, 816, 1, 82.00, NULL),
(4675, 965, 816, 1, 90.00, NULL),
(4676, 966, 816, 1, 60.00, NULL),
(4677, 967, 816, 1, 78.00, NULL),
(4678, 968, 816, 1, 51.00, NULL),
(4679, 969, 816, 1, 57.00, NULL),
(4680, 970, 816, 1, 98.00, NULL),
(4681, 971, 816, 1, 89.00, NULL),
(4682, 972, 816, 1, 81.00, NULL),
(4683, 973, 816, 1, 81.00, NULL),
(4684, 974, 816, 1, 77.00, NULL),
(4685, 975, 816, 1, 63.00, NULL),
(4686, 976, 816, 1, 74.00, NULL),
(4687, 977, 816, 1, 55.00, NULL),
(4688, 1013, 818, 1, 45.00, NULL),
(4689, 1014, 818, 1, 81.00, NULL),
(4690, 1015, 818, 1, 66.00, NULL),
(4691, 1016, 818, 1, 74.00, NULL),
(4692, 1017, 818, 1, 88.00, NULL),
(4693, 1018, 818, 1, 64.00, NULL),
(4694, 1019, 818, 1, 45.00, NULL),
(4695, 1020, 818, 1, 53.00, NULL),
(4696, 1021, 818, 1, 90.00, NULL),
(4697, 1022, 818, 1, 83.00, NULL),
(4698, 1023, 818, 1, 83.00, NULL),
(4699, 1024, 818, 1, 56.00, NULL),
(4700, 1025, 818, 1, 62.00, NULL),
(4701, 1026, 818, 1, 78.00, NULL),
(4702, 1027, 818, 1, 62.00, NULL),
(4703, 1028, 818, 1, 46.00, NULL),
(4704, 1029, 818, 1, 46.00, NULL),
(4705, 1030, 818, 1, 88.00, NULL),
(4706, 1031, 818, 1, 49.00, NULL),
(4707, 1032, 818, 1, 48.00, NULL),
(4708, 1033, 818, 1, 84.00, NULL),
(4709, 1034, 818, 1, 51.00, NULL),
(4710, 1035, 818, 1, 69.00, NULL),
(4711, 1107, 818, 1, 51.00, NULL),
(4712, 1108, 818, 1, 51.00, NULL),
(4713, 1109, 818, 1, 66.00, NULL),
(4714, 1110, 818, 1, 56.00, NULL),
(4715, 1111, 818, 1, 44.00, NULL),
(4716, 1112, 818, 1, 48.00, NULL),
(4717, 1113, 818, 1, 85.00, NULL),
(4718, 1114, 818, 1, 91.00, NULL),
(4719, 1115, 818, 1, 51.00, NULL),
(4720, 1116, 818, 1, 70.00, NULL),
(4721, 1117, 818, 1, 46.00, NULL),
(4722, 1118, 818, 1, 46.00, NULL),
(4723, 1119, 818, 1, 69.00, NULL),
(4724, 1120, 818, 1, 51.00, NULL),
(4725, 1121, 818, 1, 82.00, NULL),
(4726, 1122, 818, 1, 78.00, NULL),
(4727, 1123, 818, 1, 70.00, NULL),
(4728, 1124, 818, 1, 76.00, NULL),
(4729, 1125, 818, 1, 51.00, NULL),
(4730, 1126, 818, 1, 78.00, NULL),
(4731, 1127, 818, 1, 81.00, NULL),
(4732, 1128, 818, 1, 76.00, NULL),
(4733, 1129, 818, 1, 46.00, NULL),
(4734, 1130, 818, 1, 47.00, NULL),
(4735, 1132, 818, 1, 89.00, NULL),
(4736, 1133, 818, 1, 65.00, NULL),
(4737, 1134, 818, 1, 63.00, NULL),
(4738, 1135, 818, 1, 51.00, NULL),
(4739, 1136, 818, 1, 61.00, NULL),
(4740, 1137, 818, 1, 72.00, NULL),
(4741, 1138, 818, 1, 86.00, NULL),
(4742, 1139, 818, 1, 42.00, NULL),
(4743, 1140, 818, 1, 54.00, NULL),
(4744, 1141, 818, 1, 94.00, NULL),
(4981, 796, 814, 1, 60.00, NULL),
(4982, 797, 814, 1, 97.00, NULL),
(4983, 798, 814, 1, 75.00, NULL),
(4984, 799, 814, 1, 81.00, NULL),
(4985, 800, 814, 1, 80.00, NULL),
(4986, 801, 814, 1, 61.00, NULL),
(4987, 802, 814, 1, 72.00, NULL),
(4988, 803, 814, 1, 60.00, NULL),
(4989, 804, 814, 1, 69.00, NULL),
(4990, 805, 814, 1, 74.00, NULL),
(4991, 806, 814, 1, 70.00, NULL),
(4992, 807, 814, 1, 90.00, NULL),
(4993, 808, 814, 1, 60.00, NULL),
(4994, 809, 814, 1, 60.00, NULL),
(4995, 810, 814, 1, 60.00, NULL),
(4996, 811, 814, 1, 51.00, NULL),
(4997, 812, 814, 1, 65.00, NULL),
(4998, 813, 814, 1, 80.00, NULL),
(4999, 814, 814, 1, 85.00, NULL),
(5000, 815, 814, 1, 80.00, NULL),
(5001, 816, 814, 1, 85.00, NULL),
(5002, 817, 814, 1, 60.00, NULL),
(5003, 818, 814, 1, 90.00, NULL),
(5004, 819, 814, 1, 82.00, NULL),
(5005, 820, 814, 1, 90.00, NULL),
(5006, 821, 814, 1, 70.00, NULL),
(5007, 822, 814, 1, 94.00, NULL),
(5008, 823, 814, 1, 60.00, NULL),
(5037, 796, 816, 1, 90.00, NULL),
(5038, 797, 816, 1, 96.00, NULL),
(5039, 798, 816, 1, 75.00, NULL),
(5040, 799, 816, 1, 77.00, NULL),
(5041, 800, 816, 1, 90.00, NULL),
(5042, 801, 816, 1, 63.00, NULL),
(5043, 802, 816, 1, 79.00, NULL),
(5044, 803, 816, 1, 60.00, NULL),
(5045, 804, 816, 1, 78.00, NULL),
(5046, 805, 816, 1, 83.00, NULL),
(5047, 806, 816, 1, 80.00, NULL),
(5048, 807, 816, 1, 95.00, NULL),
(5049, 808, 816, 1, 65.00, NULL),
(5050, 809, 816, 1, 60.00, NULL),
(5051, 810, 816, 1, 65.00, NULL),
(5052, 811, 816, 1, 58.00, NULL),
(5053, 812, 816, 1, 65.00, NULL),
(5054, 813, 816, 1, 80.00, NULL),
(5055, 814, 816, 1, 90.00, NULL),
(5056, 815, 816, 1, 75.00, NULL),
(5057, 816, 816, 1, 90.00, NULL),
(5058, 817, 816, 1, 70.00, NULL),
(5059, 818, 816, 1, 90.00, NULL),
(5060, 819, 816, 1, 88.00, NULL),
(5061, 820, 816, 1, 92.00, NULL),
(5062, 821, 816, 1, 70.00, NULL),
(5063, 822, 816, 1, 92.00, NULL),
(5064, 823, 816, 1, 70.00, NULL),
(5093, 796, 817, 1, 74.00, NULL),
(5094, 797, 817, 1, 99.00, NULL),
(5095, 798, 817, 1, 77.00, NULL),
(5096, 799, 817, 1, 85.00, NULL),
(5097, 800, 817, 1, 90.00, NULL),
(5098, 801, 817, 1, 55.00, NULL),
(5099, 802, 817, 1, 74.00, NULL),
(5100, 803, 817, 1, 57.00, NULL),
(5101, 804, 817, 1, 72.00, NULL),
(5102, 805, 817, 1, 77.00, NULL),
(5103, 806, 817, 1, 70.00, NULL),
(5104, 807, 817, 1, 99.00, NULL),
(5105, 808, 817, 1, 62.00, NULL),
(5106, 809, 817, 1, 60.00, NULL),
(5107, 810, 817, 1, 55.00, NULL),
(5108, 811, 817, 1, 48.00, NULL),
(5109, 812, 817, 1, 56.00, NULL),
(5110, 813, 817, 1, 80.00, NULL),
(5111, 814, 817, 1, 85.00, NULL),
(5112, 815, 817, 1, 70.00, NULL),
(5113, 816, 817, 1, 75.00, NULL),
(5114, 817, 817, 1, 60.00, NULL),
(5115, 818, 817, 1, 90.00, NULL),
(5116, 819, 817, 1, 87.00, NULL),
(5117, 820, 817, 1, 93.00, NULL),
(5118, 821, 817, 1, 60.00, NULL),
(5119, 822, 817, 1, 97.00, NULL),
(5120, 823, 817, 1, 66.00, NULL),
(5149, 796, 818, 1, 70.00, NULL),
(5150, 797, 818, 1, 98.00, NULL),
(5151, 798, 818, 1, 79.00, NULL),
(5152, 799, 818, 1, 75.00, NULL),
(5153, 800, 818, 1, 83.00, NULL),
(5154, 801, 818, 1, 60.00, NULL),
(5155, 802, 818, 1, 74.00, NULL),
(5156, 803, 818, 1, 55.00, NULL),
(5157, 804, 818, 1, 71.00, NULL),
(5158, 805, 818, 1, 85.00, NULL),
(5159, 806, 818, 1, 66.00, NULL),
(5160, 807, 818, 1, 95.00, NULL),
(5161, 808, 818, 1, 62.00, NULL),
(5162, 809, 818, 1, 58.00, NULL),
(5163, 810, 818, 1, 55.00, NULL),
(5164, 811, 818, 1, 48.00, NULL),
(5165, 812, 818, 1, 60.00, NULL),
(5166, 813, 818, 1, 90.00, NULL),
(5167, 814, 818, 1, 85.00, NULL),
(5168, 815, 818, 1, 75.00, NULL),
(5169, 816, 818, 1, 78.00, NULL),
(5170, 817, 818, 1, 60.00, NULL),
(5171, 818, 818, 1, 92.00, NULL),
(5172, 819, 818, 1, 80.00, NULL),
(5173, 820, 818, 1, 90.00, NULL),
(5174, 821, 818, 1, 61.00, NULL),
(5175, 822, 818, 1, 95.00, NULL),
(5176, 823, 818, 1, 63.00, NULL),
(5205, 796, 819, 1, 80.00, NULL),
(5206, 797, 819, 1, 95.00, NULL),
(5207, 798, 819, 1, 70.00, NULL),
(5208, 799, 819, 1, 75.00, NULL),
(5209, 800, 819, 1, 90.00, NULL),
(5210, 801, 819, 1, 66.00, NULL),
(5211, 802, 819, 1, 71.00, NULL),
(5212, 803, 819, 1, 59.00, NULL),
(5213, 804, 819, 1, 75.00, NULL),
(5214, 805, 819, 1, 80.00, NULL),
(5215, 806, 819, 1, 72.00, NULL),
(5216, 807, 819, 1, 96.00, NULL),
(5217, 808, 819, 1, 60.00, NULL),
(5218, 809, 819, 1, 60.00, NULL),
(5219, 810, 819, 1, 58.00, NULL),
(5220, 811, 819, 1, 56.00, NULL),
(5221, 812, 819, 1, 60.00, NULL),
(5222, 813, 819, 1, 80.00, NULL),
(5223, 814, 819, 1, 86.00, NULL),
(5224, 815, 819, 1, 80.00, NULL),
(5225, 816, 819, 1, 80.00, NULL),
(5226, 817, 819, 1, 75.00, NULL),
(5227, 818, 819, 1, 90.00, NULL),
(5228, 819, 819, 1, 80.00, NULL),
(5229, 820, 819, 1, 92.00, NULL),
(5230, 821, 819, 1, 60.00, NULL),
(5231, 822, 819, 1, 95.00, NULL),
(5232, 823, 819, 1, 63.00, NULL),
(5261, 796, 820, 1, 77.00, NULL),
(5262, 797, 820, 1, 99.00, NULL),
(5263, 798, 820, 1, 74.00, NULL),
(5264, 799, 820, 1, 80.00, NULL),
(5265, 800, 820, 1, 85.00, NULL),
(5266, 801, 820, 1, 60.00, NULL),
(5267, 802, 820, 1, 75.00, NULL),
(5268, 803, 820, 1, 55.00, NULL),
(5269, 804, 820, 1, 75.00, NULL),
(5270, 805, 820, 1, 80.00, NULL),
(5271, 806, 820, 1, 70.00, NULL),
(5272, 807, 820, 1, 99.00, NULL),
(5273, 808, 820, 1, 70.00, NULL),
(5274, 809, 820, 1, 60.00, NULL),
(5275, 810, 820, 1, 58.00, NULL),
(5276, 811, 820, 1, 48.00, NULL),
(5277, 812, 820, 1, 60.00, NULL),
(5278, 813, 820, 1, 85.00, NULL),
(5279, 814, 820, 1, 86.00, NULL),
(5280, 815, 820, 1, 70.00, NULL),
(5281, 816, 820, 1, 75.00, NULL),
(5282, 817, 820, 1, 65.00, NULL),
(5283, 818, 820, 1, 90.00, NULL),
(5284, 819, 820, 1, 86.00, NULL),
(5285, 820, 820, 1, 95.00, NULL),
(5286, 821, 820, 1, 64.00, NULL),
(5287, 822, 820, 1, 96.00, NULL),
(5288, 823, 820, 1, 70.00, NULL),
(5317, 859, 813, 1, 74.00, NULL),
(5318, 860, 813, 1, 61.00, NULL),
(5319, 861, 813, 1, 53.00, NULL),
(5320, 862, 813, 1, 81.00, NULL),
(5321, 863, 813, 1, 65.00, NULL),
(5322, 864, 813, 1, 91.00, NULL),
(5323, 865, 813, 1, 90.00, NULL),
(5324, 866, 813, 1, 69.00, NULL),
(5325, 867, 813, 1, 65.00, NULL),
(5326, 868, 813, 1, 55.00, NULL),
(5327, 869, 813, 1, 78.00, NULL),
(5328, 870, 813, 1, 54.00, NULL),
(5329, 871, 813, 1, 76.00, NULL),
(5330, 872, 813, 1, 59.00, NULL),
(5331, 873, 813, 1, 60.00, NULL),
(5332, 874, 813, 1, 56.00, NULL),
(5333, 875, 813, 1, 57.00, NULL),
(5334, 876, 813, 1, 48.00, NULL),
(5335, 877, 813, 1, 65.00, NULL),
(5336, 878, 813, 1, 54.00, NULL),
(5337, 879, 813, 1, 64.00, NULL),
(5338, 880, 813, 1, 70.00, NULL),
(5339, 881, 813, 1, 52.00, NULL),
(5340, 883, 813, 1, 57.00, NULL),
(5341, 884, 813, 1, 61.00, NULL),
(5342, 882, 813, 1, 49.00, NULL),
(5343, 885, 813, 1, 51.00, NULL),
(5371, 859, 814, 1, 81.00, NULL),
(5372, 860, 814, 1, 70.00, NULL),
(5373, 861, 814, 1, 61.00, NULL),
(5374, 862, 814, 1, 83.00, NULL),
(5375, 863, 814, 1, 78.00, NULL),
(5376, 864, 814, 1, 93.00, NULL),
(5377, 865, 814, 1, 93.00, NULL),
(5378, 866, 814, 1, 64.00, NULL),
(5379, 867, 814, 1, 74.00, NULL),
(5380, 868, 814, 1, 67.00, NULL),
(5381, 858, 814, 1, 72.00, NULL),
(5382, 869, 814, 1, 86.00, NULL),
(5383, 870, 814, 1, 63.00, NULL),
(5384, 871, 814, 1, 85.00, NULL),
(5385, 872, 814, 1, 75.00, NULL),
(5386, 873, 814, 1, 77.00, NULL),
(5387, 874, 814, 1, 68.00, NULL),
(5388, 875, 814, 1, 70.00, NULL),
(5389, 876, 814, 1, 51.00, NULL),
(5390, 877, 814, 1, 80.00, NULL),
(5391, 878, 814, 1, 66.00, NULL),
(5392, 879, 814, 1, 83.00, NULL),
(5393, 880, 814, 1, 82.00, NULL),
(5394, 881, 814, 1, 67.00, NULL),
(5395, 883, 814, 1, 67.00, NULL),
(5396, 884, 814, 1, 78.00, NULL),
(5397, 882, 814, 1, 59.00, NULL),
(5398, 885, 814, 1, 59.00, NULL),
(5437, 858, 813, 1, 84.00, NULL),
(5455, 859, 816, 1, 83.00, NULL),
(5456, 860, 816, 1, 77.00, NULL),
(5457, 861, 816, 1, 64.00, NULL),
(5458, 862, 816, 1, 86.00, NULL),
(5459, 863, 816, 1, 79.00, NULL),
(5460, 864, 816, 1, 95.00, NULL),
(5461, 865, 816, 1, 98.00, NULL),
(5462, 866, 816, 1, 73.00, NULL),
(5463, 867, 816, 1, 79.00, NULL),
(5464, 868, 816, 1, 74.00, NULL),
(5465, 858, 816, 1, 89.00, NULL),
(5466, 869, 816, 1, 87.00, NULL),
(5467, 870, 816, 1, 75.00, NULL),
(5468, 871, 816, 1, 92.00, NULL),
(5469, 872, 816, 1, 80.00, NULL),
(5470, 873, 816, 1, 81.00, NULL),
(5471, 874, 816, 1, 74.00, NULL),
(5472, 875, 816, 1, 76.00, NULL),
(5473, 876, 816, 1, 53.00, NULL),
(5474, 877, 816, 1, 89.00, NULL),
(5475, 878, 816, 1, 73.00, NULL),
(5476, 879, 816, 1, 88.00, NULL),
(5477, 880, 816, 1, 91.00, NULL),
(5478, 881, 816, 1, 73.00, NULL),
(5479, 883, 816, 1, 68.00, NULL),
(5480, 884, 816, 1, 86.00, NULL),
(5481, 882, 816, 1, 61.00, NULL),
(5482, 885, 816, 1, 66.00, NULL),
(5483, 858, 817, 1, 83.00, NULL),
(5484, 859, 817, 1, 80.00, NULL),
(5485, 860, 817, 1, 67.00, NULL),
(5486, 861, 817, 1, 66.00, NULL),
(5487, 862, 817, 1, 85.00, NULL),
(5488, 863, 817, 1, 73.00, NULL),
(5489, 864, 817, 1, 86.00, NULL),
(5490, 865, 817, 1, 96.00, NULL),
(5491, 866, 817, 1, 75.00, NULL),
(5492, 867, 817, 1, 70.00, NULL),
(5493, 868, 817, 1, 60.00, NULL),
(5494, 869, 817, 1, 79.00, NULL),
(5495, 870, 817, 1, 65.00, NULL),
(5496, 871, 817, 1, 85.00, NULL),
(5497, 872, 817, 1, 65.00, NULL),
(5498, 873, 817, 1, 69.00, NULL),
(5499, 874, 817, 1, 68.00, NULL),
(5500, 875, 817, 1, 63.00, NULL),
(5501, 876, 817, 1, 48.00, NULL),
(5502, 877, 817, 1, 70.00, NULL),
(5503, 878, 817, 1, 60.00, NULL),
(5504, 879, 817, 1, 65.00, NULL),
(5505, 880, 817, 1, 79.00, NULL),
(5506, 881, 817, 1, 65.00, NULL),
(5507, 883, 817, 1, 59.00, NULL),
(5508, 884, 817, 1, 67.00, NULL),
(5509, 882, 817, 1, 54.00, NULL),
(5510, 885, 817, 1, 57.00, NULL),
(5511, 858, 818, 1, 94.00, NULL),
(5512, 859, 818, 1, 92.00, NULL),
(5513, 860, 818, 1, 77.00, NULL),
(5514, 861, 818, 1, 53.00, NULL),
(5515, 862, 818, 1, 82.00, NULL),
(5516, 863, 818, 1, 82.00, NULL),
(5517, 864, 818, 1, 94.00, NULL),
(5518, 865, 818, 1, 92.00, NULL),
(5519, 866, 818, 1, 69.00, NULL),
(5520, 867, 818, 1, 79.00, NULL),
(5521, 868, 818, 1, 53.00, NULL),
(5522, 869, 818, 1, 90.00, NULL),
(5523, 870, 818, 1, 54.00, NULL),
(5524, 871, 818, 1, 88.00, NULL),
(5525, 872, 818, 1, 83.00, NULL),
(5526, 873, 818, 1, 83.00, NULL),
(5527, 874, 818, 1, 69.00, NULL),
(5528, 875, 818, 1, 53.00, NULL),
(5529, 876, 818, 1, 48.00, NULL),
(5530, 877, 818, 1, 79.00, NULL),
(5531, 878, 818, 1, 52.00, NULL),
(5532, 879, 818, 1, 78.00, NULL),
(5533, 880, 818, 1, 68.00, NULL),
(5534, 881, 818, 1, 55.00, NULL),
(5535, 883, 818, 1, 62.00, NULL),
(5536, 884, 818, 1, 71.00, NULL),
(5537, 882, 818, 1, 49.00, NULL),
(5538, 885, 818, 1, 49.00, NULL),
(5539, 858, 819, 1, 82.00, NULL),
(5540, 859, 819, 1, 80.00, NULL),
(5541, 860, 819, 1, 65.00, NULL),
(5542, 861, 819, 1, 60.00, NULL),
(5543, 862, 819, 1, 83.00, NULL),
(5544, 863, 819, 1, 71.00, NULL),
(5545, 864, 819, 1, 86.00, NULL),
(5546, 865, 819, 1, 92.00, NULL),
(5547, 866, 819, 1, 69.00, NULL),
(5548, 867, 819, 1, 66.00, NULL),
(5549, 868, 819, 1, 56.00, NULL),
(5550, 869, 819, 1, 75.00, NULL),
(5551, 870, 819, 1, 52.00, NULL),
(5552, 871, 819, 1, 79.00, NULL),
(5553, 872, 819, 1, 63.00, NULL),
(5554, 873, 819, 1, 67.00, NULL),
(5555, 874, 819, 1, 63.00, NULL),
(5556, 875, 819, 1, 52.00, NULL),
(5557, 876, 819, 1, 52.00, NULL),
(5558, 877, 819, 1, 64.00, NULL),
(5559, 878, 819, 1, 52.00, NULL),
(5560, 879, 819, 1, 62.00, NULL),
(5561, 880, 819, 1, 67.00, NULL),
(5562, 881, 819, 1, 55.00, NULL),
(5563, 883, 819, 1, 54.00, NULL),
(5564, 884, 819, 1, 62.00, NULL),
(5565, 882, 819, 1, 52.00, NULL),
(5566, 885, 819, 1, 52.00, NULL),
(5567, 858, 820, 1, 86.00, NULL),
(5568, 859, 820, 1, 86.00, NULL),
(5569, 860, 820, 1, 75.00, NULL),
(5570, 861, 820, 1, 58.00, NULL),
(5571, 862, 820, 1, 84.00, NULL),
(5572, 863, 820, 1, 81.00, NULL),
(5573, 864, 820, 1, 93.00, NULL),
(5574, 865, 820, 1, 97.00, NULL),
(5575, 866, 820, 1, 78.00, NULL),
(5576, 867, 820, 1, 75.00, NULL),
(5577, 868, 820, 1, 59.00, NULL),
(5578, 869, 820, 1, 85.00, NULL),
(5579, 870, 820, 1, 65.00, NULL),
(5580, 871, 820, 1, 87.00, NULL),
(5581, 872, 820, 1, 75.00, NULL),
(5582, 873, 820, 1, 77.00, NULL),
(5583, 874, 820, 1, 70.00, NULL),
(5584, 875, 820, 1, 67.00, NULL),
(5585, 876, 820, 1, 55.00, NULL),
(5586, 877, 820, 1, 78.00, NULL),
(5587, 878, 820, 1, 70.00, NULL),
(5588, 879, 820, 1, 73.00, NULL),
(5589, 880, 820, 1, 80.00, NULL),
(5590, 881, 820, 1, 65.00, NULL),
(5591, 883, 820, 1, 67.00, NULL),
(5592, 884, 820, 1, 79.00, NULL),
(5593, 882, 820, 1, 55.00, NULL),
(5594, 885, 820, 1, 55.00, NULL),
(5595, 1576, 950, 1, 59.00, NULL),
(5596, 1577, 950, 1, 71.00, NULL),
(5664, 1296, 858, 1, 52.00, NULL),
(5665, 1297, 858, 1, 51.00, NULL),
(5666, 1298, 858, 1, 51.00, NULL),
(5667, 1299, 858, 1, 51.00, NULL),
(5668, 1300, 858, 1, 59.00, NULL),
(5669, 1301, 858, 1, 54.00, NULL),
(5670, 1302, 858, 1, 51.00, NULL),
(5671, 1303, 858, 1, 80.00, NULL),
(5672, 1304, 858, 1, 57.00, NULL),
(5673, 1305, 858, 1, 61.00, NULL),
(5674, 1306, 858, 1, 42.00, NULL),
(5675, 1307, 858, 1, 57.00, NULL),
(5676, 1308, 858, 1, 51.00, NULL),
(5677, 1309, 858, 1, 66.00, NULL),
(5678, 1310, 858, 1, 55.00, NULL),
(5679, 1311, 858, 1, 61.00, NULL),
(5680, 1312, 858, 1, 41.00, NULL),
(5681, 1313, 858, 1, 51.00, NULL),
(5682, 1314, 858, 1, 59.00, NULL),
(5683, 1315, 858, 1, 75.00, NULL),
(5684, 1316, 858, 1, 70.00, NULL),
(5685, 1317, 858, 1, 70.00, NULL),
(5686, 1318, 858, 1, 72.00, NULL),
(5687, 1319, 858, 1, 79.00, NULL),
(5688, 1320, 858, 1, 64.00, NULL),
(5689, 1321, 858, 1, 51.00, NULL),
(5690, 1322, 858, 1, 80.00, NULL),
(5691, 1323, 858, 1, 61.00, NULL),
(5692, 1324, 858, 1, 61.00, NULL),
(5722, 1327, 858, 1, 51.00, NULL),
(5723, 1328, 858, 1, 52.00, NULL),
(5724, 1329, 858, 1, 51.00, NULL),
(5725, 1330, 858, 1, 80.00, NULL),
(5726, 1331, 858, 1, 53.00, NULL),
(5727, 1332, 858, 1, 51.00, NULL),
(5728, 1333, 858, 1, 59.00, NULL),
(5729, 1334, 858, 1, 80.00, NULL),
(5730, 1335, 858, 1, 53.00, NULL),
(5731, 1336, 858, 1, 51.00, NULL),
(5732, 1337, 858, 1, 55.00, NULL),
(5733, 1338, 858, 1, 57.00, NULL),
(5734, 1339, 858, 1, 56.00, NULL),
(5735, 1340, 858, 1, 61.00, NULL),
(5736, 1341, 858, 1, 51.00, NULL),
(5737, 1342, 858, 1, 60.00, NULL),
(5738, 1343, 858, 1, 53.00, NULL),
(5739, 1344, 858, 1, 51.00, NULL),
(5740, 1345, 858, 1, 53.00, NULL),
(5741, 1346, 858, 1, 51.00, NULL),
(5742, 1347, 858, 1, 51.00, NULL),
(5743, 1348, 858, 1, 56.00, NULL),
(5744, 1349, 858, 1, 51.00, NULL),
(5745, 1350, 858, 1, 40.00, NULL),
(5746, 1351, 858, 1, 51.00, NULL),
(5747, 1352, 858, 1, 60.00, NULL),
(5748, 1353, 858, 1, 63.00, NULL),
(5749, 1354, 858, 1, 51.00, NULL),
(5750, 1355, 858, 1, 80.00, NULL),
(5751, 1356, 858, 1, 70.00, NULL),
(5752, 1358, 879, 1, 40.00, NULL),
(5753, 1359, 879, 1, 56.00, NULL),
(5754, 1360, 879, 1, 61.00, NULL),
(5755, 1361, 879, 1, 74.00, NULL),
(5756, 1362, 879, 1, 56.00, NULL),
(5757, 1363, 879, 1, 60.00, NULL),
(5758, 1364, 879, 1, 75.00, NULL),
(5759, 1365, 879, 1, 58.00, NULL),
(5760, 1366, 879, 1, 61.00, NULL),
(5761, 1367, 879, 1, 58.00, NULL),
(5762, 1368, 879, 1, 75.00, NULL),
(5763, 1369, 879, 1, 57.00, NULL),
(5764, 1370, 879, 1, 51.00, NULL),
(5765, 1371, 879, 1, 69.00, NULL),
(5766, 1372, 879, 1, 58.00, NULL),
(5767, 1373, 879, 1, 51.00, NULL),
(5768, 1374, 879, 1, 59.00, NULL),
(5769, 1375, 879, 1, 59.00, NULL),
(5770, 1376, 879, 1, 57.00, NULL),
(5771, 1377, 879, 1, 61.00, NULL),
(5772, 1378, 879, 1, 61.00, NULL),
(5773, 1379, 879, 1, 64.00, NULL),
(5774, 1380, 879, 1, 60.00, NULL),
(5775, 1381, 879, 1, 91.00, NULL),
(5776, 1382, 879, 1, 65.00, NULL),
(5777, 1383, 879, 1, 60.00, NULL),
(5778, 1384, 879, 1, 60.00, NULL),
(5779, 1385, 879, 1, 70.00, NULL),
(5780, 1389, 879, 1, 52.00, NULL),
(5781, 1390, 879, 1, 97.00, NULL),
(5782, 1391, 879, 1, 0.00, NULL),
(5783, 1392, 879, 1, 70.00, NULL),
(5784, 1393, 879, 1, 51.00, NULL),
(5785, 1394, 879, 1, 70.00, NULL),
(5786, 1395, 879, 1, 62.00, NULL),
(5787, 1396, 879, 1, 42.00, NULL),
(5788, 1397, 879, 1, 56.00, NULL),
(5789, 1398, 879, 1, 53.00, NULL),
(5790, 1399, 879, 1, 63.00, NULL),
(5791, 1400, 879, 1, 54.00, NULL),
(5792, 1401, 879, 1, 51.00, NULL),
(5793, 1403, 879, 1, 52.00, NULL),
(5794, 1404, 879, 1, 55.00, NULL),
(5795, 1405, 879, 1, 59.00, NULL),
(5796, 1406, 879, 1, 51.00, NULL),
(5797, 1407, 879, 1, 89.00, NULL),
(5798, 1408, 879, 1, 65.00, NULL),
(5799, 1409, 879, 1, 80.00, NULL),
(5800, 1410, 879, 1, 51.00, NULL),
(5801, 1411, 879, 1, 67.00, NULL),
(5802, 1412, 879, 1, 52.00, NULL),
(5803, 1413, 879, 1, 75.00, NULL),
(5804, 1414, 879, 1, 94.00, NULL),
(5805, 1415, 879, 1, 41.00, NULL),
(5806, 1416, 879, 1, 61.00, NULL),
(5807, 1417, 879, 1, 54.00, NULL),
(5808, 1451, 905, 1, 52.00, NULL),
(5809, 1452, 905, 1, 53.00, NULL),
(5810, 1453, 905, 1, 51.00, NULL),
(5811, 1454, 905, 1, 69.00, NULL),
(5812, 1455, 905, 1, 62.00, NULL),
(5813, 1456, 905, 1, 61.00, NULL),
(5814, 1457, 905, 1, 51.00, NULL),
(5815, 1458, 905, 1, 52.00, NULL),
(5816, 1459, 905, 1, 58.00, NULL),
(5817, 1460, 905, 1, 58.00, NULL),
(5818, 1461, 905, 1, 70.00, NULL),
(5819, 1462, 905, 1, 71.00, NULL),
(5820, 1463, 905, 1, 51.00, NULL),
(5821, 1464, 905, 1, 51.00, NULL),
(5822, 1465, 905, 1, 73.00, NULL),
(5823, 1466, 905, 1, 81.00, NULL),
(5824, 1467, 905, 1, 52.00, NULL),
(5825, 1468, 905, 1, 52.00, NULL),
(5826, 1469, 905, 1, 58.00, NULL),
(5827, 1470, 905, 1, 54.00, NULL),
(5828, 1471, 905, 1, 52.00, NULL),
(5829, 1472, 905, 1, 51.00, NULL),
(5830, 1473, 905, 1, 51.00, NULL),
(5831, 1474, 905, 1, 42.00, NULL),
(5832, 1475, 905, 1, 52.00, NULL),
(5833, 1476, 905, 1, 52.00, NULL),
(5834, 1477, 905, 1, 70.00, NULL),
(5862, 1296, 859, 1, 67.00, NULL),
(5863, 1297, 859, 1, 54.00, NULL),
(5864, 1298, 859, 1, 66.00, NULL),
(5865, 1299, 859, 1, 61.00, NULL),
(5866, 1300, 859, 1, 74.00, NULL),
(5867, 1301, 859, 1, 58.00, NULL),
(5868, 1302, 859, 1, 81.00, NULL),
(5869, 1303, 859, 1, 98.00, NULL),
(5870, 1304, 859, 1, 78.00, NULL),
(5871, 1305, 859, 1, 91.00, NULL),
(5872, 1306, 859, 1, 61.00, NULL),
(5873, 1307, 859, 1, 72.00, NULL),
(5874, 1308, 859, 1, 61.00, NULL),
(5875, 1309, 859, 1, 68.00, NULL),
(5876, 1311, 859, 1, 53.00, NULL),
(5877, 1312, 859, 1, 52.00, NULL),
(5878, 1313, 859, 1, 87.00, NULL),
(5879, 1314, 859, 1, 65.00, NULL),
(5880, 1315, 859, 1, 79.00, NULL),
(5881, 1316, 859, 1, 52.00, NULL),
(5882, 1317, 859, 1, 52.00, NULL),
(5883, 1318, 859, 1, 77.00, NULL),
(5884, 1319, 859, 1, 96.00, NULL),
(5885, 1320, 859, 1, 67.00, NULL),
(5886, 1321, 859, 1, 62.00, NULL),
(5887, 1322, 859, 1, 96.00, NULL),
(5888, 1323, 859, 1, 92.00, NULL),
(5889, 1324, 859, 1, 52.00, NULL),
(5918, 1327, 859, 1, 82.00, NULL),
(5919, 1328, 859, 1, 70.00, NULL),
(5920, 1329, 859, 1, 65.00, NULL),
(5921, 1330, 859, 1, 98.00, NULL),
(5922, 1331, 859, 1, 56.00, NULL),
(5923, 1332, 859, 1, 69.00, NULL),
(5924, 1333, 859, 1, 86.00, NULL),
(5925, 1334, 859, 1, 98.00, NULL),
(5926, 1335, 859, 1, 68.00, NULL),
(5927, 1336, 859, 1, 57.00, NULL),
(5928, 1337, 859, 1, 62.00, NULL),
(5929, 1338, 859, 1, 84.00, NULL),
(5930, 1339, 859, 1, 59.00, NULL),
(5931, 1340, 859, 1, 85.00, NULL),
(5932, 1341, 859, 1, 52.00, NULL),
(5933, 1342, 859, 1, 67.00, NULL),
(5934, 1343, 859, 1, 71.00, NULL),
(5935, 1344, 859, 1, 70.00, NULL),
(5936, 1345, 859, 1, 53.00, NULL),
(5937, 1346, 859, 1, 75.00, NULL),
(5938, 1347, 859, 1, 65.00, NULL),
(5939, 1348, 859, 1, 65.00, NULL),
(5940, 1349, 859, 1, 67.00, NULL),
(5941, 1350, 859, 1, 53.00, NULL),
(5942, 1351, 859, 1, 76.00, NULL),
(5943, 1352, 859, 1, 78.00, NULL),
(5944, 1353, 859, 1, 86.00, NULL),
(5945, 1354, 859, 1, 56.00, NULL),
(5946, 1355, 859, 1, 84.00, NULL),
(5947, 1356, 859, 1, 82.00, NULL),
(5962, 1310, 859, 1, 63.00, NULL),
(5977, 1358, 873, 1, 26.00, NULL),
(5978, 1359, 873, 1, 59.00, NULL),
(5979, 1360, 873, 1, 77.00, NULL),
(5980, 1361, 873, 1, 86.00, NULL),
(5981, 1362, 873, 1, 65.00, NULL),
(5982, 1363, 873, 1, 51.00, NULL),
(5983, 1364, 873, 1, 80.00, NULL),
(5984, 1365, 873, 1, 68.00, NULL),
(5985, 1366, 873, 1, 51.00, NULL),
(5986, 1367, 873, 1, 65.00, NULL),
(5987, 1368, 873, 1, 87.00, NULL),
(5988, 1369, 873, 1, 58.00, NULL),
(5989, 1370, 873, 1, 52.00, NULL),
(5990, 1371, 873, 1, 82.00, NULL),
(5991, 1372, 873, 1, 47.00, NULL),
(5992, 1373, 873, 1, 51.00, NULL),
(5993, 1374, 873, 1, 65.00, NULL),
(5994, 1375, 873, 1, 66.00, NULL),
(5995, 1376, 873, 1, 54.00, NULL),
(5996, 1377, 873, 1, 79.00, NULL),
(5997, 1378, 873, 1, 73.00, NULL),
(5998, 1379, 873, 1, 73.00, NULL),
(5999, 1380, 873, 1, 58.00, NULL),
(6000, 1381, 873, 1, 91.00, NULL),
(6001, 1382, 873, 1, 69.00, NULL),
(6002, 1383, 873, 1, 65.00, NULL),
(6003, 1384, 873, 1, 85.00, NULL),
(6004, 1385, 873, 1, 60.00, NULL),
(6042, 920, 813, 1, 76.00, NULL),
(6043, 921, 813, 1, 61.00, NULL),
(6044, 922, 813, 1, 75.00, NULL),
(6045, 923, 813, 1, 73.00, NULL),
(6046, 924, 813, 1, 83.00, NULL),
(6047, 925, 813, 1, 63.00, NULL),
(6048, 926, 813, 1, 54.00, NULL),
(6049, 927, 813, 1, 77.00, NULL),
(6050, 928, 813, 1, 83.00, NULL),
(6052, 930, 813, 1, 59.00, NULL),
(6053, 931, 813, 1, 86.00, NULL),
(6054, 932, 813, 1, 74.00, NULL),
(6055, 933, 813, 1, 56.00, NULL),
(6056, 934, 813, 1, 68.00, NULL),
(6057, 935, 813, 1, 49.00, NULL),
(6058, 936, 813, 1, 63.00, NULL),
(6059, 937, 813, 1, 67.00, NULL),
(6060, 938, 813, 1, 77.00, NULL),
(6061, 939, 813, 1, 46.00, NULL),
(6062, 940, 813, 1, 70.00, NULL),
(6063, 941, 813, 1, 84.00, NULL),
(6064, 942, 813, 1, 87.00, NULL),
(6065, 943, 813, 1, 86.00, NULL),
(6066, 944, 813, 1, 87.00, NULL),
(6092, 1013, 813, 1, 46.00, NULL),
(6093, 1014, 813, 1, 87.00, NULL),
(6094, 1015, 813, 1, 64.00, NULL),
(6095, 1016, 813, 1, 65.00, NULL),
(6096, 1017, 813, 1, 79.00, NULL),
(6097, 1018, 813, 1, 65.00, NULL),
(6098, 1019, 813, 1, 47.00, NULL),
(6099, 1020, 813, 1, 66.00, NULL),
(6100, 1021, 813, 1, 92.00, NULL),
(6101, 1022, 813, 1, 89.00, NULL),
(6102, 1023, 813, 1, 87.00, NULL),
(6103, 1024, 813, 1, 61.00, NULL),
(6104, 1025, 813, 1, 60.00, NULL),
(6105, 1026, 813, 1, 83.00, NULL),
(6106, 1027, 813, 1, 62.00, NULL),
(6107, 1028, 813, 1, 42.00, NULL),
(6108, 1029, 813, 1, 46.00, NULL),
(6109, 1030, 813, 1, 86.00, NULL),
(6110, 1031, 813, 1, 38.00, NULL),
(6111, 1032, 813, 1, 54.00, NULL),
(6112, 1033, 813, 1, 73.00, NULL),
(6113, 1034, 813, 1, 53.00, NULL),
(6114, 1035, 813, 1, 73.00, NULL),
(6185, 1107, 813, 1, 71.00, NULL),
(6186, 1108, 813, 1, 68.00, NULL),
(6187, 1109, 813, 1, 66.00, NULL),
(6188, 1110, 813, 1, 70.00, NULL),
(6189, 1111, 813, 1, 29.00, NULL),
(6190, 1112, 813, 1, 57.00, NULL),
(6191, 1113, 813, 1, 81.00, NULL),
(6192, 1114, 813, 1, 80.00, NULL),
(6193, 1115, 813, 1, 71.00, NULL),
(6194, 1116, 813, 1, 79.00, NULL),
(6195, 1117, 813, 1, 52.00, NULL),
(6196, 1118, 813, 1, 56.00, NULL),
(6197, 1119, 813, 1, 82.00, NULL),
(6198, 1120, 813, 1, 42.00, NULL),
(6199, 1121, 813, 1, 92.00, NULL),
(6200, 1122, 813, 1, 90.00, NULL),
(6201, 1123, 813, 1, 82.00, NULL),
(6202, 1124, 813, 1, 56.00, NULL),
(6203, 1125, 813, 1, 68.00, NULL),
(6204, 1126, 813, 1, 34.00, NULL),
(6205, 1127, 813, 1, 65.00, NULL),
(6206, 1128, 813, 1, 82.00, NULL),
(6207, 1129, 813, 1, 56.00, NULL),
(6208, 1130, 813, 1, 65.00, NULL),
(6210, 1132, 813, 1, 88.00, NULL),
(6211, 1133, 813, 1, 83.00, NULL),
(6212, 1134, 813, 1, 88.00, NULL),
(6213, 1135, 813, 1, 71.00, NULL),
(6214, 1136, 813, 1, 76.00, NULL),
(6215, 1137, 813, 1, 64.00, NULL),
(6216, 1138, 813, 1, 86.00, NULL),
(6217, 1139, 813, 1, 27.00, NULL),
(6218, 1140, 813, 1, 62.00, NULL),
(6219, 1141, 813, 1, 56.00, NULL),
(6302, 1482, 918, 1, 53.00, NULL),
(6304, 1483, 918, 1, 57.00, NULL),
(6305, 1484, 918, 1, 61.00, NULL),
(6306, 1485, 918, 1, 54.00, NULL),
(6307, 1486, 918, 1, 88.00, NULL),
(6308, 1487, 918, 1, 64.00, NULL),
(6309, 1488, 918, 1, 59.00, NULL),
(6324, 1489, 918, 1, 76.00, NULL),
(6333, 1490, 918, 1, 77.00, NULL),
(6334, 1491, 918, 1, 52.00, NULL),
(6335, 1492, 918, 1, 71.00, NULL),
(6336, 1493, 918, 1, 65.00, NULL),
(6337, 1494, 918, 1, 45.00, NULL),
(6338, 1495, 918, 1, 45.00, NULL),
(6339, 1496, 918, 1, 58.00, NULL),
(6340, 1497, 918, 1, 56.00, NULL),
(6341, 1498, 918, 1, 60.00, NULL),
(6342, 1499, 918, 1, 49.00, NULL),
(6343, 1500, 918, 1, 58.00, NULL),
(6344, 1501, 918, 1, 74.00, NULL),
(6345, 1502, 918, 1, 67.00, NULL),
(6346, 1503, 918, 1, 73.00, NULL),
(6347, 1504, 918, 1, 54.00, NULL),
(6371, 1505, 918, 1, 80.00, NULL),
(6372, 1506, 918, 1, 49.00, NULL),
(6373, 1507, 918, 1, 49.00, NULL),
(6374, 1508, 918, 1, 68.00, NULL),
(6375, 1509, 918, 1, 59.00, NULL),
(6376, 1510, 918, 1, 71.00, NULL),
(6377, 1511, 918, 1, 59.00, NULL),
(6378, 1512, 918, 1, 62.00, NULL),
(6379, 1513, 918, 1, 62.00, NULL),
(6444, 1545, 933, 1, 67.00, NULL),
(6445, 1546, 933, 1, 69.00, NULL),
(6446, 1547, 933, 1, 71.00, NULL),
(6447, 1548, 933, 1, 57.00, NULL),
(6448, 1549, 933, 1, 90.00, NULL),
(6449, 1550, 933, 1, 57.00, NULL),
(6450, 1551, 933, 1, 72.00, NULL),
(6451, 1552, 933, 1, 78.00, NULL),
(6452, 1553, 933, 1, 73.00, NULL),
(6453, 1554, 933, 1, 53.00, NULL),
(6454, 1555, 933, 1, 73.00, NULL),
(6455, 1556, 933, 1, 63.00, NULL),
(6456, 1557, 933, 1, 45.00, NULL),
(6457, 1558, 933, 1, 81.00, NULL),
(6458, 1559, 933, 1, 91.00, NULL),
(6459, 1560, 933, 1, 66.00, NULL),
(6460, 1562, 933, 1, 83.00, NULL),
(6461, 1563, 933, 1, 76.00, NULL),
(6462, 1564, 933, 1, 84.00, NULL),
(6463, 1565, 933, 1, 79.00, NULL),
(6464, 1566, 933, 1, 64.00, NULL),
(6465, 1567, 933, 1, 71.00, NULL),
(6466, 1568, 933, 1, 88.00, NULL),
(6467, 1569, 933, 1, 89.00, NULL),
(6468, 1570, 933, 1, 93.00, NULL),
(6469, 1571, 933, 1, 81.00, NULL),
(6522, 1576, 948, 1, 52.00, NULL),
(6523, 1577, 948, 1, 65.00, NULL),
(6524, 1578, 948, 1, 47.00, NULL),
(6525, 1579, 948, 1, 52.00, NULL),
(6526, 1580, 948, 1, 89.00, NULL),
(6527, 1581, 948, 1, 52.00, NULL),
(6528, 1582, 948, 1, 42.00, NULL),
(6529, 1583, 948, 1, 63.00, NULL),
(6530, 1584, 948, 1, 62.00, NULL),
(6531, 1585, 948, 1, 59.00, NULL),
(6532, 1586, 948, 1, 52.00, NULL),
(6533, 1587, 948, 1, 55.00, NULL),
(6534, 1588, 948, 1, 62.00, NULL),
(6535, 1589, 948, 1, 55.00, NULL),
(6536, 1590, 948, 1, 48.00, NULL),
(6537, 1591, 948, 1, 41.00, NULL),
(6538, 1592, 948, 1, 54.00, NULL),
(6539, 1593, 948, 1, 61.00, NULL),
(6540, 1594, 948, 1, 52.00, NULL),
(6541, 1595, 948, 1, 67.00, NULL),
(6542, 1596, 948, 1, 69.00, NULL),
(6543, 1597, 948, 1, 58.00, NULL),
(6544, 1598, 948, 1, 61.00, NULL),
(6591, 1607, 963, 1, 69.00, NULL),
(6592, 1608, 963, 1, 73.00, NULL),
(6593, 1609, 963, 1, 68.00, NULL),
(6594, 1610, 963, 1, 74.00, NULL),
(6595, 1611, 963, 1, 59.00, NULL),
(6596, 1612, 963, 1, 69.00, NULL),
(6597, 1613, 963, 1, 66.00, NULL),
(6598, 1614, 963, 1, 44.00, NULL),
(6599, 1615, 963, 1, 63.00, NULL),
(6600, 1616, 963, 1, 64.00, NULL),
(6601, 1617, 963, 1, 81.00, NULL),
(6602, 1618, 963, 1, 61.00, NULL),
(6603, 1619, 963, 1, 52.00, NULL),
(6604, 1620, 963, 1, 52.00, NULL),
(6605, 1621, 963, 1, 64.00, NULL),
(6606, 1622, 963, 1, 65.00, NULL),
(6607, 1623, 963, 1, 89.00, NULL),
(6608, 1624, 963, 1, 70.00, NULL),
(6609, 1625, 963, 1, 62.00, NULL),
(6610, 1626, 963, 1, 45.00, NULL),
(6611, 1627, 963, 1, 54.00, NULL),
(6612, 1628, 963, 1, 73.00, NULL),
(6613, 1629, 963, 1, 52.00, NULL),
(6614, 889, 813, 1, 57.00, NULL),
(6615, 890, 813, 1, 79.00, NULL),
(6616, 891, 813, 1, 70.00, NULL),
(6617, 892, 813, 1, 66.00, NULL),
(6618, 893, 813, 1, 69.00, NULL),
(6619, 894, 813, 1, 57.00, NULL),
(6620, 895, 813, 1, 65.00, NULL),
(6621, 896, 813, 1, 79.00, NULL),
(6622, 897, 813, 1, 86.00, NULL),
(6623, 898, 813, 1, 73.00, NULL),
(6624, 899, 813, 1, 74.00, NULL),
(6625, 900, 813, 1, 36.00, NULL),
(6626, 901, 813, 1, 78.00, NULL),
(6627, 902, 813, 1, 88.00, NULL),
(6628, 903, 813, 1, 72.00, NULL),
(6629, 904, 813, 1, 72.00, NULL),
(6630, 905, 813, 1, 58.00, NULL),
(6631, 906, 813, 1, 89.00, NULL),
(6632, 907, 813, 1, 54.00, NULL),
(6633, 908, 813, 1, 81.00, NULL),
(6634, 909, 813, 1, 76.00, NULL),
(6635, 910, 813, 1, 74.00, NULL),
(6636, 911, 813, 1, 63.00, NULL),
(6637, 912, 813, 1, 73.00, NULL),
(6638, 913, 813, 1, 88.00, NULL),
(6639, 914, 813, 1, 62.00, NULL),
(6640, 915, 813, 1, 69.00, NULL),
(6641, 916, 813, 1, 67.00, NULL),
(6711, 889, 814, 1, 55.00, NULL),
(6712, 890, 814, 1, 75.00, NULL),
(6713, 891, 814, 1, 65.00, NULL),
(6714, 892, 814, 1, 70.00, NULL),
(6715, 893, 814, 1, 71.00, NULL),
(6716, 894, 814, 1, 56.00, NULL),
(6717, 895, 814, 1, 65.00, NULL),
(6718, 896, 814, 1, 78.00, NULL),
(6719, 897, 814, 1, 86.00, NULL),
(6720, 898, 814, 1, 70.00, NULL),
(6721, 899, 814, 1, 72.00, NULL),
(6722, 900, 814, 1, 47.00, NULL),
(6723, 901, 814, 1, 75.00, NULL),
(6724, 902, 814, 1, 84.00, NULL),
(6725, 903, 814, 1, 71.00, NULL),
(6726, 904, 814, 1, 71.00, NULL),
(6727, 905, 814, 1, 58.00, NULL),
(6728, 906, 814, 1, 85.00, NULL),
(6729, 907, 814, 1, 57.00, NULL),
(6730, 908, 814, 1, 77.00, NULL),
(6731, 909, 814, 1, 79.00, NULL),
(6732, 910, 814, 1, 71.00, NULL),
(6733, 911, 814, 1, 60.00, NULL),
(6734, 912, 814, 1, 72.00, NULL),
(6735, 913, 814, 1, 80.00, NULL),
(6736, 914, 814, 1, 62.00, NULL),
(6737, 915, 814, 1, 74.00, NULL),
(6738, 916, 814, 1, 60.00, NULL),
(6739, 889, 816, 1, 57.00, NULL),
(6740, 890, 816, 1, 76.00, NULL),
(6741, 891, 816, 1, 75.00, NULL),
(6742, 892, 816, 1, 73.00, NULL),
(6743, 893, 816, 1, 75.00, NULL),
(6744, 894, 816, 1, 57.00, NULL),
(6745, 895, 816, 1, 72.00, NULL),
(6746, 896, 816, 1, 80.00, NULL),
(6747, 897, 816, 1, 86.00, NULL),
(6748, 898, 816, 1, 77.00, NULL),
(6749, 899, 816, 1, 75.00, NULL),
(6750, 900, 816, 1, 53.00, NULL),
(6751, 901, 816, 1, 76.00, NULL),
(6752, 902, 816, 1, 85.00, NULL),
(6753, 903, 816, 1, 77.00, NULL),
(6754, 904, 816, 1, 72.00, NULL),
(6755, 905, 816, 1, 56.00, NULL),
(6756, 906, 816, 1, 86.00, NULL),
(6757, 907, 816, 1, 60.00, NULL),
(6758, 908, 816, 1, 75.00, NULL),
(6759, 909, 816, 1, 72.00, NULL),
(6760, 910, 816, 1, 76.00, NULL),
(6761, 911, 816, 1, 70.00, NULL),
(6762, 912, 816, 1, 71.00, NULL),
(6763, 913, 816, 1, 83.00, NULL),
(6764, 914, 816, 1, 72.00, NULL),
(6765, 915, 816, 1, 77.00, NULL),
(6766, 916, 816, 1, 70.00, NULL),
(6767, 889, 817, 1, 52.00, NULL),
(6768, 890, 817, 1, 60.00, NULL),
(6769, 891, 817, 1, 57.00, NULL),
(6770, 892, 817, 1, 58.00, NULL),
(6771, 893, 817, 1, 61.00, NULL),
(6772, 894, 817, 1, 52.00, NULL),
(6773, 895, 817, 1, 60.00, NULL),
(6774, 896, 817, 1, 70.00, NULL),
(6775, 897, 817, 1, 80.00, NULL),
(6776, 898, 817, 1, 62.00, NULL),
(6777, 899, 817, 1, 64.00, NULL),
(6778, 900, 817, 1, 53.00, NULL),
(6779, 901, 817, 1, 69.00, NULL),
(6780, 902, 817, 1, 82.00, NULL),
(6781, 903, 817, 1, 64.00, NULL),
(6782, 904, 817, 1, 67.00, NULL),
(6783, 905, 817, 1, 56.00, NULL),
(6784, 906, 817, 1, 83.00, NULL),
(6785, 907, 817, 1, 78.00, NULL),
(6786, 908, 817, 1, 71.00, NULL),
(6787, 909, 817, 1, 70.00, NULL),
(6788, 910, 817, 1, 61.00, NULL),
(6789, 911, 817, 1, 64.00, NULL),
(6790, 912, 817, 1, 66.00, NULL),
(6791, 913, 817, 1, 81.00, NULL),
(6792, 914, 817, 1, 60.00, NULL),
(6793, 915, 817, 1, 71.00, NULL),
(6794, 916, 817, 1, 66.00, NULL),
(6795, 889, 818, 1, 54.00, NULL),
(6796, 890, 818, 1, 79.00, NULL),
(6797, 891, 818, 1, 67.00, NULL),
(6798, 892, 818, 1, 64.00, NULL),
(6799, 893, 818, 1, 70.00, NULL),
(6800, 894, 818, 1, 55.00, NULL),
(6801, 895, 818, 1, 63.00, NULL),
(6802, 896, 818, 1, 86.00, NULL),
(6803, 897, 818, 1, 88.00, NULL),
(6804, 898, 818, 1, 75.00, NULL),
(6805, 899, 818, 1, 70.00, NULL),
(6806, 900, 818, 1, 38.00, NULL),
(6807, 901, 818, 1, 80.00, NULL),
(6808, 902, 818, 1, 88.00, NULL),
(6809, 903, 818, 1, 74.00, NULL),
(6810, 904, 818, 1, 75.00, NULL),
(6811, 905, 818, 1, 57.00, NULL),
(6812, 906, 818, 1, 88.00, NULL),
(6813, 907, 818, 1, 56.00, NULL),
(6814, 908, 818, 1, 80.00, NULL),
(6815, 909, 818, 1, 75.00, NULL),
(6816, 910, 818, 1, 70.00, NULL),
(6817, 911, 818, 1, 63.00, NULL),
(6818, 912, 818, 1, 70.00, NULL),
(6819, 913, 818, 1, 88.00, NULL),
(6820, 914, 818, 1, 66.00, NULL),
(6821, 915, 818, 1, 75.00, NULL),
(6822, 916, 818, 1, 71.00, NULL),
(6823, 889, 819, 1, 60.00, NULL),
(6824, 890, 819, 1, 74.00, NULL),
(6825, 891, 819, 1, 72.00, NULL),
(6826, 892, 819, 1, 71.00, NULL),
(6827, 893, 819, 1, 73.00, NULL),
(6828, 894, 819, 1, 60.00, NULL),
(6829, 895, 819, 1, 68.00, NULL),
(6830, 896, 819, 1, 79.00, NULL),
(6831, 897, 819, 1, 85.00, NULL),
(6832, 898, 819, 1, 72.00, NULL),
(6833, 899, 819, 1, 73.00, NULL),
(6834, 900, 819, 1, 52.00, NULL),
(6835, 901, 819, 1, 78.00, NULL),
(6836, 902, 819, 1, 83.00, NULL),
(6837, 903, 819, 1, 75.00, NULL),
(6838, 904, 819, 1, 74.00, NULL),
(6839, 905, 819, 1, 54.00, NULL),
(6840, 906, 819, 1, 80.00, NULL),
(6841, 907, 819, 1, 61.00, NULL),
(6842, 908, 819, 1, 76.00, NULL),
(6843, 909, 819, 1, 73.00, NULL),
(6844, 910, 819, 1, 73.00, NULL),
(6845, 911, 819, 1, 66.00, NULL),
(6846, 912, 819, 1, 73.00, NULL),
(6847, 913, 819, 1, 82.00, NULL),
(6848, 914, 819, 1, 70.00, NULL),
(6849, 915, 819, 1, 78.00, NULL),
(6850, 916, 819, 1, 76.00, NULL),
(6851, 889, 820, 1, 53.00, NULL),
(6852, 890, 820, 1, 77.00, NULL),
(6853, 891, 820, 1, 66.00, NULL),
(6854, 892, 820, 1, 68.00, NULL),
(6855, 893, 820, 1, 72.00, NULL),
(6856, 894, 820, 1, 54.00, NULL),
(6857, 895, 820, 1, 60.00, NULL),
(6858, 896, 820, 1, 77.00, NULL),
(6859, 897, 820, 1, 84.00, NULL),
(6860, 898, 820, 1, 71.00, NULL),
(6861, 899, 820, 1, 70.00, NULL),
(6862, 900, 820, 1, 38.00, NULL),
(6863, 901, 820, 1, 77.00, NULL),
(6864, 902, 820, 1, 86.00, NULL),
(6865, 903, 820, 1, 73.00, NULL),
(6866, 904, 820, 1, 70.00, NULL),
(6867, 905, 820, 1, 55.00, NULL),
(6868, 906, 820, 1, 86.00, NULL),
(6869, 907, 820, 1, 58.00, NULL),
(6870, 908, 820, 1, 80.00, NULL),
(6871, 909, 820, 1, 76.00, NULL),
(6872, 910, 820, 1, 73.00, NULL),
(6873, 911, 820, 1, 69.00, NULL),
(6874, 912, 820, 1, 74.00, NULL),
(6875, 913, 820, 1, 85.00, NULL),
(6876, 914, 820, 1, 63.00, NULL),
(6877, 915, 820, 1, 74.00, NULL),
(6878, 916, 820, 1, 69.00, NULL),
(6907, 743, 821, 1, 78.00, NULL),
(6908, 744, 821, 1, 63.00, NULL),
(6909, 745, 821, 1, 87.00, NULL),
(6910, 746, 821, 1, 77.00, NULL),
(6911, 747, 821, 1, 64.00, NULL),
(6912, 748, 821, 1, 88.00, NULL),
(6913, 749, 821, 1, 88.00, NULL),
(6914, 750, 821, 1, 84.00, NULL),
(6915, 751, 821, 1, 81.00, NULL),
(6916, 752, 821, 1, 75.00, NULL),
(6917, 753, 821, 1, 72.00, NULL),
(6918, 754, 821, 1, 71.00, NULL),
(6919, 755, 821, 1, 81.00, NULL),
(6920, 756, 821, 1, 61.00, NULL),
(6921, 757, 821, 1, 69.00, NULL),
(6922, 758, 821, 1, 68.00, NULL),
(6923, 759, 821, 1, 66.00, NULL),
(6925, 761, 821, 1, 59.00, NULL),
(6926, 762, 821, 1, 78.00, NULL),
(6927, 763, 821, 1, 63.00, NULL),
(6928, 764, 821, 1, 88.00, NULL),
(6929, 765, 821, 1, 73.00, NULL),
(6930, 766, 821, 1, 80.00, NULL),
(6931, 767, 821, 1, 79.00, NULL),
(6932, 769, 821, 1, 64.00, NULL),
(6933, 768, 821, 1, 91.00, NULL),
(6986, 770, 821, 1, 65.00, NULL),
(6987, 771, 821, 1, 77.00, NULL),
(6988, 772, 821, 1, 60.00, NULL),
(6989, 773, 821, 1, 88.00, NULL),
(6990, 774, 821, 1, 82.00, NULL),
(6991, 775, 821, 1, 88.00, NULL),
(6993, 777, 821, 1, 66.00, NULL),
(6994, 778, 821, 1, 68.00, NULL),
(6995, 779, 821, 1, 91.00, NULL),
(6996, 780, 821, 1, 68.00, NULL),
(6997, 781, 821, 1, 67.00, NULL),
(6998, 782, 821, 1, 54.00, NULL),
(6999, 783, 821, 1, 88.00, NULL),
(7000, 784, 821, 1, 89.00, NULL),
(7001, 785, 821, 1, 67.00, NULL),
(7002, 786, 821, 1, 79.00, NULL),
(7003, 787, 821, 1, 94.00, NULL),
(7004, 788, 821, 1, 81.00, NULL),
(7006, 790, 821, 1, 64.00, NULL),
(7007, 791, 821, 1, 68.00, NULL),
(7008, 792, 821, 1, 57.00, NULL),
(7009, 793, 821, 1, 61.00, NULL),
(7010, 794, 821, 1, 76.00, NULL),
(7011, 795, 821, 1, 58.00, NULL),
(7036, 796, 821, 1, 68.00, NULL),
(7037, 797, 821, 1, 89.00, NULL),
(7038, 798, 821, 1, 90.00, NULL),
(7039, 799, 821, 1, 72.00, NULL),
(7040, 800, 821, 1, 98.00, NULL),
(7041, 801, 821, 1, 62.00, NULL),
(7042, 802, 821, 1, 90.00, NULL),
(7043, 803, 821, 1, 55.00, NULL),
(7044, 804, 821, 1, 86.00, NULL),
(7045, 805, 821, 1, 80.00, NULL),
(7046, 806, 821, 1, 74.00, NULL),
(7047, 807, 821, 1, 87.00, NULL),
(7048, 808, 821, 1, 81.00, NULL),
(7049, 809, 821, 1, 62.00, NULL),
(7050, 810, 821, 1, 65.00, NULL),
(7051, 811, 821, 1, 51.00, NULL),
(7052, 812, 821, 1, 86.00, NULL),
(7053, 813, 821, 1, 88.00, NULL),
(7054, 814, 821, 1, 85.00, NULL),
(7055, 815, 821, 1, 82.00, NULL),
(7056, 816, 821, 1, 69.00, NULL),
(7057, 817, 821, 1, 79.00, NULL),
(7058, 818, 821, 1, 84.00, NULL),
(7059, 819, 821, 1, 78.00, NULL),
(7060, 820, 821, 1, 95.00, NULL),
(7061, 821, 821, 1, 81.00, NULL),
(7062, 822, 821, 1, 98.00, NULL),
(7063, 823, 821, 1, 62.00, NULL),
(7092, 858, 821, 1, 73.00, NULL),
(7093, 859, 821, 1, 94.00, NULL),
(7094, 860, 821, 1, 77.00, NULL),
(7095, 861, 821, 1, 55.00, NULL),
(7096, 862, 821, 1, 80.00, NULL),
(7097, 863, 821, 1, 61.00, NULL),
(7098, 864, 821, 1, 72.00, NULL),
(7099, 865, 821, 1, 76.00, NULL),
(7100, 866, 821, 1, 59.00, NULL),
(7101, 867, 821, 1, 79.00, NULL),
(7102, 868, 821, 1, 70.00, NULL),
(7103, 869, 821, 1, 70.00, NULL),
(7104, 870, 821, 1, 66.00, NULL),
(7105, 871, 821, 1, 77.00, NULL),
(7106, 872, 821, 1, 67.00, NULL),
(7107, 873, 821, 1, 66.00, NULL),
(7108, 874, 821, 1, 67.00, NULL),
(7109, 875, 821, 1, 60.00, NULL),
(7110, 876, 821, 1, 60.00, NULL),
(7111, 877, 821, 1, 82.00, NULL),
(7112, 878, 821, 1, 68.00, NULL),
(7113, 879, 821, 1, 78.00, NULL),
(7114, 880, 821, 1, 83.00, NULL),
(7115, 881, 821, 1, 66.00, NULL),
(7116, 883, 821, 1, 60.00, NULL),
(7117, 884, 821, 1, 63.00, NULL),
(7118, 882, 821, 1, 59.00, NULL),
(7119, 885, 821, 1, 58.00, NULL),
(7148, 1233, 843, 1, 66.00, NULL),
(7149, 1234, 843, 1, 64.00, NULL),
(7150, 1235, 843, 1, 68.00, NULL),
(7151, 1236, 843, 1, 65.00, NULL),
(7152, 1237, 843, 1, 56.00, NULL),
(7153, 1238, 843, 1, 56.00, NULL),
(7154, 1239, 843, 1, 84.00, NULL),
(7155, 1240, 843, 1, 62.00, NULL),
(7156, 1241, 843, 1, 72.00, NULL),
(7157, 1242, 843, 1, 56.00, NULL),
(7158, 1243, 843, 1, 70.00, NULL),
(7159, 1244, 843, 1, 81.00, NULL),
(7160, 1245, 843, 1, 60.00, NULL),
(7161, 1246, 843, 1, 77.00, NULL),
(7162, 1247, 843, 1, 62.00, NULL),
(7163, 1248, 843, 1, 61.00, NULL),
(7164, 1249, 843, 1, 63.00, NULL),
(7165, 1250, 843, 1, 84.00, NULL),
(7166, 1251, 843, 1, 58.00, NULL),
(7167, 1252, 843, 1, 62.00, NULL),
(7168, 1253, 843, 1, 76.00, NULL),
(7169, 1254, 843, 1, 59.00, NULL),
(7170, 1255, 843, 1, 67.00, NULL),
(7171, 1256, 843, 1, 73.00, NULL),
(7173, 1258, 843, 1, 86.00, NULL),
(7174, 1259, 843, 1, 66.00, NULL),
(7175, 1260, 843, 1, 78.00, NULL),
(7176, 1261, 843, 1, 64.00, NULL),
(7177, 1262, 843, 1, 56.00, NULL),
(7178, 1263, 843, 1, 92.00, NULL),
(7179, 1264, 843, 1, 58.00, NULL),
(7180, 1265, 843, 1, 84.00, NULL),
(7181, 1266, 843, 1, 58.00, NULL),
(7182, 1267, 843, 1, 58.00, NULL),
(7251, 1358, 876, 1, 36.00, NULL),
(7252, 1359, 876, 1, 52.00, NULL),
(7253, 1360, 876, 1, 64.00, NULL),
(7254, 1361, 876, 1, 85.00, NULL),
(7255, 1362, 876, 1, 61.00, NULL),
(7256, 1363, 876, 1, 62.00, NULL),
(7257, 1364, 876, 1, 88.00, NULL),
(7258, 1365, 876, 1, 62.00, NULL),
(7259, 1366, 876, 1, 71.00, NULL),
(7260, 1367, 876, 1, 63.00, NULL),
(7261, 1368, 876, 1, 84.00, NULL),
(7262, 1369, 876, 1, 53.00, NULL),
(7263, 1370, 876, 1, 51.00, NULL),
(7264, 1371, 876, 1, 61.00, NULL),
(7265, 1372, 876, 1, 57.00, NULL),
(7266, 1373, 876, 1, 61.00, NULL),
(7267, 1374, 876, 1, 57.00, NULL),
(7268, 1375, 876, 1, 56.00, NULL),
(7269, 1376, 876, 1, 52.00, NULL),
(7270, 1377, 876, 1, 66.00, NULL),
(7271, 1378, 876, 1, 48.00, NULL),
(7272, 1379, 876, 1, 71.00, NULL),
(7273, 1380, 876, 1, 69.00, NULL),
(7274, 1381, 876, 1, 77.00, NULL),
(7275, 1382, 876, 1, 66.00, NULL),
(7276, 1383, 876, 1, 72.00, NULL),
(7277, 1384, 876, 1, 67.00, NULL),
(7278, 1385, 876, 1, 79.00, NULL),
(7279, 1389, 880, 1, 73.00, NULL),
(7280, 1390, 880, 1, 92.00, NULL),
(7282, 1392, 880, 1, 71.00, NULL),
(7283, 1393, 880, 1, 59.00, NULL),
(7284, 1394, 880, 1, 78.00, NULL),
(7285, 1395, 880, 1, 80.00, NULL),
(7286, 1396, 880, 1, 60.00, NULL),
(7287, 1397, 880, 1, 75.00, NULL),
(7288, 1398, 880, 1, 59.00, NULL),
(7289, 1399, 880, 1, 74.00, NULL),
(7290, 1400, 880, 1, 81.00, NULL),
(7291, 1401, 880, 1, 64.00, NULL),
(7293, 1403, 880, 1, 76.00, NULL),
(7294, 1404, 880, 1, 68.00, NULL),
(7295, 1405, 880, 1, 62.00, NULL),
(7296, 1406, 880, 1, 72.00, NULL),
(7297, 1407, 880, 1, 100.00, NULL),
(7298, 1408, 880, 1, 71.00, NULL),
(7299, 1409, 880, 1, 100.00, NULL),
(7300, 1410, 880, 1, 71.00, NULL),
(7301, 1411, 880, 1, 81.00, NULL);
INSERT INTO `calificaciones` (`id_calificacion`, `id_estudiante`, `id_materia`, `bimestre`, `calificacion`, `comentario`) VALUES
(7302, 1412, 880, 1, 60.00, NULL),
(7303, 1413, 880, 1, 79.00, NULL),
(7304, 1414, 880, 1, 100.00, NULL),
(7305, 1415, 880, 1, 57.00, NULL),
(7306, 1416, 880, 1, 70.00, NULL),
(7307, 1417, 880, 1, 63.00, NULL),
(7362, 1420, 902, 1, 67.00, NULL),
(7363, 1421, 902, 1, 74.00, NULL),
(7364, 1422, 902, 1, 71.00, NULL),
(7365, 1423, 902, 1, 52.00, NULL),
(7366, 1424, 902, 1, 82.00, NULL),
(7367, 1425, 902, 1, 47.00, NULL),
(7368, 1426, 902, 1, 60.00, NULL),
(7369, 1427, 902, 1, 74.00, NULL),
(7370, 1428, 902, 1, 53.00, NULL),
(7371, 1429, 902, 1, 44.00, NULL),
(7372, 1430, 902, 1, 66.00, NULL),
(7373, 1431, 902, 1, 49.00, NULL),
(7374, 1432, 902, 1, 52.00, NULL),
(7375, 1433, 902, 1, 51.00, NULL),
(7376, 1434, 902, 1, 63.00, NULL),
(7377, 1435, 902, 1, 61.00, NULL),
(7378, 1436, 902, 1, 58.00, NULL),
(7379, 1437, 902, 1, 71.00, NULL),
(7380, 1438, 902, 1, 66.00, NULL),
(7381, 1439, 902, 1, 77.00, NULL),
(7382, 1440, 902, 1, 74.00, NULL),
(7383, 1441, 902, 1, 63.00, NULL),
(7384, 1442, 902, 1, 67.00, NULL),
(7385, 1443, 902, 1, 46.00, NULL),
(7386, 1444, 902, 1, 58.00, NULL),
(7387, 1445, 902, 1, 80.00, NULL),
(7388, 1446, 902, 1, 66.00, NULL),
(7389, 1447, 902, 1, 51.00, NULL),
(7390, 1451, 902, 1, 55.00, NULL),
(7391, 1452, 902, 1, 49.00, NULL),
(7392, 1453, 902, 1, 57.00, NULL),
(7393, 1454, 902, 1, 65.00, NULL),
(7394, 1455, 902, 1, 44.00, NULL),
(7395, 1456, 902, 1, 51.00, NULL),
(7396, 1457, 902, 1, 49.00, NULL),
(7397, 1458, 902, 1, 56.00, NULL),
(7398, 1459, 902, 1, 63.00, NULL),
(7399, 1460, 902, 1, 69.00, NULL),
(7400, 1461, 902, 1, 73.00, NULL),
(7401, 1462, 902, 1, 60.00, NULL),
(7402, 1463, 902, 1, 47.00, NULL),
(7403, 1464, 902, 1, 57.00, NULL),
(7404, 1465, 902, 1, 63.00, NULL),
(7405, 1466, 902, 1, 74.00, NULL),
(7406, 1467, 902, 1, 43.00, NULL),
(7407, 1468, 902, 1, 51.00, NULL),
(7408, 1469, 902, 1, 52.00, NULL),
(7409, 1470, 902, 1, 43.00, NULL),
(7410, 1471, 902, 1, 47.00, NULL),
(7411, 1472, 902, 1, 53.00, NULL),
(7412, 1473, 902, 1, 58.00, NULL),
(7413, 1474, 902, 1, 49.00, NULL),
(7414, 1475, 902, 1, 61.00, NULL),
(7415, 1476, 902, 1, 53.00, NULL),
(7416, 1477, 902, 1, 57.00, NULL),
(7417, 1482, 915, 1, 48.00, NULL),
(7418, 1483, 915, 1, 57.00, NULL),
(7419, 1484, 915, 1, 59.00, NULL),
(7420, 1485, 915, 1, 53.00, NULL),
(7421, 1486, 915, 1, 60.00, NULL),
(7422, 1487, 915, 1, 52.00, NULL),
(7423, 1488, 915, 1, 61.00, NULL),
(7424, 1489, 915, 1, 62.00, NULL),
(7425, 1490, 915, 1, 56.00, NULL),
(7426, 1491, 915, 1, 62.00, NULL),
(7427, 1492, 915, 1, 51.00, NULL),
(7428, 1493, 915, 1, 56.00, NULL),
(7429, 1494, 915, 1, 48.00, NULL),
(7430, 1495, 915, 1, 61.00, NULL),
(7431, 1496, 915, 1, 62.00, NULL),
(7432, 1497, 915, 1, 57.00, NULL),
(7433, 1498, 915, 1, 47.00, NULL),
(7434, 1499, 915, 1, 46.00, NULL),
(7435, 1500, 915, 1, 53.00, NULL),
(7436, 1501, 915, 1, 54.00, NULL),
(7437, 1502, 915, 1, 55.00, NULL),
(7438, 1503, 915, 1, 59.00, NULL),
(7439, 1504, 915, 1, 51.00, NULL),
(7440, 1505, 915, 1, 66.00, NULL),
(7441, 1506, 915, 1, 46.00, NULL),
(7442, 1507, 915, 1, 52.00, NULL),
(7443, 1508, 915, 1, 61.00, NULL),
(7444, 1509, 915, 1, 51.00, NULL),
(7445, 1510, 915, 1, 56.00, NULL),
(7446, 1511, 915, 1, 52.00, NULL),
(7447, 1512, 915, 1, 57.00, NULL),
(7448, 1513, 915, 1, 58.00, NULL),
(7449, 1545, 930, 1, 75.00, NULL),
(7450, 1546, 930, 1, 74.00, NULL),
(7451, 1547, 930, 1, 48.00, NULL),
(7452, 1548, 930, 1, 78.00, NULL),
(7453, 1549, 930, 1, 82.00, NULL),
(7454, 1550, 930, 1, 73.00, NULL),
(7455, 1551, 930, 1, 64.00, NULL),
(7456, 1552, 930, 1, 62.00, NULL),
(7457, 1553, 930, 1, 63.00, NULL),
(7458, 1554, 930, 1, 58.00, NULL),
(7459, 1555, 930, 1, 62.00, NULL),
(7460, 1556, 930, 1, 52.00, NULL),
(7461, 1557, 930, 1, 62.00, NULL),
(7462, 1558, 930, 1, 60.00, NULL),
(7463, 1559, 930, 1, 88.00, NULL),
(7464, 1560, 930, 1, 61.00, NULL),
(7465, 1562, 930, 1, 79.00, NULL),
(7466, 1563, 930, 1, 52.00, NULL),
(7467, 1564, 930, 1, 61.00, NULL),
(7468, 1565, 930, 1, 75.00, NULL),
(7469, 1566, 930, 1, 68.00, NULL),
(7470, 1567, 930, 1, 60.00, NULL),
(7471, 1568, 930, 1, 82.00, NULL),
(7472, 1569, 930, 1, 78.00, NULL),
(7473, 1570, 930, 1, 85.00, NULL),
(7474, 1571, 930, 1, 79.00, NULL),
(7475, 1576, 945, 1, 51.00, NULL),
(7476, 1577, 945, 1, 75.00, NULL),
(7477, 1578, 945, 1, 49.00, NULL),
(7478, 1579, 945, 1, 57.00, NULL),
(7479, 1580, 945, 1, 72.00, NULL),
(7480, 1581, 945, 1, 63.00, NULL),
(7481, 1582, 945, 1, 47.00, NULL),
(7482, 1583, 945, 1, 77.00, NULL),
(7483, 1584, 945, 1, 73.00, NULL),
(7484, 1585, 945, 1, 63.00, NULL),
(7485, 1586, 945, 1, 56.00, NULL),
(7486, 1587, 945, 1, 56.00, NULL),
(7487, 1588, 945, 1, 61.00, NULL),
(7488, 1589, 945, 1, 65.00, NULL),
(7489, 1590, 945, 1, 68.00, NULL),
(7490, 1591, 945, 1, 48.00, NULL),
(7491, 1592, 945, 1, 47.00, NULL),
(7492, 1593, 945, 1, 71.00, NULL),
(7493, 1594, 945, 1, 52.00, NULL),
(7494, 1595, 945, 1, 72.00, NULL),
(7495, 1596, 945, 1, 77.00, NULL),
(7496, 1597, 945, 1, 68.00, NULL),
(7497, 1598, 945, 1, 63.00, NULL),
(7498, 1607, 960, 1, 70.00, NULL),
(7499, 1608, 960, 1, 80.00, NULL),
(7500, 1609, 960, 1, 83.00, NULL),
(7501, 1610, 960, 1, 79.00, NULL),
(7502, 1611, 960, 1, 61.00, NULL),
(7503, 1612, 960, 1, 65.00, NULL),
(7504, 1613, 960, 1, 66.00, NULL),
(7505, 1614, 960, 1, 68.00, NULL),
(7506, 1615, 960, 1, 67.00, NULL),
(7507, 1616, 960, 1, 65.00, NULL),
(7508, 1617, 960, 1, 86.00, NULL),
(7509, 1618, 960, 1, 63.00, NULL),
(7510, 1619, 960, 1, 62.00, NULL),
(7511, 1620, 960, 1, 67.00, NULL),
(7512, 1621, 960, 1, 70.00, NULL),
(7513, 1622, 960, 1, 49.00, NULL),
(7514, 1623, 960, 1, 78.00, NULL),
(7515, 1624, 960, 1, 80.00, NULL),
(7516, 1625, 960, 1, 74.00, NULL),
(7517, 1626, 960, 1, 45.00, NULL),
(7518, 1627, 960, 1, 85.00, NULL),
(7519, 1628, 960, 1, 67.00, NULL),
(7520, 1629, 960, 1, 64.00, NULL),
(7521, 951, 818, 1, 55.00, NULL),
(7522, 952, 818, 1, 74.00, NULL),
(7523, 953, 818, 1, 47.00, NULL),
(7524, 954, 818, 1, 72.00, NULL),
(7525, 955, 818, 1, 66.00, NULL),
(7526, 956, 818, 1, 59.00, NULL),
(7527, 957, 818, 1, 59.00, NULL),
(7528, 958, 818, 1, 62.00, NULL),
(7529, 959, 818, 1, 71.00, NULL),
(7530, 960, 818, 1, 84.00, NULL),
(7531, 961, 818, 1, 54.00, NULL),
(7532, 962, 818, 1, 59.00, NULL),
(7533, 963, 818, 1, 83.00, NULL),
(7534, 964, 818, 1, 66.00, NULL),
(7535, 965, 818, 1, 76.00, NULL),
(7536, 966, 818, 1, 64.00, NULL),
(7537, 967, 818, 1, 67.00, NULL),
(7538, 968, 818, 1, 51.00, NULL),
(7539, 969, 818, 1, 64.00, NULL),
(7540, 970, 818, 1, 94.00, NULL),
(7541, 971, 818, 1, 82.00, NULL),
(7542, 972, 818, 1, 69.00, NULL),
(7543, 973, 818, 1, 82.00, NULL),
(7544, 974, 818, 1, 94.00, NULL),
(7545, 975, 818, 1, 64.00, NULL),
(7546, 976, 818, 1, 82.00, NULL),
(7547, 977, 818, 1, 64.00, NULL),
(7575, 982, 816, 1, 82.00, NULL),
(7576, 983, 816, 1, 85.00, NULL),
(7577, 984, 816, 1, 61.00, NULL),
(7578, 985, 816, 1, 91.00, NULL),
(7579, 986, 816, 1, 77.00, NULL),
(7580, 987, 816, 1, 80.00, NULL),
(7581, 988, 816, 1, 99.00, NULL),
(7582, 989, 816, 1, 94.00, NULL),
(7583, 990, 816, 1, 91.00, NULL),
(7584, 991, 816, 1, 72.00, NULL),
(7585, 992, 816, 1, 59.00, NULL),
(7586, 993, 816, 1, 73.00, NULL),
(7587, 994, 816, 1, 96.00, NULL),
(7588, 995, 816, 1, 98.00, NULL),
(7589, 996, 816, 1, 79.00, NULL),
(7590, 997, 816, 1, 53.00, NULL),
(7591, 998, 816, 1, 68.00, NULL),
(7592, 999, 816, 1, 64.00, NULL),
(7593, 1000, 816, 1, 73.00, NULL),
(7594, 1001, 816, 1, 80.00, NULL),
(7595, 1002, 816, 1, 89.00, NULL),
(7596, 1003, 816, 1, 70.00, NULL),
(7597, 1004, 816, 1, 94.00, NULL),
(7598, 1005, 816, 1, 68.00, NULL),
(7623, 982, 818, 1, 81.00, NULL),
(7624, 983, 818, 1, 89.00, NULL),
(7625, 984, 818, 1, 58.00, NULL),
(7626, 985, 818, 1, 90.00, NULL),
(7627, 986, 818, 1, 70.00, NULL),
(7628, 987, 818, 1, 65.00, NULL),
(7629, 988, 818, 1, 98.00, NULL),
(7630, 989, 818, 1, 95.00, NULL),
(7631, 990, 818, 1, 89.00, NULL),
(7632, 991, 818, 1, 72.00, NULL),
(7633, 992, 818, 1, 61.00, NULL),
(7634, 993, 818, 1, 77.00, NULL),
(7635, 994, 818, 1, 99.00, NULL),
(7636, 995, 818, 1, 95.00, NULL),
(7637, 996, 818, 1, 80.00, NULL),
(7638, 997, 818, 1, 46.00, NULL),
(7639, 998, 818, 1, 65.00, NULL),
(7640, 999, 818, 1, 65.00, NULL),
(7641, 1000, 818, 1, 65.00, NULL),
(7642, 1001, 818, 1, 72.00, NULL),
(7643, 1002, 818, 1, 82.00, NULL),
(7644, 1003, 818, 1, 64.00, NULL),
(7645, 1004, 818, 1, 93.00, NULL),
(7646, 1005, 818, 1, 59.00, NULL),
(7671, 1013, 816, 1, 58.00, NULL),
(7672, 1014, 816, 1, 90.00, NULL),
(7673, 1015, 816, 1, 74.00, NULL),
(7674, 1016, 816, 1, 69.00, NULL),
(7675, 1017, 816, 1, 91.00, NULL),
(7676, 1018, 816, 1, 63.00, NULL),
(7677, 1019, 816, 1, 65.00, NULL),
(7678, 1020, 816, 1, 70.00, NULL),
(7679, 1021, 816, 1, 93.00, NULL),
(7680, 1022, 816, 1, 86.00, NULL),
(7681, 1023, 816, 1, 80.00, NULL),
(7682, 1024, 816, 1, 93.00, NULL),
(7683, 1025, 816, 1, 90.00, NULL),
(7684, 1026, 816, 1, 80.00, NULL),
(7685, 1027, 816, 1, 61.00, NULL),
(7686, 1028, 816, 1, 61.00, NULL),
(7687, 1029, 816, 1, 58.00, NULL),
(7688, 1030, 816, 1, 92.00, NULL),
(7689, 1031, 816, 1, 63.00, NULL),
(7690, 1032, 816, 1, 55.00, NULL),
(7691, 1033, 816, 1, 81.00, NULL),
(7692, 1034, 816, 1, 58.00, NULL),
(7693, 1035, 816, 1, 92.00, NULL),
(7731, 1044, 818, 1, 89.00, NULL),
(7732, 1045, 818, 1, 63.00, NULL),
(7733, 1046, 818, 1, 72.00, NULL),
(7734, 1047, 818, 1, 72.00, NULL),
(7735, 1048, 818, 1, 59.00, NULL),
(7736, 1049, 818, 1, 89.00, NULL),
(7737, 1050, 818, 1, 86.00, NULL),
(7738, 1051, 818, 1, 84.00, NULL),
(7739, 1052, 818, 1, 51.00, NULL),
(7740, 1053, 818, 1, 85.00, NULL),
(7741, 1054, 818, 1, 60.00, NULL),
(7742, 1055, 818, 1, 74.00, NULL),
(7743, 1056, 818, 1, 56.00, NULL),
(7744, 1057, 818, 1, 85.00, NULL),
(7746, 1059, 818, 1, 89.00, NULL),
(7747, 1060, 818, 1, 57.00, NULL),
(7748, 1061, 818, 1, 70.00, NULL),
(7749, 1062, 818, 1, 80.00, NULL),
(7750, 1063, 818, 1, 93.00, NULL),
(7751, 1064, 818, 1, 65.00, NULL),
(7752, 1065, 818, 1, 62.00, NULL),
(7753, 1066, 818, 1, 90.00, NULL),
(7754, 1067, 818, 1, 72.00, NULL),
(7755, 1068, 818, 1, 82.00, NULL),
(7756, 1069, 818, 1, 68.00, NULL),
(7757, 1070, 818, 1, 66.00, NULL),
(7758, 1071, 818, 1, 55.00, NULL),
(7759, 1072, 818, 1, 74.00, NULL),
(7760, 1073, 818, 1, 92.00, NULL),
(7761, 1074, 818, 1, 51.00, NULL),
(7762, 1075, 818, 1, 51.00, NULL),
(7763, 1076, 818, 1, 88.00, NULL),
(7764, 1077, 818, 1, 88.00, NULL),
(7765, 1078, 818, 1, 71.00, NULL),
(7766, 1079, 818, 1, 71.00, NULL),
(7802, 1170, 840, 1, 64.00, NULL),
(7803, 1171, 840, 1, 60.00, NULL),
(7804, 1172, 840, 1, 58.00, NULL),
(7805, 1173, 840, 1, 72.00, NULL),
(7806, 1174, 840, 1, 80.00, NULL),
(7807, 1175, 840, 1, 53.00, NULL),
(7808, 1176, 840, 1, 59.00, NULL),
(7809, 1177, 840, 1, 66.00, NULL),
(7810, 1178, 840, 1, 75.00, NULL),
(7811, 1179, 840, 1, 57.00, NULL),
(7812, 1180, 840, 1, 72.00, NULL),
(7813, 1181, 840, 1, 60.00, NULL),
(7814, 1182, 840, 1, 89.00, NULL),
(7815, 1183, 840, 1, 87.00, NULL),
(7816, 1184, 840, 1, 65.00, NULL),
(7817, 1185, 840, 1, 85.00, NULL),
(7818, 1186, 840, 1, 74.00, NULL),
(7819, 1187, 840, 1, 70.00, NULL),
(7820, 1188, 840, 1, 66.00, NULL),
(7821, 1189, 840, 1, 83.00, NULL),
(7822, 1190, 840, 1, 77.00, NULL),
(7823, 1191, 840, 1, 60.00, NULL),
(7824, 1192, 840, 1, 40.00, NULL),
(7825, 1193, 840, 1, 76.00, NULL),
(7826, 1194, 840, 1, 91.00, NULL),
(7827, 1195, 840, 1, 76.00, NULL),
(7828, 1196, 840, 1, 55.00, NULL),
(7829, 1197, 840, 1, 88.00, NULL),
(7830, 1198, 840, 1, 38.00, NULL),
(7831, 1199, 840, 1, 56.00, NULL),
(7832, 1200, 840, 1, 71.00, NULL),
(7833, 1201, 840, 1, 47.00, NULL),
(7834, 1202, 840, 1, 76.00, NULL),
(7835, 1203, 840, 1, 77.00, NULL),
(7836, 1204, 840, 1, 58.00, NULL),
(7837, 1205, 840, 1, 66.00, NULL),
(7838, 1206, 840, 1, 68.00, NULL),
(7876, 1233, 840, 1, 63.00, NULL),
(7877, 1234, 840, 1, 52.00, NULL),
(7880, 1235, 840, 1, 60.00, NULL),
(7884, 1236, 840, 1, 52.00, NULL),
(7885, 1237, 840, 1, 52.00, NULL),
(7886, 1238, 840, 1, 51.00, NULL),
(7887, 1239, 840, 1, 91.00, NULL),
(7888, 1240, 840, 1, 58.00, NULL),
(7889, 1241, 840, 1, 56.00, NULL),
(7890, 1242, 840, 1, 40.00, NULL),
(7891, 1243, 840, 1, 76.00, NULL),
(7892, 1244, 840, 1, 80.00, NULL),
(7893, 1245, 840, 1, 49.00, NULL),
(7894, 1246, 840, 1, 91.00, NULL),
(7895, 1247, 840, 1, 53.00, NULL),
(7896, 1248, 840, 1, 53.00, NULL),
(7897, 1249, 840, 1, 54.00, NULL),
(7898, 1250, 840, 1, 93.00, NULL),
(7899, 1251, 840, 1, 69.00, NULL),
(7900, 1252, 840, 1, 55.00, NULL),
(7901, 1253, 840, 1, 81.00, NULL),
(7902, 1254, 840, 1, 40.00, NULL),
(7903, 1255, 840, 1, 90.00, NULL),
(7904, 1256, 840, 1, 87.00, NULL),
(7905, 1258, 840, 1, 95.00, NULL),
(7906, 1259, 840, 1, 49.00, NULL),
(7907, 1260, 840, 1, 82.00, NULL),
(7908, 1261, 840, 1, 65.00, NULL),
(7909, 1262, 840, 1, 67.00, NULL),
(7910, 1263, 840, 1, 80.00, NULL),
(7911, 1264, 840, 1, 69.00, NULL),
(7912, 1265, 840, 1, 66.00, NULL),
(7913, 1266, 840, 1, 53.00, NULL),
(7914, 1267, 840, 1, 72.00, NULL),
(7915, 1296, 852, 1, 55.00, NULL),
(7916, 1297, 852, 1, 51.00, NULL),
(7917, 1298, 852, 1, 54.00, NULL),
(7918, 1299, 852, 1, 44.00, NULL),
(7919, 1300, 852, 1, 74.00, NULL),
(7920, 1301, 852, 1, 57.00, NULL),
(7921, 1302, 852, 1, 80.00, NULL),
(7922, 1303, 852, 1, 78.00, NULL),
(7923, 1304, 852, 1, 57.00, NULL),
(7924, 1305, 852, 1, 70.00, NULL),
(7925, 1306, 852, 1, 53.00, NULL),
(7926, 1307, 852, 1, 60.00, NULL),
(7927, 1308, 852, 1, 62.00, NULL),
(7928, 1309, 852, 1, 70.00, NULL),
(7929, 1310, 852, 1, 51.00, NULL),
(7930, 1311, 852, 1, 62.00, NULL),
(7931, 1312, 852, 1, 52.00, NULL),
(7932, 1313, 852, 1, 54.00, NULL),
(7933, 1314, 852, 1, 44.00, NULL),
(7934, 1315, 852, 1, 81.00, NULL),
(7935, 1316, 852, 1, 80.00, NULL),
(7936, 1317, 852, 1, 90.00, NULL),
(7937, 1318, 852, 1, 64.00, NULL),
(7938, 1319, 852, 1, 84.00, NULL),
(7939, 1320, 852, 1, 66.00, NULL),
(7940, 1321, 852, 1, 51.00, NULL),
(7941, 1322, 852, 1, 70.00, NULL),
(7942, 1323, 852, 1, 51.00, NULL),
(7943, 1324, 852, 1, 51.00, NULL),
(7944, 1327, 852, 1, 52.00, NULL),
(7945, 1328, 852, 1, 51.00, NULL),
(7946, 1329, 852, 1, 57.00, NULL),
(7947, 1330, 852, 1, 80.00, NULL),
(7948, 1331, 852, 1, 51.00, NULL),
(7949, 1332, 852, 1, 51.00, NULL),
(7950, 1333, 852, 1, 59.00, NULL),
(7951, 1334, 852, 1, 80.00, NULL),
(7952, 1335, 852, 1, 58.00, NULL),
(7953, 1336, 852, 1, 60.00, NULL),
(7954, 1337, 852, 1, 72.00, NULL),
(7955, 1338, 852, 1, 51.00, NULL),
(7956, 1339, 852, 1, 74.00, NULL),
(7957, 1340, 852, 1, 80.00, NULL),
(7958, 1341, 852, 1, 51.00, NULL),
(7959, 1342, 852, 1, 78.00, NULL),
(7960, 1343, 852, 1, 40.00, NULL),
(7961, 1344, 852, 1, 43.00, NULL),
(7962, 1345, 852, 1, 64.00, NULL),
(7963, 1346, 852, 1, 51.00, NULL),
(7964, 1347, 852, 1, 86.00, NULL),
(7965, 1348, 852, 1, 45.00, NULL),
(7966, 1349, 852, 1, 67.00, NULL),
(7967, 1350, 852, 1, 51.00, NULL),
(7968, 1351, 852, 1, 70.00, NULL),
(7969, 1352, 852, 1, 73.00, NULL),
(7970, 1353, 852, 1, 51.00, NULL),
(7971, 1354, 852, 1, 42.00, NULL),
(7972, 1355, 852, 1, 66.00, NULL),
(7973, 1356, 852, 1, 70.00, NULL),
(7997, 1358, 869, 1, 42.00, NULL),
(7998, 1359, 869, 1, 55.00, NULL),
(7999, 1360, 869, 1, 62.00, NULL),
(8000, 1361, 869, 1, 85.00, NULL),
(8001, 1362, 869, 1, 73.00, NULL),
(8002, 1363, 869, 1, 60.00, NULL),
(8003, 1364, 869, 1, 85.00, NULL),
(8004, 1365, 869, 1, 67.00, NULL),
(8005, 1366, 869, 1, 52.00, NULL),
(8006, 1367, 869, 1, 73.00, NULL),
(8007, 1368, 869, 1, 64.00, NULL),
(8008, 1369, 869, 1, 68.00, NULL),
(8009, 1370, 869, 1, 72.00, NULL),
(8010, 1371, 869, 1, 85.00, NULL),
(8011, 1372, 869, 1, 52.00, NULL),
(8012, 1373, 869, 1, 60.00, NULL),
(8013, 1374, 869, 1, 70.00, NULL),
(8014, 1375, 869, 1, 40.00, NULL),
(8015, 1376, 869, 1, 62.00, NULL),
(8016, 1377, 869, 1, 95.00, NULL),
(8017, 1378, 869, 1, 65.00, NULL),
(8018, 1379, 869, 1, 90.00, NULL),
(8019, 1380, 869, 1, 64.00, NULL),
(8020, 1381, 869, 1, 90.00, NULL),
(8021, 1382, 869, 1, 52.00, NULL),
(8022, 1383, 869, 1, 70.00, NULL),
(8023, 1384, 869, 1, 75.00, NULL),
(8024, 1385, 869, 1, 72.00, NULL),
(8025, 1389, 869, 1, 70.00, NULL),
(8026, 1390, 869, 1, 80.00, NULL),
(8027, 1392, 869, 1, 73.00, NULL),
(8028, 1393, 869, 1, 70.00, NULL),
(8029, 1394, 869, 1, 64.00, NULL),
(8030, 1395, 869, 1, 70.00, NULL),
(8031, 1396, 869, 1, 40.00, NULL),
(8032, 1397, 869, 1, 67.00, NULL),
(8033, 1398, 869, 1, 70.00, NULL),
(8034, 1399, 869, 1, 75.00, NULL),
(8035, 1400, 869, 1, 65.00, NULL),
(8036, 1401, 869, 1, 55.00, NULL),
(8037, 1403, 869, 1, 60.00, NULL),
(8038, 1404, 869, 1, 70.00, NULL),
(8039, 1405, 869, 1, 72.00, NULL),
(8040, 1406, 869, 1, 40.00, NULL),
(8041, 1407, 869, 1, 90.00, NULL),
(8042, 1408, 869, 1, 68.00, NULL),
(8043, 1409, 869, 1, 82.00, NULL),
(8044, 1410, 869, 1, 90.00, NULL),
(8045, 1411, 869, 1, 72.00, NULL),
(8046, 1412, 869, 1, 60.00, NULL),
(8047, 1413, 869, 1, 80.00, NULL),
(8048, 1414, 869, 1, 88.00, NULL),
(8049, 1415, 869, 1, 45.00, NULL),
(8050, 1416, 869, 1, 52.00, NULL),
(8051, 1417, 869, 1, 55.00, NULL),
(8054, 1391, 869, 1, 30.00, NULL),
(8065, 1402, 869, 1, 30.00, NULL),
(8081, 1420, 897, 1, 85.00, NULL),
(8082, 1421, 897, 1, 80.00, NULL),
(8083, 1422, 897, 1, 75.00, NULL),
(8084, 1423, 897, 1, 73.00, NULL),
(8085, 1424, 897, 1, 92.00, NULL),
(8086, 1425, 897, 1, 65.00, NULL),
(8087, 1426, 897, 1, 82.00, NULL),
(8088, 1427, 897, 1, 85.00, NULL),
(8089, 1428, 897, 1, 80.00, NULL),
(8090, 1429, 897, 1, 62.00, NULL),
(8091, 1430, 897, 1, 74.00, NULL),
(8092, 1431, 897, 1, 70.00, NULL),
(8093, 1432, 897, 1, 65.00, NULL),
(8094, 1433, 897, 1, 70.00, NULL),
(8095, 1434, 897, 1, 82.00, NULL),
(8096, 1435, 897, 1, 90.00, NULL),
(8097, 1436, 897, 1, 60.00, NULL),
(8098, 1437, 897, 1, 65.00, NULL),
(8099, 1438, 897, 1, 55.00, NULL),
(8100, 1439, 897, 1, 72.00, NULL),
(8101, 1440, 897, 1, 75.00, NULL),
(8102, 1441, 897, 1, 68.00, NULL),
(8103, 1442, 897, 1, 75.00, NULL),
(8104, 1443, 897, 1, 52.00, NULL),
(8105, 1444, 897, 1, 75.00, NULL),
(8106, 1445, 897, 1, 72.00, NULL),
(8107, 1446, 897, 1, 80.00, NULL),
(8108, 1447, 897, 1, 51.00, NULL),
(8137, 1451, 897, 1, 65.00, NULL),
(8138, 1452, 897, 1, 80.00, NULL),
(8139, 1453, 897, 1, 85.00, NULL),
(8140, 1454, 897, 1, 85.00, NULL),
(8141, 1455, 897, 1, 65.00, NULL),
(8142, 1456, 897, 1, 72.00, NULL),
(8143, 1457, 897, 1, 65.00, NULL),
(8144, 1458, 897, 1, 70.00, NULL),
(8145, 1459, 897, 1, 72.00, NULL),
(8146, 1460, 897, 1, 70.00, NULL),
(8147, 1461, 897, 1, 85.00, NULL),
(8148, 1462, 897, 1, 88.00, NULL),
(8149, 1463, 897, 1, 65.00, NULL),
(8150, 1464, 897, 1, 51.00, NULL),
(8151, 1465, 897, 1, 72.00, NULL),
(8152, 1466, 897, 1, 90.00, NULL),
(8153, 1467, 897, 1, 70.00, NULL),
(8154, 1468, 897, 1, 68.00, NULL),
(8155, 1469, 897, 1, 65.00, NULL),
(8156, 1470, 897, 1, 60.00, NULL),
(8157, 1471, 897, 1, 68.00, NULL),
(8158, 1472, 897, 1, 60.00, NULL),
(8159, 1473, 897, 1, 65.00, NULL),
(8160, 1474, 897, 1, 62.00, NULL),
(8161, 1475, 897, 1, 60.00, NULL),
(8162, 1476, 897, 1, 65.00, NULL),
(8163, 1477, 897, 1, 85.00, NULL),
(8191, 1482, 910, 1, 60.00, NULL),
(8192, 1483, 910, 1, 62.00, NULL),
(8193, 1484, 910, 1, 65.00, NULL),
(8194, 1485, 910, 1, 68.00, NULL),
(8195, 1486, 910, 1, 75.00, NULL),
(8196, 1487, 910, 1, 62.00, NULL),
(8197, 1488, 910, 1, 74.00, NULL),
(8198, 1489, 910, 1, 85.00, NULL),
(8199, 1490, 910, 1, 80.00, NULL),
(8200, 1491, 910, 1, 72.00, NULL),
(8201, 1492, 910, 1, 70.00, NULL),
(8202, 1493, 910, 1, 60.00, NULL),
(8203, 1494, 910, 1, 75.00, NULL),
(8204, 1495, 910, 1, 72.00, NULL),
(8205, 1496, 910, 1, 90.00, NULL),
(8206, 1497, 910, 1, 51.00, NULL),
(8207, 1498, 910, 1, 65.00, NULL),
(8208, 1499, 910, 1, 85.00, NULL),
(8209, 1500, 910, 1, 51.00, NULL),
(8210, 1501, 910, 1, 78.00, NULL),
(8211, 1502, 910, 1, 72.00, NULL),
(8212, 1503, 910, 1, 82.00, NULL),
(8213, 1504, 910, 1, 45.00, NULL),
(8214, 1505, 910, 1, 85.00, NULL),
(8215, 1506, 910, 1, 78.00, NULL),
(8216, 1507, 910, 1, 75.00, NULL),
(8217, 1508, 910, 1, 70.00, NULL),
(8218, 1509, 910, 1, 72.00, NULL),
(8219, 1510, 910, 1, 62.00, NULL),
(8220, 1511, 910, 1, 65.00, NULL),
(8221, 1512, 910, 1, 82.00, NULL),
(8222, 1513, 910, 1, 84.00, NULL),
(8255, 1545, 925, 1, 72.00, NULL),
(8256, 1546, 925, 1, 65.00, NULL),
(8257, 1547, 925, 1, 70.00, NULL),
(8258, 1548, 925, 1, 65.00, NULL),
(8259, 1549, 925, 1, 88.00, NULL),
(8260, 1550, 925, 1, 80.00, NULL),
(8261, 1551, 925, 1, 75.00, NULL),
(8262, 1552, 925, 1, 60.00, NULL),
(8263, 1553, 925, 1, 62.00, NULL),
(8264, 1554, 925, 1, 72.00, NULL),
(8265, 1555, 925, 1, 75.00, NULL),
(8266, 1556, 925, 1, 80.00, NULL),
(8267, 1557, 925, 1, 60.00, NULL),
(8268, 1558, 925, 1, 85.00, NULL),
(8269, 1559, 925, 1, 90.00, NULL),
(8270, 1560, 925, 1, 62.00, NULL),
(8271, 1562, 925, 1, 54.00, NULL),
(8272, 1563, 925, 1, 65.00, NULL),
(8273, 1564, 925, 1, 85.00, NULL),
(8274, 1565, 925, 1, 62.00, NULL),
(8275, 1566, 925, 1, 60.00, NULL),
(8276, 1567, 925, 1, 75.00, NULL),
(8277, 1568, 925, 1, 90.00, NULL),
(8278, 1569, 925, 1, 88.00, NULL),
(8279, 1570, 925, 1, 95.00, NULL),
(8280, 1571, 925, 1, 85.00, NULL),
(8281, 1576, 940, 1, 62.00, NULL),
(8282, 1577, 940, 1, 72.00, NULL),
(8283, 1578, 940, 1, 70.00, NULL),
(8284, 1579, 940, 1, 90.00, NULL),
(8285, 1580, 940, 1, 73.00, NULL),
(8286, 1581, 940, 1, 85.00, NULL),
(8287, 1582, 940, 1, 73.00, NULL),
(8288, 1583, 940, 1, 75.00, NULL),
(8289, 1584, 940, 1, 68.00, NULL),
(8290, 1585, 940, 1, 85.00, NULL),
(8291, 1586, 940, 1, 70.00, NULL),
(8292, 1587, 940, 1, 72.00, NULL),
(8293, 1588, 940, 1, 65.00, NULL),
(8294, 1589, 940, 1, 72.00, NULL),
(8295, 1590, 940, 1, 62.00, NULL),
(8296, 1591, 940, 1, 60.00, NULL),
(8297, 1592, 940, 1, 68.00, NULL),
(8298, 1593, 940, 1, 72.00, NULL),
(8299, 1594, 940, 1, 63.00, NULL),
(8300, 1595, 940, 1, 82.00, NULL),
(8301, 1596, 940, 1, 65.00, NULL),
(8302, 1597, 940, 1, 74.00, NULL),
(8303, 1598, 940, 1, 70.00, NULL),
(8304, 1607, 955, 1, 65.00, NULL),
(8305, 1608, 955, 1, 85.00, NULL),
(8306, 1609, 955, 1, 68.00, NULL),
(8307, 1610, 955, 1, 65.00, NULL),
(8308, 1611, 955, 1, 88.00, NULL),
(8309, 1612, 955, 1, 80.00, NULL),
(8310, 1613, 955, 1, 75.00, NULL),
(8311, 1614, 955, 1, 80.00, NULL),
(8312, 1615, 955, 1, 72.00, NULL),
(8313, 1616, 955, 1, 70.00, NULL),
(8314, 1617, 955, 1, 74.00, NULL),
(8315, 1618, 955, 1, 60.00, NULL),
(8316, 1619, 955, 1, 65.00, NULL),
(8317, 1620, 955, 1, 70.00, NULL),
(8318, 1621, 955, 1, 68.00, NULL),
(8319, 1622, 955, 1, 75.00, NULL),
(8320, 1623, 955, 1, 92.00, NULL),
(8321, 1624, 955, 1, 88.00, NULL),
(8322, 1625, 955, 1, 90.00, NULL),
(8323, 1626, 955, 1, 55.00, NULL),
(8324, 1627, 955, 1, 65.00, NULL),
(8325, 1628, 955, 1, 68.00, NULL),
(8326, 1629, 955, 1, 62.00, NULL);

-- --------------------------------------------------------

--
-- Estructura de tabla para la tabla `configuracion_sistema`
--

CREATE TABLE `configuracion_sistema` (
  `id` int NOT NULL,
  `cantidad_bimestres` int NOT NULL DEFAULT '3',
  `bimestre_actual` int NOT NULL DEFAULT '1',
  `anio_escolar` varchar(9) COLLATE utf8mb4_general_ci NOT NULL,
  `fecha_modificacion` timestamp NOT NULL DEFAULT CURRENT_TIMESTAMP ON UPDATE CURRENT_TIMESTAMP
) ENGINE=InnoDB DEFAULT CHARSET=utf8mb4 COLLATE=utf8mb4_general_ci;

--
-- Volcado de datos para la tabla `configuracion_sistema`
--

INSERT INTO `configuracion_sistema` (`id`, `cantidad_bimestres`, `bimestre_actual`, `anio_escolar`, `fecha_modificacion`) VALUES
(1, 3, 1, '2025-2026', '2025-04-11 22:05:14');

-- --------------------------------------------------------

--
-- Estructura de tabla para la tabla `cursos`
--

CREATE TABLE `cursos` (
  `id_curso` int NOT NULL,
  `nivel` varchar(20) COLLATE utf8mb4_general_ci NOT NULL COMMENT 'Ej: Kinder, Primaria, Secundaria',
  `curso` int NOT NULL COMMENT 'Número del curso, ej: 1, 2, 3',
  `paralelo` varchar(5) COLLATE utf8mb4_general_ci NOT NULL COMMENT 'Ej: A, B, C'
) ENGINE=InnoDB DEFAULT CHARSET=utf8mb4 COLLATE=utf8mb4_general_ci;

--
-- Volcado de datos para la tabla `cursos`
--

INSERT INTO `cursos` (`id_curso`, `nivel`, `curso`, `paralelo`) VALUES
(102, 'Inicial', 1, 'A'),
(103, 'Inicial', 1, 'B'),
(104, 'Inicial', 2, 'A'),
(105, 'Inicial', 2, 'B'),
(106, 'Primaria', 1, 'A'),
(107, 'Primaria', 1, 'B'),
(108, 'Primaria', 2, 'A'),
(109, 'Primaria', 2, 'B'),
(110, 'Primaria', 3, 'A'),
(111, 'Primaria', 3, 'B'),
(112, 'Primaria', 4, 'A'),
(113, 'Primaria', 4, 'B'),
(114, 'Primaria', 5, 'A'),
(115, 'Primaria', 5, 'B'),
(116, 'Primaria', 6, 'A'),
(117, 'Primaria', 6, 'B'),
(118, 'Secundaria', 1, 'A'),
(119, 'Secundaria', 1, 'B'),
(120, 'Secundaria', 2, 'A'),
(121, 'Secundaria', 2, 'B'),
(122, 'Secundaria', 3, 'A'),
(123, 'Secundaria', 3, 'B'),
(124, 'Secundaria', 4, 'A'),
(125, 'Secundaria', 4, 'B'),
(126, 'Secundaria', 5, 'A'),
(127, 'Secundaria', 5, 'B'),
(128, 'Secundaria', 6, 'A'),
(129, 'Secundaria', 6, 'B');

-- --------------------------------------------------------

--
-- Estructura de tabla para la tabla `cursos_materias`
--

CREATE TABLE `cursos_materias` (
  `id_curso_materia` int NOT NULL,
  `id_curso` int NOT NULL COMMENT 'FK a cursos',
  `id_materia` int NOT NULL COMMENT 'FK a materias'
) ENGINE=InnoDB DEFAULT CHARSET=utf8mb4 COLLATE=utf8mb4_general_ci;

--
-- Volcado de datos para la tabla `cursos_materias`
--

INSERT INTO `cursos_materias` (`id_curso_materia`, `id_curso`, `id_materia`) VALUES
(914, 102, 810),
(921, 103, 810),
(928, 104, 810),
(935, 105, 810),
(941, 106, 813),
(942, 106, 814),
(943, 106, 815),
(944, 106, 816),
(945, 106, 817),
(946, 106, 818),
(947, 106, 819),
(948, 106, 820),
(949, 106, 821),
(956, 107, 813),
(957, 107, 814),
(958, 107, 815),
(959, 107, 816),
(960, 107, 817),
(961, 107, 818),
(962, 107, 819),
(963, 107, 820),
(964, 107, 821),
(971, 108, 813),
(972, 108, 814),
(973, 108, 815),
(974, 108, 816),
(975, 108, 817),
(976, 108, 818),
(977, 108, 819),
(978, 108, 820),
(979, 108, 821),
(986, 109, 813),
(987, 109, 814),
(988, 109, 815),
(989, 109, 816),
(990, 109, 817),
(991, 109, 818),
(992, 109, 819),
(993, 109, 820),
(994, 109, 821),
(1001, 110, 813),
(1002, 110, 814),
(1003, 110, 815),
(1004, 110, 816),
(1005, 110, 817),
(1006, 110, 818),
(1007, 110, 819),
(1008, 110, 820),
(1009, 110, 821),
(1016, 111, 813),
(1017, 111, 814),
(1018, 111, 815),
(1019, 111, 816),
(1020, 111, 817),
(1021, 111, 818),
(1022, 111, 819),
(1023, 111, 820),
(1024, 111, 821),
(1031, 112, 813),
(1032, 112, 814),
(1033, 112, 815),
(1034, 112, 816),
(1035, 112, 817),
(1036, 112, 818),
(1037, 112, 819),
(1038, 112, 820),
(1039, 112, 821),
(1046, 113, 813),
(1047, 113, 814),
(1048, 113, 815),
(1049, 113, 816),
(1050, 113, 817),
(1051, 113, 818),
(1052, 113, 819),
(1053, 113, 820),
(1054, 113, 821),
(1061, 114, 813),
(1062, 114, 814),
(1063, 114, 815),
(1064, 114, 816),
(1065, 114, 817),
(1066, 114, 818),
(1067, 114, 819),
(1068, 114, 820),
(1069, 114, 821),
(1076, 115, 813),
(1077, 115, 814),
(1078, 115, 815),
(1079, 115, 816),
(1080, 115, 817),
(1081, 115, 818),
(1082, 115, 819),
(1083, 115, 820),
(1084, 115, 821),
(1091, 116, 813),
(1092, 116, 814),
(1093, 116, 815),
(1094, 116, 816),
(1095, 116, 817),
(1096, 116, 818),
(1097, 116, 819),
(1098, 116, 820),
(1099, 116, 821),
(1106, 117, 813),
(1107, 117, 814),
(1108, 117, 815),
(1109, 117, 816),
(1110, 117, 817),
(1111, 117, 818),
(1112, 117, 819),
(1113, 117, 820),
(1114, 117, 821),
(1135, 118, 833),
(1136, 118, 834),
(1137, 118, 835),
(1138, 118, 836),
(1139, 118, 837),
(1140, 118, 838),
(1141, 118, 839),
(1142, 118, 840),
(1143, 118, 841),
(1144, 118, 847),
(1145, 118, 848),
(1146, 118, 849),
(1147, 118, 842),
(1148, 118, 843),
(1149, 119, 833),
(1150, 119, 834),
(1151, 119, 835),
(1152, 119, 836),
(1153, 119, 837),
(1154, 119, 838),
(1155, 119, 839),
(1156, 119, 840),
(1157, 119, 841),
(1158, 119, 847),
(1159, 119, 848),
(1160, 119, 849),
(1161, 119, 842),
(1162, 119, 843),
(1163, 120, 850),
(1164, 120, 851),
(1165, 120, 852),
(1166, 120, 853),
(1167, 120, 854),
(1168, 120, 855),
(1169, 120, 856),
(1170, 120, 857),
(1171, 120, 858),
(1172, 120, 859),
(1173, 120, 860),
(1174, 120, 861),
(1175, 120, 862),
(1176, 120, 863),
(1177, 120, 864),
(1178, 121, 850),
(1179, 121, 851),
(1180, 121, 852),
(1181, 121, 853),
(1182, 121, 854),
(1183, 121, 855),
(1184, 121, 856),
(1185, 121, 857),
(1186, 121, 858),
(1187, 121, 859),
(1188, 121, 860),
(1189, 121, 861),
(1190, 121, 862),
(1191, 121, 863),
(1192, 121, 864),
(1193, 120, 865),
(1194, 121, 865),
(1195, 122, 866),
(1196, 122, 867),
(1197, 122, 868),
(1198, 122, 869),
(1199, 122, 870),
(1200, 122, 871),
(1201, 122, 872),
(1202, 122, 873),
(1203, 122, 874),
(1204, 122, 875),
(1205, 122, 876),
(1206, 122, 877),
(1207, 122, 878),
(1208, 122, 879),
(1209, 122, 880),
(1210, 123, 866),
(1211, 123, 867),
(1212, 123, 868),
(1213, 123, 869),
(1214, 123, 870),
(1215, 123, 871),
(1216, 123, 872),
(1217, 123, 873),
(1218, 123, 874),
(1219, 123, 875),
(1220, 123, 876),
(1221, 123, 877),
(1222, 123, 878),
(1223, 123, 879),
(1224, 123, 880),
(1225, 124, 894),
(1226, 124, 895),
(1227, 124, 896),
(1228, 124, 897),
(1229, 124, 898),
(1230, 124, 899),
(1231, 124, 900),
(1232, 124, 888),
(1233, 124, 902),
(1234, 124, 903),
(1235, 124, 904),
(1236, 124, 905),
(1237, 124, 906),
(1238, 125, 894),
(1239, 125, 895),
(1240, 125, 896),
(1241, 125, 897),
(1242, 125, 898),
(1243, 125, 899),
(1244, 125, 900),
(1245, 125, 901),
(1246, 125, 902),
(1247, 125, 903),
(1248, 125, 904),
(1249, 125, 905),
(1250, 125, 906),
(1251, 126, 907),
(1252, 126, 908),
(1253, 126, 909),
(1254, 126, 920),
(1255, 126, 921),
(1256, 126, 910),
(1257, 126, 911),
(1258, 126, 912),
(1259, 126, 913),
(1260, 126, 914),
(1261, 126, 915),
(1262, 126, 916),
(1263, 126, 917),
(1264, 126, 918),
(1265, 126, 919),
(1266, 127, 922),
(1267, 127, 923),
(1268, 127, 924),
(1269, 127, 935),
(1270, 127, 936),
(1271, 127, 925),
(1272, 127, 926),
(1273, 127, 927),
(1274, 127, 928),
(1275, 127, 929),
(1276, 127, 930),
(1277, 127, 931),
(1278, 127, 932),
(1279, 127, 933),
(1280, 127, 934),
(1281, 128, 937),
(1282, 128, 938),
(1283, 128, 939),
(1284, 128, 950),
(1285, 128, 951),
(1286, 128, 940),
(1287, 128, 941),
(1288, 128, 942),
(1289, 128, 943),
(1290, 128, 944),
(1291, 128, 945),
(1292, 128, 946),
(1293, 128, 947),
(1294, 128, 948),
(1295, 128, 949),
(1296, 129, 952),
(1297, 129, 953),
(1298, 129, 954),
(1299, 129, 965),
(1300, 129, 966),
(1301, 129, 955),
(1302, 129, 956),
(1303, 129, 957),
(1304, 129, 958),
(1305, 129, 959),
(1306, 129, 960),
(1307, 129, 961),
(1308, 129, 962),
(1309, 129, 963),
(1310, 129, 964),
(1311, 106, 967),
(1312, 107, 967),
(1313, 108, 967),
(1314, 109, 967),
(1315, 110, 967),
(1316, 111, 967),
(1317, 112, 967),
(1318, 113, 967),
(1319, 114, 967),
(1320, 115, 967),
(1321, 116, 967),
(1322, 117, 967),
(1326, 112, 968),
(1327, 113, 968),
(1328, 114, 968),
(1329, 115, 968),
(1330, 116, 968),
(1331, 117, 968),
(1333, 118, 968),
(1334, 119, 968),
(1335, 120, 968),
(1336, 121, 968),
(1337, 122, 968),
(1338, 123, 968),
(1339, 124, 968),
(1340, 125, 968),
(1341, 126, 968),
(1342, 127, 968),
(1343, 128, 968),
(1344, 129, 968);

-- --------------------------------------------------------

--
-- Estructura de tabla para la tabla `estudiantes`
--

CREATE TABLE `estudiantes` (
  `id_estudiante` int NOT NULL,
  `nombres` varchar(255) COLLATE utf8mb4_general_ci NOT NULL,
  `apellido_paterno` varchar(255) COLLATE utf8mb4_general_ci DEFAULT NULL,
  `apellido_materno` varchar(255) COLLATE utf8mb4_general_ci DEFAULT NULL,
  `genero` enum('Masculino','Femenino') COLLATE utf8mb4_general_ci DEFAULT NULL,
  `rude` varchar(20) COLLATE utf8mb4_general_ci NOT NULL COMMENT 'Registro Único de Estudiante',
  `carnet_identidad` varchar(20) COLLATE utf8mb4_general_ci DEFAULT NULL,
  `fecha_nacimiento` date DEFAULT NULL,
  `id_curso` int DEFAULT NULL COMMENT 'FK al curso en el que está matriculado'
) ENGINE=InnoDB DEFAULT CHARSET=utf8mb4 COLLATE=utf8mb4_general_ci;

--
-- Volcado de datos para la tabla `estudiantes`
--

INSERT INTO `estudiantes` (`id_estudiante`, `nombres`, `apellido_paterno`, `apellido_materno`, `genero`, `rude`, `carnet_identidad`, `fecha_nacimiento`, `id_curso`) VALUES
(672, 'DEMIR MATIAS', 'ARIAS', 'VILLARROEL', 'Masculino', '4090000520255641', '16511091', '2020-10-08', 102),
(673, 'MAYER SAID', 'AYAVIRI', 'SOCOMPI', 'Masculino', '4090000520251769', '16883192', '2020-12-01', 102),
(674, 'ALESSANDRO LEON', 'BUSTAMANTE', 'ROCHA', 'Masculino', '4090000520253732', '16604327', '2020-12-21', 102),
(675, 'ANDRES SEBASTIAN', 'CAMPOS', 'SELAYA', 'Masculino', '4090000520254728', '16858986', '2021-02-16', 102),
(676, 'ZOE ARLETH', 'CHOQUE', 'ROMERO', 'Femenino', '4090000520254741', '16471391', '2020-07-25', 102),
(677, 'ALEJANDRA DENISE', 'COCA', 'OTALORA', 'Femenino', '4090000520256924', '16996923', '2020-08-16', 102),
(678, 'FERMIN', 'COLQUE', 'BORDA', 'Masculino', '4090000520257472', '16596931', '2020-11-19', 102),
(679, 'CARMEN ROSSY', 'FATTY', 'TOCO', 'Femenino', '4090000520258373', '16986213', '2020-02-27', 102),
(680, 'JAIR AARON', 'FERNANDEZ', 'FRANCO', 'Masculino', '4090000520257471', '16889545', '2020-12-07', 102),
(681, 'MICAEL', 'FERRUFINO', 'MAIZO', 'Masculino', '4090000520257411', '16471397', '2021-04-09', 102),
(682, 'MATIAS JHOAN', 'FLORES', 'MAMANI', 'Masculino', '4090000520253411', '17463792', '2021-09-04', 102),
(683, 'AYSE CHARLOTTE', 'LEDEZMA', 'SALAZAR', 'Femenino', '4090000520256927', '17643762', '2020-10-16', 102),
(684, 'ANDRES JHUNIOR', 'MENESES', 'QUISPE', 'Masculino', '4090000520253101', '16936901', '2021-05-14', 102),
(685, 'TAYLOR JAMES', 'MENESES', 'VILLARROEL', 'Masculino', '4090000520253104', '16936901', '2021-01-04', 102),
(686, 'DAMARIS NICOLAS', 'RODRIGUEZ', '', 'Femenino', '4090000520259241', '16832421', '2021-06-28', 102),
(687, 'SALOME CRISTAL', 'PADILLA', 'CHAVARRIA', 'Femenino', '4090000520253111', '16832421', '2021-06-25', 102),
(688, 'GABRIEL JESUS', 'REINAGA', 'REVOLLO', 'Masculino', '4090000520253831', '16384231', '2021-06-23', 102),
(689, 'XIOMARA', 'REINAGA', 'VALDA', 'Femenino', '4090000520253116', '16384216', '2021-02-10', 102),
(690, 'LUANA VALENTINA', 'SANCHEZ', 'ABAN', 'Femenino', '4090000520253492', '16715857', '2021-03-03', 102),
(691, 'HANSSEL PABLO', 'CÉSPEDES', 'APAZA', 'Masculino', '4090000520255838', '16886890', '2021-02-07', 102),
(692, 'MARIBEL', 'SOLIZ', 'CHOQUEHUANCA', 'Femenino', '4090000520253583', '16886890', '2021-02-07', 102),
(693, 'ARIANA GISSEL', 'CHOQUE', 'TAPIA', 'Femenino', '4090000520253117', '16865331', '2020-12-13', 102),
(694, 'NAYELI ESTRELLA', 'TICONA', 'HINOJOSA', 'Femenino', '4090000520253119', '16865331', '2020-08-17', 102),
(695, 'ALAN GONEI', 'VARGAS', 'MONTECINOS', 'Masculino', '4090000520251107', '16487391', '2020-08-17', 102),
(696, 'KALESSY FABIOLA', 'VEGA', 'HERNANDEZ', 'Femenino', '4090000520251866', NULL, '2020-08-17', 102),
(697, 'EVELYN', 'ZEBALLOS', 'TUDELA', 'Femenino', '4090000520251866', '16475369', '2020-09-05', 102),
(698, 'YEIMI LUNA', 'AGUILAR', 'SALAZAR', 'Femenino', '40900005020475478', '1640177', '2023-03-02', 104),
(699, 'NICOL', 'ANGULO', 'RUIZ', 'Femenino', '40900005020449541', '1640351', '2020-04-07', 104),
(700, 'JOSUE ABIDEL', 'APAZA', 'ALVARADO', 'Masculino', '40900005020445368', '1640116', '2019-11-15', 104),
(701, 'GAEL JORDY', 'BURGUILA', 'FLORES', 'Masculino', '40900005020475444', '1643254', '2020-09-12', 104),
(702, 'ELISEO', 'CHAMBI', 'VICENTE', 'Masculino', '40900005020424762', '1640194', '2023-03-08', 104),
(703, 'ELIAZAR KALEP', 'CHIPANA', 'MAMANI', 'Masculino', '40900005020436410', '1643879', '2020-04-29', 104),
(704, 'DARELL EDRIK', 'CHOQUE', 'CESPEDES', 'Masculino', '40900005020428529', '1651382', '2020-05-13', 104),
(705, 'MARIO ROMAN', 'CONDORI', 'ROCHA', 'Masculino', '40900005020436496', '1639476', '2023-03-13', 104),
(706, 'BIDANEYRA ANNDY', 'CRUZ', 'GUTIERREZ', 'Femenino', '40900005020475478', '1623842', '2019-11-16', 104),
(707, 'NIJAN ZOE', 'ESCOBAR', 'PINTO', 'Femenino', '40900005020429881', '1691301', '2020-06-14', 104),
(708, 'IAN JHAIR', 'GARCIA', 'REINAGA', 'Masculino', '40900005020449881', '1691301', '2020-04-01', 104),
(709, 'ALEX JHUNIOR', 'GUTIERREZ', 'MARTINEZ', 'Masculino', '40900005020432277', '1700360', '2020-04-14', 104),
(710, 'LUCAS THIAGO', 'LUIZAGA', 'VEDIA', 'Masculino', '40900005020475478', NULL, '2023-03-06', 104),
(711, 'BRITTANY BRIANA', 'MAMANI', 'GARCIA', 'Femenino', '40900005020475478', '1632595', '2019-09-29', 104),
(712, 'YADIL', 'MAMANI', 'TACURI', 'Masculino', '4090000502048670', '16596235', '2019-09-27', 104),
(713, 'DAYER ALTES', 'MAMANI', 'VILLARROEL', 'Masculino', '40900005020475478', '1640194', '2020-04-13', 104),
(714, 'MIA NAYELY', 'MARCA', 'OYARDO', 'Femenino', '40900005020475478', '1640194', '2019-05-26', 104),
(715, 'JEICOB MARCELINO', 'MARCANI', 'ESCOBAR', 'Masculino', '40900005020475478', '1730732', '2020-03-25', 104),
(716, 'RAZIEL AITANA', 'PALLA', 'CONDORI', 'Femenino', '40900005020475478', '1640194', '2019-06-15', 104),
(717, 'MADLIN ZULEYKA', 'SOLIZ', 'ROCHA', 'Femenino', '4090000502041479', '1641978', '2019-10-26', 104),
(718, 'VALENTINA TATIANA', 'VELIZ', 'AIRA', 'Femenino', '40900005020475478', '1640194', '2020-06-13', 104),
(719, 'TATIANA', 'ZEGARRA', 'PADILLA', 'Femenino', '40900005020475478', '1640194', '2020-03-18', 104),
(720, 'JORGE MISAEL', 'ZURITA', 'VERA', 'Masculino', '40900005020475478', '1641978', '2020-03-17', 104),
(721, 'ALDAIR VICENTE', 'ALMANZA', 'FLORES', 'Masculino', '40900005020254643', '16343905', '2020-01-22', 105),
(722, 'JOHN ABIDIEL', 'CABEZAS', 'JUÑES', 'Masculino', '40900005020255324', '16416887', '2019-10-25', 105),
(723, 'SEBASTIAN', 'CALI', 'VELIZ', 'Masculino', '40900005020255430', '16411225', '2019-10-21', 105),
(724, 'BRAYAN', 'CASILLA', 'UGARTE', NULL, '40900005020257865', '17829198', '2019-08-22', 105),
(725, 'ALESSANDRA MARIELA', 'CHAMBILLA', 'LLAVE', NULL, '40900005020244314', '16455522', '2020-06-12', 105),
(726, 'MATIAS', 'CHOQUE', 'MARTINEZ', NULL, '8090861550241485', '16344032', '2020-04-15', 105),
(727, 'DAMIAN', 'COCA', 'GARCIA', NULL, '40900005020257457', '16411225', '2020-01-14', 105),
(728, 'JUAN ANDERSON', 'COLQUE', 'FLORES', NULL, '40900005020252436', '16320466', '2019-10-18', 105),
(729, 'EVELIN', 'FLORES', 'LEON', NULL, '40900005020247490', '16519021', '2020-02-27', 105),
(730, 'LIAN ZAID', 'FUENTES', 'CALI', NULL, '40900005020252079', '16419049', '2020-04-08', 105),
(731, 'IFFET', 'LIMACHI', 'MAMANI', NULL, '40900005020254431', '16416887', '2020-04-09', 105),
(732, 'ZOE LUCIA', 'LIZARAZU', 'FLORES', NULL, '40900005020248556', '16461126', '2020-05-05', 105),
(733, 'KAELY JHARIANNE', 'LOZA', 'PEREZ', NULL, '40900005020254321', '16451244', '2019-03-05', 105),
(734, 'HAFID', 'LUNA', 'MAMANI', NULL, '8090848620247558', '16501363', '2019-08-29', 105),
(735, 'MOISES FERNANDO', 'MARTINEZ', 'MAMANI', NULL, '40900005020254457', '16416887', '2020-02-21', 105),
(736, 'JHOANA JHOY', 'PADILLA', 'CHAVARRIA', NULL, '40900005020254437', '16419493', '2019-09-23', 105),
(737, 'RONAL MOISES', 'QUISPE', 'MARTINEZ', NULL, '40900005020254431', '16416887', '2020-03-13', 105),
(738, 'THIAGO MANUEL', 'RAMIREZ', 'CAMACHO', NULL, '40900005020254437', '16419493', '2020-01-11', 105),
(739, 'BRITANI', 'REVOLLO', 'CONDORI', NULL, '40900005020254457', '16974086', '2020-02-13', 105),
(740, 'JUAN DANIEL', 'SOLIS', 'CARRILLO', NULL, '80908001720241130', '16502629', '2020-04-13', 105),
(741, 'DIANA GENESIS', 'TABOADA', 'SAAVEDRA', NULL, '40900005020247387', '16626010', '2020-01-27', 105),
(742, 'EDSON MAGMET', 'VALVERDE', 'MORALES', NULL, '40900005020249452', '17112646', '2020-01-27', 105),
(743, 'MIGUEL ANGEL', 'ARIAS', 'VILLARROEL', 'Masculino', '409000027202323786', '15433307', '2018-10-02', 106),
(744, 'DEBRAN', 'CABALLERO', 'SILVA', 'Masculino', '40900005202315456', '15475856', '2018-09-15', 106),
(745, 'CARLOS DILAN', 'CARRILLO', 'QUISPE', NULL, '17211447', '15455307', '2018-07-18', 106),
(746, 'MATÍAS EZEQUIEL', 'CARRILLO', 'VILLARROEL', NULL, '40900005202427320', '15362400', '2018-09-21', 106),
(747, 'BRIANA KEILA', 'CARTAGENA', 'MERCADO', NULL, '40900005202323757', '15665222', '2019-02-11', 106),
(748, 'VALERIA HAEL', 'COCA', 'LÉDIZMA', NULL, '40900005202323786', '15433307', '2018-11-29', 106),
(749, 'DAVID', 'CORDOVA', 'MOSQUEZ', NULL, '40900005202321456', '15433307', '2018-11-29', 106),
(750, 'FRANCO', 'CRUZ', 'CHAMBI', NULL, '40900005202323736', '15999929', '2018-12-14', 106),
(751, 'BRYANA RAFAELA', 'CRUZ', 'HERNANDEZ', NULL, '40900005202325636', '15432625', '2018-09-30', 106),
(752, 'JOSUE', 'DIAS', 'VARGAS', NULL, '40900005202325823', '15382866', '2018-10-14', 106),
(753, 'PABLO AURELIO', 'FLORES', 'ESCOBAR', NULL, '40900005202323786', '15433307', '2018-09-21', 106),
(754, 'DILAN KAEL', 'FUENTES', 'GASPAR', NULL, '40900005202324929', '15433307', '2018-10-25', 106),
(755, 'ALEXANDER', 'FUENTES', 'VALENCIA', NULL, '809000352024297', NULL, '2019-11-25', 106),
(756, 'ERICK RUBEN', 'HEREDIA', 'MOLINA', NULL, '40900005202441655', '16556611', '2019-01-31', 106),
(757, 'GENESIS ABIGAIL', 'MAMANI', 'IQUISE', NULL, '4090000520239541', '15759929', '2019-03-23', 106),
(758, 'IBETH', 'MAMANI', 'ORTIZ', NULL, '4090000520239541', '15759929', '2019-03-23', 106),
(759, 'NEIMAR JHOAN', 'MONTECINOS', 'CUBA', NULL, '40900005202323786', '15433307', '2018-11-29', 106),
(760, 'ISMAEL', 'MORALES', 'PEÑA', NULL, '40900005202323786', '15433307', '2018-11-29', 106),
(761, 'SALVADOR ESTEBAN', 'ROCHA', 'YANA', NULL, '809004202036197', '15594809', '2019-01-11', 106),
(762, 'CAMILA', 'ROJAS', 'VILLARROEL', NULL, '40900005202323786', '15433307', '2018-11-29', 106),
(763, 'BRYAN MARIO', 'SOCOMPI', 'ROCHA', NULL, '40900005202323786', '15433307', '2018-11-29', 106),
(764, 'HELEN AYLEN', 'TICONA', 'HINOJOSA', NULL, '40900005202323786', '15433307', '2018-11-29', 106),
(765, 'JHOANNY CATALINA', 'TORIBIO', 'RIVERA', NULL, '80900021023658A', '15867607', '2019-01-23', 106),
(766, 'YENIFER', 'TORREZ', 'TOAQUE', NULL, '40900005202323786', '15433307', '2018-11-29', 106),
(767, 'CAMILA SHANDIRA', 'VASQUEZ', 'CARRILLO', NULL, '40900005202323786', '15433307', '2018-11-29', 106),
(768, 'ANYELO MATEO', 'VILLARROEL', 'PINTO', NULL, '409000052023269', '15874177', '2019-01-17', 106),
(769, 'DAVID FRANCO', 'VILLARROEL', 'MAMANI', NULL, '409000052023269', '15874177', '2019-01-13', 106),
(770, 'CARMEN TERESA', 'ALEGRE', 'GONZALES', 'Femenino', '4090000502233185', '15466137', '2018-10-18', 107),
(771, 'EYDEN ASBEL', 'ALIAGA', 'MEDINA', 'Masculino', '4090000502245965', '15496587', '2018-09-26', 107),
(772, 'JHISSEL ANTHONELA', 'CARATA', 'LAUREANO', NULL, '4090000502245965', '15935658', '2019-06-12', 107),
(773, 'SANTIAGO', 'CORDOVA', 'HERBAS', NULL, '4090000502243804', '15468991', '2018-10-19', 107),
(774, 'RUTH NOEMI', 'ESTRADA', 'ESTRADA', NULL, '4090000502245767', '15551132', '2019-12-27', 107),
(775, 'NEYMAR', 'GOMEZ', 'CABEROS', NULL, '4090000502257619', '15966853', '2019-01-01', 107),
(776, 'SEBASTIAN', 'GUERRA', 'CACERES', NULL, '8090843420233499', '15366103', '2018-08-02', 107),
(777, 'EIDAN RIDER', 'INOCENTE', 'SOTO', NULL, '4090000502249195', '15935521', '2019-06-02', 107),
(778, 'NICOLETTE GLORIA', 'JANCO', 'AYALA', NULL, '4090000502238563', '15564859', '2019-01-02', 107),
(779, 'JAZMIN LIZETH', 'LEDEZMA', 'ROCHA', NULL, '40900002720237633', '15629182', '2019-01-26', 107),
(780, 'LIA DANITZA', 'LIZARAZU', 'FLORES', NULL, '40900002720237633', '15629182', '2019-01-26', 107),
(781, 'DILAVER', 'LOPEZ', 'VERA', NULL, '81230002720245360', '15743229', '2019-07-30', 107),
(782, 'JHEICO MATIAS', 'MENECES', 'CARRILLO', NULL, '4090000502243150', '17746671', '2019-06-01', 107),
(783, 'RAMIRO', 'MICACIO', 'GERONIMO', NULL, '4090000502243066', '15490578', '2018-10-30', 107),
(784, 'LAIZ VALENTINA', 'OMONTE', 'ARACAYO', NULL, '40900002720237633', '15629182', '2019-01-26', 107),
(785, 'HECTOR JHAIR', 'OTALORA', 'SALAZAR', NULL, '8090831020243066', '15490578', '2018-07-20', 107),
(786, 'DENNIS LEYDI', 'POMA', 'ALBA', NULL, '40900002720237633', '15629182', '2019-12-17', 107),
(787, 'KENDRA ISABELLA', 'POMA', 'CHOQUE', NULL, '4090000272023707A', '15629182', '2019-01-02', 107),
(788, 'IAN MATIAS', 'QUISPE', 'MAITA', NULL, '4090000502243163', '15691420', '2019-02-21', 107),
(789, 'GUSTAVO', 'QUISPE', 'MARTINEZ', NULL, '4090000502243163', '15571961', '2019-02-21', 107),
(790, 'ZAIDA', 'RIOS', 'LUIZAGA', NULL, '4090000502243163', '15691420', '2019-02-21', 107),
(791, 'ABEL', 'ROCHA', 'PEÑA', NULL, '4090000502254929', '15825794', '2019-01-12', 107),
(792, 'MIGUEL ANGEL', 'ROJAS', 'QUECAÑA', NULL, '4090000502243163', '15691420', '2019-02-21', 107),
(793, 'JHON ABDIL', 'SOLIZ', 'CHOQUEHUANCA', NULL, '4090000502243163', '15691420', '2019-02-21', 107),
(794, 'NIJAN JHAMILET', 'VARGAS', 'MONTECINOS', NULL, '4090000502243163', '15691420', '2019-02-21', 107),
(795, 'EDUARS ANDRES', 'VERA', 'CHOQUE', NULL, '4090000502253539', '15361330', '2018-12-27', 107),
(796, 'MELANY ASHLEY', 'ALBA', 'SALVATIERRA', 'Masculino', '4090000520221918', '16303481', '2017-08-09', 108),
(797, 'MEGAN LUANA', 'ALBA', 'VERA', 'Masculino', '8090011620227243', '15752849', '2018-03-02', 108),
(798, 'JHONATAN', 'ARCE', 'CAMPOS', 'Masculino', '8089000620235059', '15744385', '2018-05-21', 108),
(799, 'ABIGAIL MIA', 'AVILA', 'HUARITO', 'Femenino', '4090000520224917', '16270837', '2018-02-21', 108),
(800, 'CRISTAL MISHEL', 'BUSTAMANTE', 'ROCHA', 'Masculino', '4090000520227732', '16928232', '2017-08-15', 108),
(801, 'KEVIN', 'CASILLA', 'UGARTE', 'Masculino', '409000052023751', '15719915', '2017-09-20', 108),
(802, 'AARON', 'CHAMBI', 'VICENTE', 'Femenino', '409000052023422', '16606834', '2018-04-04', 108),
(803, 'NIRA LALE', 'CRUZ', 'CAYARA', 'Masculino', '4090001820234569', '16994008', '2018-02-04', 108),
(804, 'JOSUE ABDIEL', 'EDUARDO', 'MAMANI', 'Masculino', '4090000420229688', '16116437', '2018-03-14', 108),
(805, 'DEAN ADDIEL', 'GALLEGO', 'CHUCA', 'Masculino', '8144100120252050', '15703628', '2018-03-12', 108),
(806, 'ITAMI ANIFER', 'LIMA', 'CONDORI', 'Femenino', '8198067520232655', '17330769', '2018-01-29', 108),
(807, 'ARLET LIESEL', 'LUQUE', 'CHALAR', 'Femenino', '609002802025174', '15523671', '2017-12-18', 108),
(808, 'YEICOB DOMINIC', 'MALDONADO', 'ALAVE', 'Femenino', '4090000520227735', '15719702', '2018-01-28', 108),
(809, 'JHOEL VIDAL', 'MAMANI', 'VARGAS', 'Masculino', '8098053720232296', '15183461', '2018-02-09', 108),
(810, 'MATHEUS', 'MENESES', 'ACHO', 'Masculino', '4090000520228156', '15187754', '2018-02-17', 108),
(811, 'AYDA', 'MICACIO', 'GERONIMO', 'Femenino', '4090000520225865', '15604138', '2016-02-05', 108),
(812, 'NELSON', 'OLGUIN', 'REJAS', 'Masculino', '4090000520225323', '15468966', '2017-07-08', 108),
(813, 'EZEQUIEL YAIR', 'OTALORA', 'CHOQUE', 'Femenino', '409000052022672', '16833184', '2017-10-03', 108),
(814, 'MARCELO', 'PEREZ', 'ROCA', 'Masculino', '4090000520237301', '15264993', '2017-09-15', 108),
(815, 'THIAGO', 'RAMIREZ', 'PEREDO', 'Masculino', '8083004320235664', '15914397', '2018-06-15', 108),
(816, 'SANTIAGO', 'REVOLLO', 'VERA', 'Masculino', '409000052022204A', '15466296', '2018-02-27', 108),
(817, 'JESUS ROLANDO', 'ROCHA', 'ALEGRE', 'Masculino', '4090000520232842', '17501567', '2017-08-13', 108),
(818, 'IAN JHOHAN', 'RODRIGUEZ', 'ALACORE', 'Femenino', '4090000520242017', '15851456', '2017-09-07', 108),
(819, 'LIAM EVANS', 'RODRIGUEZ', 'BEDOYA', 'Masculino', '8098036420236479', '15886927', '2017-11-23', 108),
(820, 'JHOISY ZEYNEP', 'ROJAS', 'ROMAN', 'Masculino', '4090000520233857', '15322032', '2018-01-15', 108),
(821, 'BRANDON EDISON', 'SALAS', 'AGUILAR', 'Masculino', '409000352023408A', '16304322', '2018-01-10', 108),
(822, 'NATHALY ALBA', 'TICONA', 'PORCE', 'Masculino', '4090000520245436', '15552679', '2017-08-16', 108),
(823, 'JHOANA JASMIN', 'VARGAS', 'MORALES', 'Masculino', '4090000520227036', '15093902', '2017-10-27', 108),
(827, 'JHONATAN', 'HUARA', 'GOMEZ', 'Masculino', '409000052023208A', '15742605', '2018-06-07', 109),
(828, 'YHULITZA KHATERIN', 'HUIZA', 'ANGULO', 'Femenino', '4090000520221736', '16319098', '2018-03-24', 109),
(829, 'DYLAN NAITAN', 'LAUREANO', 'CABRERA', 'Masculino', '4090000520224633', '17233945', '2018-05-13', 109),
(830, 'SHAIRA GEORGINA', 'LOZA', 'PEREZ', 'Masculino', '8098069620221698', '15315006', '2017-09-19', 109),
(831, 'BRAYAN EHITAN', 'MENECES', 'QUISPE', 'Masculino', '4090000520221184', '16240362', '2016-12-23', 109),
(832, 'NAYELI', 'NICOLAS', 'RODRIGUEZ', 'Masculino', '4087009720228032', '15786111', '2018-03-23', 109),
(833, 'MILTON JHUNIOR', 'NUÑEZ', 'HERBOSO', 'Masculino', '4090000520228483', '16625988', '2016-08-24', 109),
(834, 'ALEJANDRA', 'QUINTEROS', 'QUINTEROS', 'Femenino', '4090000520235642', NULL, '2017-10-26', 109),
(835, 'NICOL', 'REVOLLO', 'CONDORI', 'Masculino', '4090000520239458', '15832635', '2017-11-04', 109),
(836, 'JHOSNEL YONIER', 'RIVERO', 'CHAPPY', 'Masculino', '4090000520319212', '15751287', '2018-06-30', 109),
(837, 'JOSE LUIS', 'SALVATIERRA', 'ROJAS', 'Masculino', '4090000520232326', '15291900', '2018-06-05', 109),
(838, 'PAOLA', 'SOLIZ', 'CONDORI', 'Masculino', '4090000520232326', NULL, '2017-07-29', 109),
(839, 'MAXIMILIANO', 'UREÑA', 'GUZMAN', 'Masculino', '8090102120226633', '15301448', '2018-06-15', 109),
(840, 'LUIS BRANDON', 'VILLARROEL', 'LIQUEN', 'Masculino', '4090000520225203', '16767713', '2018-07-05', 109),
(841, 'MARIAM EYSAN', 'VILLCA', 'ALA', 'Masculino', '4090000520233645', '15912091', '2018-01-08', 109),
(842, 'JOSUE BENJAMIN', 'YUCRA', 'MOYA', 'Masculino', '809010352023288A', '15553358', '2018-03-02', 109),
(843, 'JALDY XANDER', 'BELTRAN', 'HUANCA', 'Masculino', '4090000520233966', '16244137', '2017-10-12', 109),
(844, 'ELIANOR ESCARLET', 'CARATA', 'LAUREANO', 'Femenino', '4090000520233281', '16833643', '2017-11-08', 109),
(845, 'VALENTINA LORENA', 'COCA', 'OTALORA', 'Masculino', '4090000920222396', '15701768', '2017-10-14', 109),
(846, 'MARIA LIZ', 'COPA', 'SOLIZ', 'Masculino', '4090000520235090', '15611822', '2018-04-02', 109),
(847, 'JHEREMY', 'COPALI', 'CAMACHO', 'Masculino', '409000052023371A', '15918626', '2017-05-22', 109),
(848, 'LINETH', 'FATTY', 'VELIZ', 'Masculino', '4090000520232391', '15634566', '2018-03-25', 109),
(849, 'SANTIAGO', 'FERRUFINO', 'CALI', 'Masculino', '4090000520222601', '16536494', '2017-11-03', 109),
(850, 'DILAN FABRICIO', 'FRANCO', 'GONZALES', 'Masculino', '4090003520233761', '15750797', '2018-05-16', 109),
(851, 'ARIEL GUSTAVO', 'HERRERA', 'CRUZ', 'Femenino', '4090000520221862', '15311973', '2018-06-26', 109),
(858, 'DYLAN RODRIGO', '', 'GONZALES', 'Masculino', '409000042021429A', '16321167', '2017-02-13', 110),
(859, 'ANDREA NICOL', 'ANTONIO', 'ROMERO', 'Femenino', '409000052019085', '16931161', '2014-04-03', 110),
(860, 'NAYELI', 'AVILA', 'PADILLA', 'Masculino', '4090000502202699A', '17522622', '2017-03-23', 110),
(861, 'MATIAS GERSON', 'CABRERA', 'MONTECINOS', 'Masculino', '4090000502202985I', '15665143', '2017-04-25', 110),
(862, 'EMILY LINETH', 'CARRILLO', 'VILLARROEL', 'Femenino', '4090000502217852', '15803083', '2017-05-15', 110),
(863, 'NIKEYRA GERALDINE', 'COCA', 'ROCHA', 'Masculino', '8090003720172102', '16989597', '2016-07-10', 110),
(864, 'JHEMS ANGEL', 'DELGADILLO', 'TRUJILLO', 'Masculino', '809802112021507A', '15129805', '2016-12-30', 110),
(865, 'DAIANA', 'ESTRADA', 'VENEGAS', 'Masculino', '4090000502202260', '15182483', '2016-11-30', 110),
(866, 'ANGHELO ARIEL', 'FLORES', 'QUIROGA', 'Femenino', '609003220227484', '17522600', '2017-06-14', 110),
(867, 'HENRY', 'GALINDO', 'MITA', 'Masculino', '40900005022021389', '15674160', '2017-04-13', 110),
(868, 'ADOLFO', 'GARCIA', 'TECILLO', 'Femenino', '40900005022025745', '16016718', '2016-07-13', 110),
(869, 'ELIZABET', 'GUIZADA', 'AVILA', 'Femenino', '40900005022024627', '16720691', '2016-11-06', 110),
(870, 'JAIRON', 'GUTIERREZ', 'HERRERA', 'Masculino', '40900005022024480', '16833832', '2017-01-04', 110),
(871, 'DENISE ASHELEN', 'GUZMAN', 'AYALA', 'Masculino', '40900005022022997', '14539695', '2017-07-02', 110),
(872, 'BENJAMIN', 'LAUREANO', 'CONDORI', 'Masculino', '409000050221236A', '15720036', '2016-06-06', 110),
(873, 'JASMIN CELENA', 'LONASCO', 'RUIZ', 'Masculino', '40900005022026983', '15705376', '2017-06-22', 110),
(874, 'ESTEFAN LUCAS', 'MAMANI', 'MENECES', 'Femenino', '40900035022026987', '16152548', '2017-02-12', 110),
(875, 'BISMAR ANGEL', 'NUÑEZ', 'FUENTES', 'Masculino', '4090003502218846', '16529630', '2016-10-22', 110),
(876, 'VALENTINA JAZMIN', 'RAMIREZ', 'CAMACHO', 'Masculino', '4090003302216649', '16563446', '2017-02-08', 110),
(877, 'VICTORIA', 'SALAZAR', 'LAZARO', 'Masculino', '6090002202216127', '16017772', '2016-09-02', 110),
(878, 'JUAN DIEGO', 'SOCOMPI', 'ROCHA', 'Masculino', '4090003502211667', '16097302', '2016-12-05', 110),
(879, 'JOEL OBERMAIER', 'SOLIZ', 'ROCHA', 'Masculino', '808011520214118', '17045891', '2016-08-09', 110),
(880, 'XIOMARA NATALIA', 'SOLIZ', 'ROCHA', 'Masculino', '808011520218549', '16245552', '2016-08-09', 110),
(881, 'LIZBETH GRACIELA', 'TECILLO', 'VALERIANO', 'Masculino', '40900005022028967', '15698859', '2016-11-16', 110),
(882, 'KIMBERLY KAROLAY', 'VILLARROEL', 'LIQUEN', 'Masculino', '8098001720200303', '16767704', '2017-02-13', 110),
(883, 'DAINOR', 'VILLARROEL', 'ALMANZA', 'Masculino', '4090000502222598', '15698042', '2017-05-12', 110),
(884, 'JHUDIT MARLLOY', 'VILLARROEL', 'ESCOBAR', 'Masculino', '4090000502218346', '16219367', '2016-05-30', 110),
(885, 'BISMAR', 'ZUÑIGA', 'SOLIZ', 'Masculino', '808900350224229', NULL, '2017-02-14', 110),
(889, 'JHUAN', 'ALVAREZ', 'GONZALES', 'Masculino', '4090000520226892', '16368036', '2017-03-01', 111),
(890, 'PABLO EFRAIN', 'CABALLERO', 'AGUILAR', 'Masculino', '80980005202215166', '15814296', '2017-03-13', 111),
(891, 'JAMIL NEYMAR', 'CABALLERO', 'SILVA', 'Masculino', '4090000420214504', '15720218', '2016-08-04', 111),
(892, 'LUZ JEYLI', 'CABEZAS', 'JUÑES', 'Masculino', '4090000520229076', '15820146', '2017-06-11', 111),
(893, 'ANGHELO ALAN', 'CALDERON', 'LOPEZ', 'Femenino', '409000052022902A', '17257084', '2014-10-26', 111),
(894, 'JHOEL', 'CALI', 'VELIZ', 'Masculino', '4090000520236239', '15693663', '2017-05-18', 111),
(895, 'AYLEN AMBAR', 'CHOQUE', 'CESPEDES', 'Femenino', '4090000350220193A', '15182689', '2016-07-15', 111),
(896, 'ELENA', 'CHUQUIMIA', 'COPA', 'Femenino', '409000052024436A', '17611705', '2015-08-30', 111),
(897, 'XAVI JUVENAL', 'CORONEL', 'MAMANI', 'Masculino', '408701052021814A', '16686297', '2016-12-27', 111),
(898, 'BRAYAN ALEJANDRO', 'CRUZ', 'HERNANDEZ', 'Masculino', '809800172014359', '15785820', '2016-05-12', 111),
(899, 'DIEGO OLIVER', 'CUELLAR', 'MICO', 'Masculino', '409000052025888', '16214665', '2017-02-15', 111),
(900, 'OLIVER JAIME', 'FLORES', 'CHURA', 'Femenino', '808901162020031', NULL, '2014-12-24', 111),
(901, 'KEVIN JAIRO', 'FUENTES', 'AJATA', 'Masculino', '40900005202744A', '17152297', '2016-10-06', 111),
(902, 'RUTH KEYLA', 'GALLEGO', 'MAMANI', 'Masculino', '8098012420211879', '15602840', '2016-10-27', 111),
(903, 'MIGUEL ANGEL', 'MAMANI', 'ALBA', 'Masculino', '4090000520214577', '16832363', '2015-12-02', 111),
(904, 'DAMARIS SARAHI', 'MAMANI', 'JALILLITA', 'Masculino', '4090000520227119', '15613949', '2017-05-10', 111),
(905, 'MELIA ANALY', 'MENECES', 'CARRILLO', 'Masculino', '4090000520217993', '17746698', '2016-02-04', 111),
(906, 'IKER', 'MOLLO', 'CHURQUI', 'Femenino', '8111002020215289', '14963277', '2016-12-26', 111),
(907, 'OLIVER CHRISHTIAN', 'ORELLANA', 'CHOQUE', 'Femenino', '409000052021223', '15166441', '2016-09-27', 111),
(908, 'GUADALUPE MARIETA', 'ROCHA', 'YANA', 'Masculino', '809002420228432', '14854041', '2017-03-24', 111),
(909, 'MELANI ARIELI', 'RODRIGUEZ', 'MENESES', 'Masculino', '4090000520211349', NULL, '2017-05-06', 111),
(910, 'ISABEL WARA', 'SOLIZ', 'CHOQUEHUANCA', 'Femenino', '80980576022017006', '15989483', '2017-06-05', 111),
(911, 'DELICIA', 'TINTA', 'VARGAS', 'Masculino', '4090000520201105', '13478164', '2015-04-20', 111),
(912, 'JOSE MANUEL', 'TOLA', 'PILLCO', 'Masculino', '4090000520236874', '17736140', '2016-12-28', 111),
(913, 'ALEXANDER', 'VARGAS', 'QUIROGA', 'Femenino', '713700420217164', '16520179', '2017-03-24', 111),
(914, 'DILAN GAEL', 'VERA', 'FUENTES', 'Masculino', '4090003520219718', '16641712', '2016-09-15', 111),
(915, 'EMILY BRIANA', 'VERA', 'PADILLA', 'Femenino', '4090003520218464', '16570495', '2016-10-27', 111),
(916, 'DARSON', 'VILLARROEL', 'ALMANZA', 'Masculino', '409000052021087', '15698094', '2017-05-12', 111),
(920, 'PAMELA', 'ALBA', 'ALMANZA', 'Masculino', '4090000520212104', '14834718', '2015-08-07', 112),
(921, 'JHONATAN', 'CALI', 'ESPINOZA', 'Masculino', '4090000520211868', '16425624', '2016-12-06', 112),
(922, 'MATEO', 'CHAMBI', 'VICENTE', 'Masculino', '4090000520215546', '14641746', '2016-06-16', 112),
(923, 'SAMMAEL RUDDY', 'COPA', 'GANDARILLAS', 'Masculino', '809804962020084', '16328534', '2015-08-17', 112),
(924, 'ALEX LEONARDO', 'COPA', 'TITO', 'Femenino', '409000032020036', '15621317', '2016-02-20', 112),
(925, 'ALEXSANDER', 'CORIA', 'VILLARROEL', 'Femenino', '409000072020030', '16780191', '2015-10-08', 112),
(926, 'BRITANI ASHLEY', 'CRESPO', 'HERRERA', 'Masculino', '4090000520219042', '16383780', '2016-04-22', 112),
(927, 'MIKEL', 'ESCALERA', 'TOLA', 'Masculino', '6090040142021495', '15896955', '2015-12-04', 112),
(928, 'JHESICA', 'FERNANDEZ', 'REVOLLO', 'Masculino', '4090000520218985', '14864930', '2016-06-14', 112),
(929, 'MISHEL KEILA', 'GUERRA', 'CACERES', 'Masculino', '809803012022206', '17143149', '2015-12-04', 112),
(930, 'JOSE DAVID', 'GUTIERREZ', 'SIACARI', 'Masculino', '4090000520212038', '15314987', '2016-03-14', 112),
(931, 'MARIA BELINDA', 'INOCENTE', 'SOTO', 'Masculino', '409000332020038', '15369524', '2014-08-27', 112),
(932, 'YANNICK', 'LEON', 'REQUE', 'Femenino', '4090000520215922', '16621839', '2016-05-10', 112),
(933, 'JHORDI', 'LIMA', 'ESPINOZA', 'Masculino', '4090000520212039', '16425649', '2016-02-06', 112),
(934, 'JHON EDUAR', 'LIMACHI', 'TACURI', 'Masculino', '409000052021577A', '16131886', '2015-10-13', 112),
(935, 'ARON', 'MAMANI', 'JALILLITA', 'Femenino', '4090000520217451', '15613938', '2015-08-20', 112),
(936, 'HENRY JHOJAN', 'MAMANI', 'ROMAN', 'Masculino', '8098055820213377', '15033618', '2016-05-23', 112),
(937, 'HEYDY PILAR', 'MARCA', 'TARQUI', 'Masculino', '409000272020008', '16315565', '2015-02-01', 112),
(938, 'KEYLA', 'MENDOZA', 'MAMANI', 'Masculino', '4090000520217912', '15697059', '2016-02-01', 112),
(939, 'PAUL', 'MORALES', 'PEÑA', 'Masculino', '4090000520212113', '15767664', '2016-01-07', 112),
(940, 'AXEL', 'NINAVIA', 'REVOLLO', 'Femenino', '4090000520213020', '16275711', '2016-04-26', 112),
(941, 'DANA JAZMIN', 'PACHECO', 'MENECES', 'Masculino', '409000312020010', '16831579', '2015-08-12', 112),
(942, 'ROBERTO OLIVER', 'QUENTA', 'QUENTA', 'Masculino', '407302492023529', '14675732', '2015-09-06', 112),
(943, 'DANAHE REBECA', 'QUIROZ', 'MAMANI', 'Masculino', '809801242020006', '15771328', '2015-10-12', 112),
(944, 'BRIANNA EMILY', 'VELIZ', 'AIRA', 'Masculino', '4090000720216164', '15835657', '2015-10-06', 112),
(951, 'WILLIAMS', 'ACHO', 'VASQUEZ', 'Masculino', '8098043120215729', '15403307', '2016-02-17', 113),
(952, 'ALEXIS', 'ALVAREZ', 'HINOJOSA', 'Femenino', '4090000520218112', '16675398', '2015-07-21', 113),
(953, 'BRAYAN', 'CHALLAPA', 'PADILLA', 'Masculino', '4090000520217302', '16514007', '2015-07-06', 113),
(954, 'CRISTIAN', 'CHOQUE', 'MARTINEZ', 'Masculino', '8098051502020020', '16248103', '2015-09-02', 113),
(955, 'ISMAEL', 'COPA', 'SOLIZ', 'Femenino', '4090000520211475', '15811085', '2016-02-07', 113),
(956, 'VISMAR', 'ESPINOZA', 'ALMANZA', 'Masculino', '4090000720212856', '15730996', '2015-09-18', 113),
(957, 'JADE', 'ESPINOZA', 'HERNANDEZ', 'Masculino', '8098007120214400', '16687224', '2016-06-02', 113),
(958, 'JHOJAN JAEL', 'FATTY', 'LAUREANO', 'Masculino', '4090003520200900', NULL, '2015-11-21', 113),
(959, 'YAIR ANDRE', 'FERNANDEZ', 'VILLARROEL', 'Femenino', '8098016808202036', '15447721', '2015-08-13', 113),
(960, 'AMAIRANY', 'FERREL', 'QUIROZ', 'Femenino', '4090000520214742', '15962981', '2016-04-12', 113),
(961, 'CINTHIA', 'FUENTES', 'VALENCIA', 'Masculino', '8098003520217634', '15796702', '2016-03-09', 113),
(962, 'JOSE', 'LAZARO', 'ATAHUICHI', 'Masculino', '8098004520211624', '14147270', '2015-09-02', 113),
(963, 'MARISABEL', 'LIMACHI', 'MAMANI', 'Masculino', '4073012620215271', '15956242', '2015-10-14', 113),
(964, 'JHORDDY', 'MAMANI', 'REVOLLO', 'Masculino', '4090000520212129A', '16594665', '2015-06-30', 113),
(965, 'ADAIR GAEL', 'MAMANI', 'VILLARROEL', 'Femenino', '4090002720202034', '15736172', '2016-05-04', 113),
(966, 'ANDRES', 'MERCADO', 'QUISPE', 'Femenino', '4090000420200111', '16325388', '2015-09-03', 113),
(967, 'KEYLA JANEL', 'OTALORA', 'SALAZAR', 'Masculino', '4090000720202056', '16833132', '2016-01-24', 113),
(968, 'YEXALEN', 'PEREZ', 'MONTERO', 'Femenino', '8098005220202008', '14811436', '2016-04-29', 113),
(969, 'JHEFFERSON YAIR', 'QUIROZ', 'SOLIZ', 'Masculino', '4090000520214252', '17054936', '2015-12-31', 113),
(970, 'ERICK', 'REINAGA', 'MONTECINOS', 'Femenino', '4090000520211965', '15992944', '2015-10-01', 113),
(971, 'GUADALUPE ADRIANA', 'ROMERO', 'MEDILES', 'Masculino', '8098008520202035', '16782193', '2016-04-14', 113),
(972, 'MAYRA YARA', 'SOLIZ', 'CHOQUEHUANCA', 'Masculino', '8098057620202019', '15989479', '2015-12-17', 113),
(973, 'ABRAHAM LUIS', 'TICONA', 'CONDORI', 'Femenino', '409000092018028', '16627228', '2013-09-16', 113),
(974, 'EITHAN IVAN', 'TITO', 'PADILLA', 'Femenino', '8073055320202026', '14386064', '2015-09-04', 113),
(975, 'VALENTINA', 'VIDAURRE', 'VILLCA', 'Masculino', '4090000520217782', '16121818', '2016-06-04', 113),
(976, 'ANDEL ALEXANDER', 'ZEGARRA', 'PADILLA', 'Femenino', '4090003520207905', '15715575', '2016-05-02', 113),
(977, 'FIORELA NICCOL', 'ZURITA', 'RODRIGUEZ', 'Masculino', '809805702019029', '15218699', '2014-11-25', 113),
(982, 'YANCARLA', 'ALA', 'SOTO', 'Femenino', '4090000520202016', '15216381', '2014-12-13', 114),
(983, 'DELIA', 'BARRETA', 'CRUZ', 'Masculino', '4090000520202013', '17012399', '2014-08-17', 114),
(984, 'DIVER GROVER', 'CABEZAS', 'JUÑES', 'Masculino', '4090000520202004', '15825962', '2015-04-20', 114),
(985, 'ADRIAN SANTIAGO', 'CADENA', 'SARAVIA', 'Femenino', '809804552019009', '14853168', '2015-03-05', 114),
(986, 'JOEL ESTEBAN', 'CLAROS', 'MARIN', 'Masculino', '4090000520202005', '15637428', '2014-11-15', 114),
(987, 'CAMILA CELESTE', 'CORO', 'GUTIERREZ', 'Masculino', '409000062019048', '14775380', '2014-11-24', 114),
(988, 'YURI', 'ESPINOZA', 'AGUILAR', 'Femenino', '4090000520202008', '15715404', '2014-07-15', 114),
(989, 'JHOSEP GAEL', 'ESPINOZA', 'AIRA', 'Masculino', '409000062019013', '14384425', '2014-11-24', 114),
(990, 'ABIGAIL', 'ESTRADA', 'VENEGAS', 'Femenino', '4090000520202017', '15182435', '2014-12-03', 114),
(991, 'ALEXANDER', 'FATTY', 'TOCO', 'Femenino', '4090000520202006', '14121616', '2014-10-12', 114),
(992, 'LUZ JHENNY', 'LLAMPA', 'BORDA', 'Masculino', '609000052019046', '16935862', '2014-12-08', 114),
(993, 'LESLY BIANCA', 'MAMANI', 'IQUISE', 'Masculino', '812303102017500A', '15744425', '2012-12-25', 114),
(994, 'JUAN MARCOS', 'MENDOZA', 'MAMANI', 'Masculino', '808900202020057', '15697124', '2014-08-03', 114),
(995, 'LISBETH', 'OLGUIN', 'REJAS', 'Masculino', '4090000520202014', '14817692', '2014-11-19', 114),
(996, 'LUCIANA YANDI', 'OTALORA', 'SALAZAR', 'Masculino', '4090000272019011', '16833157', '2014-09-08', 114),
(997, 'JHONY MATHIAS', 'PINTO', 'AGUILAR', 'Masculino', '809000242019112', '16190259', '2015-04-16', 114),
(998, 'JHON NEYMAR', 'POMA', 'CONDORI', 'Masculino', '4090000520202009', '15630971', '2014-11-09', 114),
(999, 'AVIMAEL', 'ROCHA', 'ESCOBAR', 'Femenino', '4090000520202019', '16641122', '2014-11-05', 114),
(1000, 'ELISA', 'RODRIGUEZ', 'PANIAGUA', 'Femenino', '409000062019026', '15478895', '2014-09-13', 114),
(1001, 'IKER ROMEL', 'SOLIZ', 'CHOQUEHUANCA', 'Femenino', '809805762019026', '15989478', '2014-08-10', 114),
(1002, 'PAOLA ALEJANDRA', 'VARGAS', 'MONTECINOS', 'Masculino', '4090000520202011', '14512971', '2015-01-16', 114),
(1003, 'ALEXIS', 'VERA', 'PADILLA', 'Femenino', '4090003520205084', '16574070', '2015-05-08', 114),
(1004, 'AYELEN JHULIET', 'VILLARROEL', 'CESPEDES', 'Femenino', '409000420020004', '16575491', '2015-02-25', 114),
(1005, 'JHEYSON', 'VIZALLA', 'PUMA', 'Masculino', '4090000520202001', '16833238', '2015-04-21', 114),
(1013, 'ZURIA CELESTE', '', 'ESCOBAR', 'Masculino', '409000052019025', '16888911', '2014-01-22', 115),
(1014, 'MONICA CONNIE', '', 'YUJRA', 'Masculino', '409000052021614', '14077795', '2014-11-22', 115),
(1015, 'MIAJEL LEONARDO', 'CACERES', 'YANARI', 'Masculino', '809800520220025', '16409839', '2015-06-16', 115),
(1016, 'CRISTIAN', 'CASILLA', 'UGARTE', 'Masculino', '809802352020108', '15720055', '2015-06-03', 115),
(1017, 'EGEBERTO GROVER', 'CHIPANA', 'MAMANI', 'Femenino', '409000042019055', '16195113', '2014-08-31', 115),
(1018, 'JHILMAR SLIMDER', 'CUELLAR', 'MICO', 'Masculino', '409000052020027', '16214745', '2015-01-05', 115),
(1019, 'ANAHI SELENA', 'GUTIERREZ', 'HERRERA', 'Femenino', '409000052020028', '16833574', '2014-11-22', 115),
(1020, 'MICAELA', 'GUTIERREZ', 'MARTINEZ', 'Masculino', '814801592001909', '15429081', '2014-05-08', 115),
(1021, 'BRISA KELLY', 'GUZMAN', 'ENCINAS', 'Masculino', '4090002222020032', '17020901', '2014-09-26', 115),
(1022, 'CAMILA ALEJANDRA', 'GUZMAN', 'POMA', 'Masculino', '819805202019911A', '17586050', '2014-09-04', 115),
(1023, 'CAMILA SAORI', 'GUZMAN', 'POMA', 'Masculino', '8198052020192166', '17586051', '2014-09-04', 115),
(1024, 'LUIS MIGUEL', 'MAMANI', 'ORTIZ', 'Masculino', '4090003520210319', '15616928', '2015-05-19', 115),
(1025, 'THIAGO JULIAN', 'MEDRANO', 'RODRIGUEZ', 'Masculino', '809800452019114', '14700440', '2014-12-26', 115),
(1026, 'ALINA', 'MERIDA', 'QUIROZ', 'Femenino', '808600752020046', '15929303', '2015-06-18', 115),
(1027, 'MARJHOLI', 'PEDRO', 'HERRERA', 'Masculino', '409000052020030', '16126447', '2015-02-06', 115),
(1028, 'LIA MELANY', 'PEREZ', 'ALACORE', 'Masculino', '409000052020010', '15608455', '2015-06-28', 115),
(1029, 'EMILY DANIELA', 'QUISPE', 'QUIROZ', 'Femenino', '409000042019038', '16515662', '2015-06-06', 115),
(1030, 'JENNIFER', 'RAMIREZ', 'PEREDO', 'Masculino', '409000052020012', '16527835', '2014-11-09', 115),
(1031, 'JHOEL', 'ROJAS', 'QUECAÑA', 'Masculino', '409000052020024', '16833574', '2015-05-06', 115),
(1032, 'VICTOR ALEJANDRO', 'SANDOVAL', 'VILLARROEL', 'Masculino', '409000062019031', '14735047', '2014-08-09', 115),
(1033, 'JHESSICA', 'TOLA', 'PILLCO', 'Masculino', '409000052020025', '17256755', '2014-07-12', 115),
(1034, 'ALEX', 'VARGAS', 'TOMAS', 'Femenino', '709000762020029', '16700109', '2014-08-09', 115),
(1035, 'AINHOA VALENTINA', 'ZURITA', 'VERA', 'Femenino', '4090000272019017', '15068529', '2014-12-20', 115),
(1044, 'SANTIAGO', 'ALCOCER', 'LIMACHI', 'Masculino', '4073027520185865', '14948874', '2014-03-30', 116),
(1045, 'SAMUEL', 'APAZA', 'MAMANI', 'Masculino', '409000052019021', '15698455', '2014-02-22', 116),
(1046, 'SAUL', 'APAZA', 'MAMANI', 'Masculino', '409000052019040', '15698447', '2014-02-22', 116),
(1047, 'NEYMAR', 'ARCE', 'GUTIERREZ', 'Masculino', '409000062019087', '13231087', '2013-11-18', 116),
(1048, 'JOSE ANGEL', 'AVILA', 'PADILLA', 'Masculino', '409000052018062', '17526206', '2013-01-08', 116),
(1049, 'ROSALIA', 'CABRERA', 'MONTECINOS', 'Masculino', '409000052019037', '16834521', '2013-07-17', 116),
(1050, 'DANIELA', 'CARRILLO', 'PADILLA', 'Masculino', '409000052019012', '15798402', '2013-11-13', 116),
(1051, 'ANTONELLA MATILDA', 'CLAURE', 'MONTAÑO', 'Femenino', '609000062018024', '15476349', '2013-12-18', 116),
(1052, 'BEIMAR', 'COCA', 'CALLAHUARA', 'Masculino', '409000052019033', '15726564', '2014-03-25', 116),
(1053, 'RODRIGO', 'COTARI', 'JIMENEZ', 'Masculino', '409000052019018', '14695938', '2013-08-26', 116),
(1054, 'DENNISE PEITON', 'ESPINOZA', 'HERNANDEZ', 'Masculino', '809800172019038', '16687221', '2013-12-19', 116),
(1055, 'JOSE LUIS', 'FATTY', 'NICASIO', 'Masculino', '409000052019039', '15589685', '2014-03-07', 116),
(1056, 'SAMEER CRISTOFER', 'GARCIA', 'CHOQUE', 'Masculino', '609500022018073', '15020880', '2013-09-11', 116),
(1057, 'ALEJANDRO', 'GONZALES', 'PACO', 'Femenino', '8089001120183243', '14816715', '2013-11-24', 116),
(1058, 'MAYTE EULALIA', 'GUERRA', 'CACERES', 'Masculino', '809800052019038', '17441404', '2013-09-09', 116),
(1059, 'JESSICA', 'HERRERA', 'OYARDO', 'Masculino', '806100362017003', '15666854', '2011-12-25', 116),
(1060, 'ARIEL', 'HINOJOSA', 'VILLARROEL', 'Femenino', '409000052019048', '15714740', '2014-04-04', 116),
(1061, 'MARCO', 'HUANCA', 'CRESPO', 'Masculino', '409000062019071', '16092353', '2014-02-19', 116),
(1062, 'JUAN ABAD', 'INOCENTE', 'CUISARA', 'Masculino', '409000052019032', '15646918', '2014-01-10', 116),
(1063, 'LEONIDAS SANTIAGO', 'JANCO', 'AYALA', 'Masculino', '812302032017045', '15382796', '2013-06-12', 116),
(1064, 'JOSUE', 'LIMA', 'ESPINOZA', 'Masculino', '409000052019023', '16425619', '2014-03-04', 116),
(1065, 'FABIAN', 'LIMACHI', 'MAMANI', 'Masculino', '407301262019042', '15956159', '2013-09-30', 116),
(1066, 'DILMAR EDUARDO', 'LONASCO', 'RUIZ', 'Masculino', '409000052019044', '15705362', '2014-03-23', 116),
(1067, 'DEIMAR', 'LOZA', 'MEDRANO', 'Masculino', '409000042018028', '15798323', '2014-03-21', 116),
(1068, 'SANTIAGO CRISTOFER', 'MENDEZ', 'QUINTEROS', 'Masculino', '809800322018009', '15689959', '2013-12-19', 116),
(1069, 'SHEYLA GRACIELA', 'MERINO', 'PANAMA', 'Masculino', '409000042018010', '17021603', '2013-10-20', 116),
(1070, 'DANIEL', 'PAREDES', 'LIQUEN', 'Masculino', '409000052018001', '16767693', '2011-08-08', 116),
(1071, 'DILAN NEYDER', 'PEÑA', 'MENESES', 'Masculino', '409000052018034', '15799003', '2013-01-09', 116),
(1072, 'BELINDA', 'PEREZ', 'TOAQUE', 'Masculino', '409000052019056', '14850766', '2014-05-27', 116),
(1073, 'JHENIFER ESDENKA', 'QUENTA', 'QUENTA', 'Masculino', '809802132019089', '13844241', '2013-10-05', 116),
(1074, 'NEYMAR', 'RAMIREZ', 'LEON', 'Masculino', '409000052019027', '15589607', '2014-03-27', 116),
(1075, 'DAYANA BELEN', 'ROJAS', 'QUECAÑA', 'Masculino', '409000052019035', '16833610', '2013-12-03', 116),
(1076, 'JHISSELA', 'ROJAS', 'ROJAS', 'Masculino', '809804012019017', '15530764', '2014-06-01', 116),
(1077, 'DAEL ALBERTH', 'SOLA', 'COPA', 'Masculino', '4090000272019046', '16104123', '2013-12-15', 116),
(1078, 'JOSE LUIS', 'VARGAS', 'ATAHUICHI', 'Masculino', '409000042018025', '14348642', '2013-07-21', 116),
(1079, 'JOEL JHASMANNI', 'VERA', 'ROCHA', 'Masculino', '409000052019015', '15834516', '2013-10-23', 116),
(1107, 'WENDY JHOANA', 'ARGOTE', 'ANGULO', 'Masculino', '4090000520190111', '17189574', '2014-05-17', 117),
(1108, 'AYLIN', 'BRAVO', 'AVALOS', 'Femenino', '4090000620180666', '15546996', '2014-04-19', 117),
(1109, 'ISAAC JHIMY', 'BURGULLA', 'FLORES', 'Femenino', '8098001720180088', '15620181', '2014-04-02', 117),
(1110, 'MARY YSABEL', 'CABEZAS', 'HUANCA', 'Masculino', '4090000520190095', '16964026', '2014-06-20', 117),
(1111, 'LIZETH', 'CALI', 'VELIZ', 'Masculino', '4090000520190099', '15193840', '2013-09-24', 117),
(1112, 'JOSE LUIS', 'CASILLA', 'UGARTE', 'Masculino', '8098023520171113', '15719970', '2013-01-25', 117),
(1113, 'ANDREA SOFIA', 'CASTELLON', 'RIVERA', 'Femenino', '4090000520195831', '16896212', '2013-11-10', 117),
(1114, 'ROY NELSON', 'CHIPATA', 'CABEZAS', 'Masculino', '4090000420190111', '14915590', '2013-10-21', 117),
(1115, 'JOSE ARIEL', 'CONDORI', 'ROCHA', 'Masculino', '7064000120190811', '17000155', '2013-11-07', 117),
(1116, 'MATHIAS', 'FLORES', 'HERRERA', 'Masculino', '809810720190096', '16323337', '2014-03-19', 117),
(1117, 'LUZ CLARITA', 'GARCIA', 'PADILLA', 'Masculino', '4090000520190050', '17524677', '2014-03-19', 117),
(1118, 'WILBER', 'GARCIA', 'TECILLO', 'Masculino', '409000052019054', '16016651', '2014-02-19', 117),
(1119, 'ROSELINDA', 'GOMEZ', 'CABEROS', 'Masculino', '409000052020032', '13588764', '2014-06-09', 117),
(1120, 'JOSE LUIS', 'GUARAYO', 'HUMEREZ', 'Masculino', '409000052018014', '16249655', '2013-06-13', 117),
(1121, 'DAYANA', 'GUTIERREZ', 'MAQUERA', 'Masculino', '407304572018027', '15220897', '2014-02-14', 117),
(1122, 'THIAGO YAIR', 'HUARACHI', 'APAZA', 'Masculino', '80980682018073', '16010652', '2013-08-19', 117),
(1123, 'LESLY', 'MAMANI', 'ALBA', 'Masculino', '409000042017072', '16832382', '2012-10-09', 117),
(1124, 'DAVID DEYMAR', 'MAMANI', 'CHOQUE', 'Masculino', '80902892018034', '16087243', '2013-11-20', 117),
(1125, 'CRISTIAN', 'MAMANI', 'SANCHEZ', 'Masculino', '409000052019036', '16283690', '2013-09-30', 117),
(1126, 'NEYMAR', 'MAMANI', 'VARGAS', 'Masculino', '809805372019022', '14036829', '2013-12-19', 117),
(1127, 'JHONN JAIRO', 'MENDOZA', 'VERA', 'Masculino', '409000042018015', '14909279', '2014-01-27', 117),
(1128, 'LUCIANA', 'MENESES', 'ROJAS', 'Masculino', '409000052018002', '17300472', '2013-09-19', 117),
(1129, 'DELIA', 'MICACIO', 'GERONIMO', 'Masculino', '409000052018018', '15609305', '2013-06-18', 117),
(1130, 'BRIANA KATERIN', 'NUÑEZ', 'FUENTES', 'Masculino', '80982352018041', '16087409', '2014-03-12', 117),
(1131, 'ERICK', 'NUÑEZ', 'HERBOSO', 'Femenino', '409000052020033', '16225970', '2013-10-16', 117),
(1132, 'KEYLA MARIANA', 'OROSCO', 'ROCHA', 'Masculino', '4090000272018014', '14094575', '2014-01-21', 117),
(1133, 'THIAGO MIJAHIL', 'QUISPE', 'MAITA', 'Masculino', '409000052018068', '15598616', '2013-11-26', 117),
(1134, 'GRICEL', 'ROCHA', 'PEÑA', 'Masculino', '409000052019045', '15644288', '2013-10-24', 117),
(1135, 'DAMARIS DIANA', 'SALVATIERRA', 'ACHO', 'Masculino', '409000052019056', '15783906', '2014-06-19', 117),
(1136, 'KAMILY GABRIELA', 'SANDOVAL', 'ROJAS', 'Masculino', '809800852019133', '16964341', '2013-10-09', 117),
(1137, 'JHEYSON', 'SOLIZ', 'FERRUFINO', 'Masculino', '409000072020062', '16203662', '2014-06-13', 117),
(1138, 'VICTORIA', 'ULUNQUE', 'SALVATIERRA', 'Masculino', '409000062018023', '16834116', '2013-07-18', 117),
(1139, 'JOSE LUIS', 'VERA', 'FUENTES', 'Masculino', '409000052019051', '15839223', '2014-05-11', 117),
(1140, 'BELEN', 'VIZALLA', 'PUMA', 'Masculino', '409000052019031', '15129374', '2013-03-12', 117),
(1141, 'ELVIS', 'ZUÑIGA', 'SOLIZ', 'Femenino', '7087000992019051', NULL, '2014-04-09', 117),
(1170, 'BORIS', 'ACHU', 'LAZARO', 'Masculino', '409000052017030', '15689708', '2011-06-07', 118),
(1171, 'NOELIA NATALY', 'ALVARADO', 'LAUREANO', 'Masculino', '409000052018040', '12623437', '2012-10-22', 118),
(1172, 'JUAN', 'ALVAREZ', 'GONZALES', 'Masculino', '409000052017022', '14829206', '2012-04-10', 118),
(1173, 'DAVID', 'ARCE', 'CAMPOS', 'Masculino', '80890062018013', '15202034', '2013-03-11', 118),
(1174, 'MATEO AGUSTIN', 'BELTRAN', 'HUANCA', 'Masculino', '8098032018005', '16244107', '2013-03-21', 118),
(1175, 'JOSE LUIS', 'CALI', 'VELIZ', 'Masculino', '409000052017044', '14856734', '2011-08-11', 118),
(1176, 'PEDRO PABLO', 'CALIZAYA', 'SALVATIERRA', 'Masculino', '409000052018015', '16177992', '2012-09-22', 118),
(1177, 'KEVIN', 'CHOQUE', 'ROJAS', 'Masculino', '809804662015107', '13099467', '2012-02-17', 118),
(1178, 'JHISU JHASMIN', 'CHOQUEHUANCA', 'VASQUEZ', 'Masculino', '509000042018037', '14325744', '2012-01-19', 118),
(1179, 'SULEYDA', 'COCA', 'CALLAHUARA', 'Masculino', '409000052017027', '15726485', '2012-07-04', 118),
(1180, 'DANIEL', 'COPA', 'SOLIZ', 'Masculino', '409000052018063', '14833732', '2012-10-05', 118),
(1181, 'MILER', 'CRESPO', 'HERRERA', 'Masculino', '409000052018057', '16833844', '2013-04-24', 118),
(1182, 'JADE', 'ESPINOZA', 'AGUILAR', 'Masculino', '409000052018038', '15587751', '2012-07-25', 118),
(1183, 'MAGDYEL GABRIELA', 'FERRUFINO', 'MAIZO', 'Masculino', '409000052018035', '15364524', '2013-02-25', 118),
(1184, 'LUZ KAREN', 'FLORES', 'CHURA', 'Masculino', '804802912017017', '15621664', '2012-12-16', 118),
(1185, 'DAVID ELOY', 'GUTIERREZ', 'MARTINEZ', 'Masculino', '814804072017050', '14755413', '2012-11-25', 118),
(1186, 'MARIANA', 'INOSENTE', 'SALVATIERRA', 'Masculino', '409000052018036', '13481710', '2012-07-15', 118),
(1187, 'JHASMIN', 'JANKORI', 'DELGADILLO', 'Masculino', '409000052018046', '12694468', '2013-02-10', 118),
(1188, 'NEIMAR', 'JORA', 'VENEGAS', 'Masculino', '409000052018046', '14856182', '2012-12-27', 118),
(1189, 'JAZEL SOFFI', 'LUQUE', 'CHALAR', 'Masculino', '6090000282017056', '13622936', '2013-04-25', 118),
(1190, 'FERNANDO', 'MAMANI', 'PACO', 'Masculino', '409000052018037', '15718233', '2012-11-23', 118),
(1191, 'ARIEL', 'MAMANI', 'VARGAS', 'Femenino', '809803872018028', '14306353', '2012-07-24', 118),
(1192, 'MAX TAYRON', 'MENDEZ', 'RODRIGUEZ', 'Masculino', '719800620217003', '17005869', '2012-09-06', 118),
(1193, 'NOEMI', 'OLGUIN', 'REJAS', 'Masculino', '409000052018047', '13347219', '2012-09-30', 118),
(1194, 'EDUARD DILAN', 'OTALORA', 'CHOQUE', 'Femenino', '409000052018056', '15409147', '2013-04-24', 118),
(1195, 'JUAN RAMIRO', 'PADILLA', 'ROSAS', 'Masculino', '409000052018053', '12776017', '2012-07-17', 118),
(1196, 'ANDERSON', 'PEDRO', 'HERRERA', 'Femenino', '409000052018029', '13825936', '2011-04-14', 118),
(1197, 'RAFAELA', 'PEREZ', 'ROCA', 'Masculino', '809804682018013', '14095613', '2013-03-19', 118),
(1198, 'MAURICIO JAVIER', 'QUIROZ', 'SOLIZ', 'Masculino', '409000052016016', '15364917', '2011-03-20', 118),
(1199, 'ALEX ANTONIO', 'RIVERA', 'NOZA', 'Femenino', '809804662016087', '15079613', '2011-10-25', 118),
(1200, 'AYLEN MARIA', 'ROCHA', 'AYALA', 'Femenino', '409000052016033', '12873609', '2010-08-06', 118),
(1201, 'ALEJANDRA', 'ROCHA', 'PEÑA', 'Femenino', '409000052016033', '15079922', '2010-12-08', 118),
(1202, 'JHOVANA', 'SALVATIERRA', 'ROJAS', 'Masculino', '409000052018032', '16628486', '2012-11-08', 118),
(1203, 'DEYSI', 'SANGRERI', 'MARCANI', 'Masculino', '409000052018044', '14831262', '2015-05-27', 118),
(1204, 'JHEXON', 'SOLIZ', 'CONDORI', 'Masculino', '409000052018045', '15718356', '2012-11-19', 118),
(1205, 'YASMANI', 'TINTA', 'VARGAS', 'Femenino', '409000052017027', '13478163', '2012-12-05', 118),
(1206, 'CRISTIAN', 'TOLA', 'PILLCO', 'Masculino', '409000052019014', '17256724', '2012-10-31', 118),
(1233, 'MARIA ISABEL', '', 'ESTRADA', 'Masculino', '409000052018016', '16832896', '2013-01-31', 119),
(1234, 'JHON ARLIN', 'ALANOCA', 'LAZO', 'Masculino', '407302632017061', '14884367', '2013-03-22', 119),
(1235, 'JHON ISRAEL', 'BUSTOS', 'MARTINEZ', 'Masculino', '409000032017025', '13588169', '2012-07-08', 119),
(1236, 'FERNANDA LUZ', 'CALDERON', 'LOPEZ', 'Masculino', '409000052019002', '17257113', '2012-04-26', 119),
(1237, 'EVELIZ', 'CATUNTA', 'LAUREANO', 'Femenino', '409000052018031', '16833700', '2012-07-14', 119),
(1238, 'ISAI JOAS', 'CHOQUE', 'ESCOBAR', 'Femenino', '409000052014777', '16219338', '2009-02-27', 119),
(1239, 'BELINDA JARUSI', 'COCA', 'SANDOVAL', 'Masculino', '409000052018017', '15724740', '2013-03-24', 119),
(1240, 'DAVID', 'CONDORI', 'SANCARI', 'Masculino', '409000052018055', '15997302', '2012-12-15', 119),
(1241, 'KIMBERLY CELESTE', 'CORONEL', 'MAMANI', 'Masculino', '408701052017004', '16309764', '2013-03-24', 119),
(1242, 'ISRAEL ISAAC', 'COSSIO', 'VIDAL', 'Femenino', '819805272018050', '16951628', '2012-09-30', 119),
(1243, 'CRISTIAN', 'CUYO', 'TAQUICHIRI', 'Masculino', '814300822017005', '15146051', '2012-09-20', 119),
(1244, 'ARIANA', 'DELGADILLO', 'TRUJILLO', 'Femenino', '608700322017008', '13478165', '2013-01-14', 119),
(1245, 'MICHAEL', 'DIAS', 'VARGAS', 'Masculino', '409000052018019', '13478165', '2013-05-06', 119),
(1246, 'OSMAR LEANDRO', 'FERRUFINO', 'LEDEZMA', 'Femenino', '4090000272017531A', '14603935', '2012-11-14', 119),
(1247, 'MAGDIEL NAYELI', 'FUENTES', 'AJATA', 'Masculino', '409000062017026', '16833082', '2013-01-16', 119),
(1248, 'JOSE ELIO', 'GARCIA', 'FERNANDEZ', 'Masculino', '5090000492017010', '14983126', '2012-03-12', 119),
(1249, 'KEVIN RAMIRO', 'GONZALES', 'SORIA', 'Masculino', '409000042017073', '14193347', '2012-07-28', 119),
(1250, 'GROVER', 'INOCENTE', 'COCA', 'Masculino', '409000052018023', '16235387', '2012-10-22', 119),
(1251, 'BELINDA', 'IQUISE', 'MAMANI', 'Masculino', '409000052019013', '17677586', '2011-12-27', 119),
(1252, 'LUIS FABIAN', 'LIMACHI', 'TACURI', 'Masculino', '409000052018009', '14266313', '2013-06-30', 119),
(1253, 'MATIAS EYBRAJAN', 'MENDEZ', 'QUINTEROS', 'Masculino', '809803202017052', '15689957', '2013-01-18', 119),
(1254, 'RUDY NEYMAR', 'MENECES', 'CARRILLO', 'Masculino', '409000052017057', NULL, '2011-11-26', 119),
(1255, 'YHEYSON', 'NOGALES', 'MORALES', 'Femenino', '409000052018050', '14829288', '2012-12-16', 119),
(1256, 'YERALDINA', 'NOZA', 'MORALES', 'Femenino', '508700082016001', '15164076', '2011-09-16', 119),
(1257, 'SONIA', 'OJEDA', 'VALERIANO', 'Masculino', '814500742017001', '15629179', '2012-07-22', 119),
(1258, 'EMILY KIARA', 'ORELLANA', 'VERA', 'Femenino', '4090000272017040', '15798207', '2012-07-28', 119),
(1259, 'ALEJANDRA', 'PAI', 'CONDORI', 'Femenino', '409000052018012', '13420510', '2013-03-13', 119),
(1260, 'ISAYANA', 'ROJAS', 'ESPINOZA', 'Femenino', '706800562017013', '13960929', '2013-05-12', 119),
(1261, 'JHONATHAN ALEXANDER', 'SALAS', 'AGUILAR', 'Masculino', '409000052018054', '16304271', '2013-02-20', 119),
(1262, 'DANNY JHORDAN', 'SOCOMPI', 'ROCHA', 'Masculino', '409000052018020', '16097294', '2012-11-20', 119),
(1263, 'ARIANA STEFANY', 'TICONA', 'PORCE', 'Femenino', '809804772017025', '15003838', '2012-07-02', 119),
(1264, 'MOISES PERCY', 'VARGAS', 'CARRILLO', 'Masculino', '409000052017055', '16339906', '2011-10-27', 119),
(1265, 'MARIA LUZ', 'VARGAS', 'TOMAS', 'Masculino', '7090007620173564', '16148058', '2012-12-02', 119),
(1266, 'MARY CARMEN', 'VELA', 'BATALLANOS', 'Masculino', '409000042017045', '16048778', '2012-07-07', 119),
(1267, 'JASMIN PILAR', 'VILLARROEL', 'ALMANZA', 'Masculino', '409000052018028', '15697992', '2012-07-11', 119),
(1296, 'ANAHI', '', 'CUSI', 'Femenino', '409000052017064', '15084476', '2011-06-16', 120),
(1297, 'GABRIEL GROVER', '', 'VALVERDE', 'Masculino', '409000052017039', '16715127', '2011-10-08', 120),
(1298, 'ANEIDA', '', 'VILLARROEL', 'Femenino', '409000052017052', '15949030', '2011-09-15', 120),
(1299, 'JHAMIR JOSE', 'ALMANZA', 'HERRERA', 'Masculino', '409001820186407', '16328830', '2011-07-15', 120),
(1300, 'DANA MAGDIEL', 'CABALLERO', 'SILVA', 'Masculino', '406100262016020', '14625335', '2012-03-05', 120),
(1301, 'GABRIEL', 'CALI', 'ESPINOZA', 'Masculino', '409000052017045', '14834602', '2012-06-18', 120),
(1302, 'SOLEDAD', 'CLAROS', 'MARIN', 'Masculino', '409000062016033', '15430411', '2012-01-11', 120),
(1303, 'FABIOLA', 'ESPINOZA', 'RIVAS', 'Masculino', '409000052017011', '14735423', '2012-04-06', 120),
(1304, 'CRISTIAN', 'FATTY', 'TOCO', 'Masculino', '409000052017021', '13067115', '2012-06-17', 120),
(1305, 'GUIDO ALICIO', 'FERRUFINO', 'CASTRO', 'Masculino', '409000052017034', '14268051', '2012-04-24', 120);
INSERT INTO `estudiantes` (`id_estudiante`, `nombres`, `apellido_paterno`, `apellido_materno`, `genero`, `rude`, `carnet_identidad`, `fecha_nacimiento`, `id_curso`) VALUES
(1306, 'ANGELICA BRIGITH', 'FLORES', 'CHURA', 'Femenino', '804802912017003', '15621712', '2011-05-08', 120),
(1307, 'NOELIA', 'FUENTES', 'VALENCIA', 'Masculino', '80890352017006', '17515236', '2011-12-24', 120),
(1308, 'FRANKLIN', 'GUARAYO', 'HUMEREZ', 'Masculino', '409000052017017', '17031913', '2011-12-06', 120),
(1309, 'JHOELMA ESMERALDA', 'JANCO', 'AYALA', 'Masculino', '812302032018002', '15382750', '2011-09-02', 120),
(1310, 'PAOLA', 'LAZO', 'SUXO', 'Masculino', '407302632019562', '15917658', '2009-12-30', 120),
(1311, 'ANAHI PRIMITIVA', 'LLAMPA', 'BORDA', 'Femenino', '609000052017037', '15498086', '2012-05-21', 120),
(1312, 'KEVIN', 'MAMANI', 'IQUISE', 'Masculino', '8123028920152129', '15744470', '2010-12-25', 120),
(1313, 'AIDE', 'MENECES', 'SALVATIERRA', 'Femenino', '409000052017007', '13417900', '2011-07-18', 120),
(1314, 'MARI JHANNINA', 'PAUCARA', 'CAMACHO', 'Masculino', '409000052016029', '16563480', '2012-02-07', 120),
(1315, 'LUIS DANIEL', 'QUISPE', 'MAITA', 'Masculino', '409000042016027', '14421357', '2011-07-25', 120),
(1316, 'ALEJANDRO', 'ROCA', 'MORALES', 'Femenino', '619500652014173', '15160446', '2009-09-22', 120),
(1317, 'JHONATAN', 'TERCEROS', 'CARRASCO', 'Masculino', '409000052014506', '14440891', '2009-06-26', 120),
(1318, 'LUZ RIHANNA', 'VALENCIA', 'CALLE', 'Masculino', '80890082017135', '13590823', '2011-07-13', 120),
(1319, 'BRANDON', 'VARGAS', 'QUISPE', 'Masculino', '409000052017802', '14470348', '2010-11-11', 120),
(1320, 'MARIA BELEN', 'VASQUEZ', 'CARRILLO', 'Masculino', '409000052016034', '14514747', '2010-08-12', 120),
(1321, 'JESUS NOEL', 'VELASCO', 'VILLARROEL', 'Masculino', '4090000272016025', '16780204', '2011-12-25', 120),
(1322, 'ABDIAS', 'ZENTENO', 'CRESPO', 'Femenino', '409000042017012', '15352533', '2012-04-06', 120),
(1323, 'LEYDI', 'ZUÑIGA', 'SOLIZ', 'Masculino', '70780092917049', '14543338', '2011-12-15', 120),
(1324, 'NAHUEL', 'ZURITA', 'RODRIGUEZ', 'Masculino', '80890551201514', '12524771', '2010-11-04', 120),
(1327, 'ARACELY', '', 'ESTRADA', 'Femenino', '409000052017058', '16832654', '2011-10-21', 121),
(1328, 'DANIELA', 'ANGULO', 'QUIROZ', 'Masculino', '409000052017041', '15068307', '2012-06-01', 121),
(1329, 'ADRIAN DEIMAR', 'APAZA', 'CHOQUE', 'Femenino', '809802352016013', '15163007', '2012-02-17', 121),
(1330, 'CAMILA NOHEMI', 'BAYA', 'COPA', 'Masculino', '809800852016007', '14038293', '2012-06-12', 121),
(1331, 'BEYMAR', 'CABRERA', 'MONTECINOS', 'Masculino', '409000052017028', '15665107', '2011-08-26', 121),
(1332, 'ANGELINA ANDREA', 'CACERES', 'JALDIN', 'Femenino', '409000072017030', '15798411', '2012-02-20', 121),
(1333, 'JHANETH MAJHELI', 'CALLEJAS', 'VEIZAGA', 'Masculino', '409000042016048', '1665586', '2011-07-09', 121),
(1334, 'BENJAMIN', 'CHOQUE', 'AGUAYO', 'Masculino', '409000052017036', '15954429', '2011-12-02', 121),
(1335, 'ELIAS JHOEL', 'CORDOVA', 'ALVAREZ', 'Femenino', '409000052017037', '15075044', '2012-05-25', 121),
(1336, 'JUAN DAVID', 'FATTY', 'VELIZ', 'Masculino', '409000052017019', '12491618', '2011-07-03', 121),
(1337, 'GHILMAR', 'FLORES', 'GUTIERREZ', 'Masculino', '809800172017001', '15657764', '2011-07-27', 121),
(1338, 'SOFIA', 'GARCIA', 'TECILLO', 'Masculino', '409000052017047', '16016751', '2011-11-22', 121),
(1339, 'RODRIGO', 'GUTIERREZ', 'HERRERA', 'Masculino', '409000052017026', '15066177', '2012-01-28', 121),
(1340, 'JUANA ROSA', 'INOSENTE', 'CHARACAYO', 'Masculino', '409000052017048', '15081468', '2011-09-29', 121),
(1341, 'REBECA JHANET', 'LAUREANO', 'FATTY', 'Masculino', '409000052017049', '14512173', '2011-05-13', 121),
(1342, 'KATERIN LEYDA', 'LONASCO', 'RUIZ', 'Masculino', '409000052017050', '15317679', '2011-07-12', 121),
(1343, 'ANET', 'LUCIO', 'PANIAGUA', 'Femenino', '409000072015849', '14512173', '2010-05-09', 121),
(1344, 'JHOSELIN', 'MAMANI', 'ORTIZ', 'Masculino', '809800382016015', '14512173', '2011-01-26', 121),
(1345, 'JHOEL', 'NINAVIA', 'REVOLLO', 'Masculino', '409000052017036', '14997601', '2011-10-29', 121),
(1346, 'MARLENE JHANJAIRA', 'NUÑEZ', 'HERBOSO', 'Masculino', '409000052016244', '16265948', '2009-07-25', 121),
(1347, 'JHADIEL JOSTIN', 'PARDO', 'GARCIA', 'Masculino', '409000052017024', '14381683', '2011-08-17', 121),
(1348, 'LUCIANA MASSIEL', 'PERICON', 'COSSIO', 'Masculino', '409000052017056', '13202156', '2012-04-28', 121),
(1349, 'DAIANE', 'QUISPE', 'GARCIA', 'Masculino', '809800182016057', '16205713', '2011-07-30', 121),
(1350, 'JHON', 'REVOLLO', 'CONDORI', 'Masculino', '409000052016405', '14515875', '2011-05-25', 121),
(1351, 'CAMILA', 'SAAVEDRA', 'ROJAS', 'Masculino', '409000052017063', '15718853', '2011-10-29', 121),
(1352, 'MARIBEL', 'SANGRERI', 'TORRES', 'Masculino', '809805172017062', '15708664', '2012-06-11', 121),
(1353, 'CAMILA', 'TOLA', 'PILLCO', 'Masculino', '409000052017008', '15056986', '2012-09-13', 121),
(1354, 'RAUL', 'TORREZ', 'ALEJO', 'Masculino', '409000052017064', '14122669', '2012-05-06', 121),
(1355, 'THIAGO JOAQUIN', 'VARGAS', 'MORALES', 'Masculino', '409000052017048', '17080714', '2012-03-20', 121),
(1356, 'ABNER', 'ZENTENO', 'CRESPO', 'Femenino', '409000042017013', '15352514', '2012-04-06', 121),
(1358, 'MIGUEL ANGEL', 'ACHO', 'VASQUEZ', 'Masculino', '808600752016008', '13840576', '2011-03-30', 122),
(1359, 'IVER', 'ACHU', 'LAZARO', 'Femenino', '409000052014296', '14381612', '2008-11-02', 122),
(1360, 'JHON OLIVER', 'ALVARADO', 'LAUREANO', 'Masculino', '409000052016008', '12623434', '2011-03-17', 122),
(1361, 'ALLISON', 'ANGULO', 'RODRIGUEZ', 'Femenino', '409000052016018', '15224720', '2011-03-10', 122),
(1362, 'MIRIAM', 'BARRETA', 'CRUZ', 'Masculino', '409000052016020', '15068119', '2011-06-21', 122),
(1363, 'ERICK', 'CALIZAYA', 'SALVATIERRA', 'Femenino', '409000052015272A', '16179746', '2009-12-16', 122),
(1364, 'NICOL ALISON', 'CORO', 'TOACA', 'Masculino', '8098045201557', '14695988', '2011-05-10', 122),
(1365, 'NEYMAR ALEXIS', 'CORONEL', 'MAMANI', 'Masculino', '408700922016031', '16309814', '2011-05-18', 122),
(1366, 'DAILIN YACIRA', 'CUSI', 'ARCE', 'Masculino', '4090000620151366', '14783735', '2010-04-07', 122),
(1367, 'CRISTIAN', 'HERRERA', 'OYARDO', 'Masculino', '80610036201422', '11077123', '2010-03-13', 122),
(1368, 'ELVI LIZBETH', 'LAZARO', 'CONDORI', 'Femenino', '409000052016006', '13994922', '2011-06-19', 122),
(1369, 'KAREN', 'LIMA', 'ESPINOZA', 'Masculino', '409000052016014', '15077270', '2011-03-20', 122),
(1370, 'JONAS', 'LIMACHI', 'DELGADILLO', 'Masculino', '409000052017059', '15081998', '2010-11-12', 122),
(1371, 'JHULIANA', 'LIMACHI', 'TACURI', 'Masculino', '409000052016021', '14263614', '2010-09-12', 122),
(1372, 'JHANET', 'MAMANI', 'SANCHEZ', 'Masculino', '409000052016012', '15077030', '2010-08-21', 122),
(1373, 'JOEL', 'MARTINEZ', 'MAMANI', 'Masculino', '409000052016015', '14121532', '2010-08-22', 122),
(1374, 'DAVID', 'MARTINEZ', 'VIZALLA', 'Masculino', '4090000520152825', '15142566', '2009-09-26', 122),
(1375, 'ORIANA', 'MENDEZ', 'RODRIGUEZ', 'Femenino', '719800622016006', '17005929', '2010-07-27', 122),
(1376, 'CARLOS CRISTOBAL', 'MENESES', 'GUTIERREZ', 'Masculino', '409000052015283A', '15075182', '2010-05-05', 122),
(1377, 'DAYANA', 'MERCADO', 'MONTECINOS', 'Masculino', '409000052016013', '14512670', '2010-07-17', 122),
(1378, 'WILMAR', 'MUÑOS', 'DELGADILLO', 'Masculino', '409000052016036', '14512211', '2009-09-16', 122),
(1379, 'KATERIN DIANA', 'REVOLLO', 'VERA', 'Masculino', '409000052016001', '14383772', '2010-08-15', 122),
(1380, 'ELVIS', 'RODRIGUEZ', 'VENEGAS', 'Femenino', '80920009201573', '15919874', '2010-03-08', 122),
(1381, 'JOSUE GERMAIDER', 'ROJAS', 'ROJAS', 'Masculino', '809804012016026', '15530788', '2010-09-13', 122),
(1382, 'CAMILA ESTEFANI', 'SILES', 'MENDOZA', 'Masculino', '409000052015608A', '16262652', '2010-12-02', 122),
(1383, 'JOSE DANIEL', 'VERA', 'ROCHA', 'Masculino', '409000052016043', '12464934', '2011-02-08', 122),
(1384, 'RUDY ANGEL', 'VILLARROEL', 'MAMANI', 'Masculino', '80904812015647', '14971255', '2010-09-22', 122),
(1385, 'EVELYN', 'YAPARI', 'MAMANI', 'Femenino', '409000052016005', '15077081', '2010-09-11', 122),
(1389, 'JHOSELIN', 'ALVAREZ', 'GONZALES', 'Masculino', '4090000520152677', '16367989', '2009-11-27', 123),
(1390, 'ESNAYDER', 'CALICHO', 'ARNEZ', 'Femenino', '8189011120151582', '13302256', '2011-02-17', 123),
(1391, 'AIDEE', 'CARRILLO', 'PADILLA', 'Femenino', '409000052016030', '15077248', '2011-05-29', 123),
(1392, 'JOSUEL', 'CARRILLO', 'PADILLA', 'Masculino', '4090000520152442', '15077082', '2009-08-12', 123),
(1393, 'JHONATAN', 'CATUNTA', 'LAUREANO', 'Masculino', '7118001320152843', '16833675', '2010-03-08', 123),
(1394, 'ERLINDA', 'CHAMACA', 'CRUZ', 'Femenino', '609000592016014', '16181082', '2011-03-09', 123),
(1395, 'IKER', 'CHIPATA', 'CABEZAS', 'Femenino', '409000042016002', '14195508', '2010-03-10', 123),
(1396, 'OSMAR', 'CORDOVA', 'ROJAS', 'Femenino', '4090000920156568', '14759219', '2009-09-20', 123),
(1397, 'ISAIAS FREDDY', 'COSSIO', 'VIDAL', 'Femenino', '8198049820145388', '14011832', '2010-09-14', 123),
(1398, 'JUAN DAVID', 'CUELLAR', 'MAMANI', 'Masculino', '409000052016032', '16214732', '2010-11-04', 123),
(1399, 'DELINA', 'CUYO', 'TAQUICHIRI', 'Masculino', '814300822015297', '15146110', '2011-01-15', 123),
(1400, 'ANALIA', 'ESCOBAR', 'CARRILLO', 'Femenino', '4090000520152639', '14834568', '2010-02-25', 123),
(1401, 'MOISES WILLIAN', 'ESPINOZA', 'CALI', 'Masculino', '409000052016041', '14722147', '2010-09-08', 123),
(1402, 'LEONELA CELINA', 'FERRUFINO', 'MELGAREJO', 'Masculino', '4090000520152772', '15077078', '2010-09-23', 123),
(1403, 'MATILDE', 'FUENTES', 'VALENCIA', 'Masculino', '809800352017011', '15797041', '2010-07-04', 123),
(1404, 'RUSSELL ANDRE', 'GUEVARA', 'CASANOVA', 'Masculino', '4090000242014799', '16639776', '2010-03-20', 123),
(1405, 'JAVIER', 'GUTIERREZ', 'SIACARI', 'Masculino', '6090002420152428', '13260636', '2011-01-20', 123),
(1406, 'HECTOR', 'INOCENTE', 'SOTO', 'Masculino', '4090000720146022', '12403426', '2009-01-30', 123),
(1407, 'AMELIA DAYANA', 'JUYARI', 'NINA', 'Femenino', '811700282015642', '14146628', '2011-05-31', 123),
(1408, 'JHOSTIN FAVIAN', 'MAMANI', 'JALILLITA', 'Masculino', '409000052016044', '12524293', '2010-10-01', 123),
(1409, 'BRITHANNY DAYANA', 'MEDINA', 'GUTIERREZ', 'Masculino', '4090000202152650', '15833211', '2010-11-12', 123),
(1410, 'ELVIS JAMIL', 'MENECES', 'CARRILLO', 'Femenino', '4090000520152366', '17257360', '2009-07-14', 123),
(1411, 'DENIS', 'MOLINA', 'SORIA', 'Masculino', '7090001220151377', NULL, '2010-01-23', 123),
(1412, 'GABRIEL', 'MONTECINOS', 'ROJAS', 'Masculino', '8098007720151583', '14834663', '2010-08-14', 123),
(1413, 'LIZ VANIA', 'ROJAS', 'QUECAÑA', 'Masculino', '409000052017062', '17660027', '2011-01-28', 123),
(1414, 'JUAN JOSE', 'ROTALES', 'SOLIZ', 'Masculino', '809803522015613', '13994972', '2010-11-18', 123),
(1415, 'DANIEL', 'TOLA', 'PILLCO', 'Masculino', '4090000520152916', '15079330', '2011-07-08', 123),
(1416, 'JHEREMY', 'TORRES', 'ROCHA', 'Masculino', '409000052016007', '15079277', '2010-09-23', 123),
(1417, 'ELVIS CRISTIAN', 'TRIVEÑO', 'PADILLA', 'Femenino', '409000052016028', '16059467', '2011-04-10', 123),
(1420, 'JUAN MIGUEL', 'AYAVIRI', 'MICO', 'Masculino', '8148020020141809', '12813126', '2008-08-02', 124),
(1421, 'FERNANDA MICHEL', 'BAYA', 'COPA', 'Masculino', '809800852014381', '14038292', '2009-09-14', 124),
(1422, 'JHON ALVEIRO', 'CABALLERO', 'AGUILAR', 'Masculino', '409000007201511206', '13825108', '2009-08-29', 124),
(1423, 'ALEX', 'CARI CARI', 'MORCO', 'Femenino', '80890067201462', '13227914', '2009-11-16', 124),
(1424, 'NATALY', 'CARRILLO', 'ESPINOZA', 'Masculino', '409000005201525624', '15077348', '2010-06-29', 124),
(1425, 'ALEYDA', 'CASILLA', 'UGARTE', 'Femenino', '809802352015693', '95131516', '2010-05-30', 124),
(1426, 'JOEL', 'CHOQUE', 'AGUAYO', 'Masculino', '40900000520152749', '15079486', '2010-02-04', 124),
(1427, 'NEISA', 'CHOQUE', 'CAYARA', 'Masculino', '8198122102157357', '16990439', '2010-10-06', 124),
(1428, 'YANINA CAMILA', 'CHOQUE', 'CESPEDES', 'Femenino', '60900000520142240', '15476702', '2010-04-28', 124),
(1429, 'KEVIN', 'CLAROS', 'CONDORI', 'Masculino', '409000007201511214', '14834549', '2010-03-06', 124),
(1430, 'LEONEL ANDRE', 'COCA', 'LEDEZMA', 'Masculino', '6089003220142690', '14233573', '2009-09-17', 124),
(1431, 'JOSUE ISAIAS', 'COSSIO', 'VIDAL', 'Masculino', '8198049820143992', '14011775', '2008-08-09', 124),
(1432, 'VICTORIA', 'GARCIA', 'TECILLO', 'Masculino', '4090000052014415', '14834548', '2009-04-27', 124),
(1433, 'VICTOR MANUEL', 'GARCIA', 'VILLARROEL', 'Masculino', '40900000720141246', '15075085', '2009-11-27', 124),
(1434, 'MIGUEL ANGEL', 'GUTIERREZ', 'HERRERA', 'Masculino', '40900000520152586', '15079693', '2009-07-04', 124),
(1435, 'ARON ISRAEL', 'MANTILLA', 'MAMANI', 'Femenino', '809802892014656', '13375162', '2009-11-15', 124),
(1436, 'CAMILA WENDY', 'MERINO', 'PANAMA', 'Masculino', '4090000072014200', '15333284', '2010-04-06', 124),
(1437, 'MARIA RENE', 'PALLA', 'CONDORI', 'Masculino', '8117007270141352', '14146804', '2010-04-05', 124),
(1438, 'HIERKO ALEJANDRO', 'QUELCA', 'CONDORI', 'Masculino', '40900000520152423', '15896802', '2010-03-18', 124),
(1439, 'MAIRA CELESTE', 'QUISPE', 'HINOJOSA', 'Masculino', '40900000520152476', '14357977', '2009-10-10', 124),
(1440, 'JUDITH LIA', 'ROJAS', 'ESPINOZA', 'Masculino', '606800020214354', '13960423', '2009-07-15', 124),
(1441, 'SHEYLA NATALY', 'SALAS', 'AGUILAR', 'Masculino', '40900000520152878', '16304315', '2009-08-05', 124),
(1442, 'BRITANI MELANI', 'SANTA MARIA', 'CONDORI', 'Masculino', '40900000520152882', '10702001', '2009-07-27', 124),
(1443, 'MARIANA', 'SOCOMPI', 'ROCHA', 'Masculino', '4090000052015239A', '15077273', '2010-05-14', 124),
(1444, 'LUZ CLARITA', 'TERCEROS', 'ANTONIO', 'Masculino', '40900000520152901', '15062737', '2011-10-11', 124),
(1445, 'ESTEFANY EVELYN', 'VARGAS', 'QUISPE', 'Femenino', '40900000520172417', '10069125', '2008-11-13', 124),
(1446, 'JUAN FLAVIO', 'VEGA', 'ANCASI', 'Masculino', '40900000520152902', '14582812', '2009-10-23', 124),
(1447, 'LIZBETH', 'ZUÑIGA', 'SOLIZ', 'Masculino', '708700902159167', '14543337', '2009-07-31', 124),
(1451, 'KEVIN IVAN', 'ALACORE', 'CHAMBI', 'Masculino', '409000052014125', '12492908', '2008-12-26', 125),
(1452, 'DANIEL', 'ALANOCA', 'LAZO', 'Masculino', '4073026320141378', '13815871', '2010-01-12', 125),
(1453, 'JHANET', 'ALBA', 'ALMANZA', 'Masculino', '4090000520152662', '15082353', '2009-10-01', 125),
(1454, 'DILAN ANTHONY', 'ALVARADO', 'MARTINEZ', 'Masculino', '8089001520151333', '16718288', '2010-01-09', 125),
(1455, 'JHOSET SILENY', 'CABALLERO', 'SILVA', 'Masculino', '4090000420153772', '14625334', '2009-10-12', 125),
(1456, 'MARLENI', 'CALI', 'ESPINOZA', 'Masculino', '4090000520152715', '14834547', '2010-06-06', 125),
(1457, 'CESAR', 'COLQUE', 'ZEBALLOS', 'Masculino', '8098007200145238', '13378854', '2009-12-20', 125),
(1458, 'JOSE SANDRO', 'GARCIA', 'FERNANDEZ', 'Masculino', '50900004920142998', '15329576', '2009-04-08', 125),
(1459, 'DAVID RONALD', 'HUANACO', 'CASILLA', 'Masculino', '4090000620141490', '17023424', '2008-04-17', 125),
(1460, 'JUAN DE DIOS', 'IRIARTE', 'QUINTEROS', 'Masculino', '4090000420151038', '13225123', '2007-06-08', 125),
(1461, 'NADIENKA ANA', 'LA TORRE', 'MERIDA', 'Masculino', '8123012520141678', '13124609', '2010-05-06', 125),
(1462, 'MARCO DANIEL', 'LAYME', 'NINA', 'Masculino', '6057000420131533', '13797657', '2009-03-30', 125),
(1463, 'JHEYSON', 'LIMA', 'ESPINOZA', 'Masculino', '4090000520141179', '15077265', '2009-02-22', 125),
(1464, 'GABRIELA', 'LIMACHI', 'MAMANI', 'Masculino', '4073026320152889', '16203239', '2010-03-12', 125),
(1465, 'ANGELA ROSARIO', 'MAMANI', 'LAZO', 'Femenino', '4090001220142268', '16747203', '2010-03-14', 125),
(1466, 'HILARIA', 'MAMANI', 'PACO', 'Masculino', '4090000520152810', '15082146', '2009-10-14', 125),
(1467, 'JHULIETH MELANI', 'NUÑEZ', 'FUENTES', 'Masculino', '80902352014612', '12492029', '2010-06-08', 125),
(1468, 'ELMER', 'QUINTEROS', 'CARRILLO', 'Femenino', '4090000520141483', '15035796', '2009-06-09', 125),
(1469, 'ROSARIO', 'QUINTEROS', 'CARRILLO', 'Masculino', '4090000520141478', '15039715', '2009-06-09', 125),
(1470, 'TAIDE DANIELA', 'QUIROGA', 'HINOJOSA', 'Masculino', '4090000272014940', '16643525', '2009-04-30', 125),
(1471, 'MIQUE EDWIN', 'QUISPE', 'HUIRACOCHA', 'Masculino', '4090000520152859', '16091192', '2009-12-22', 125),
(1472, 'FELIX', 'RAMIREZ', 'LEON', 'Masculino', '4090000520152567', '15027734', '2010-03-19', 125),
(1473, 'MAXIMO', 'RAMIREZ', 'LEON', 'Masculino', '4090000520152552', '15027740', '2010-03-19', 125),
(1474, 'ELIAS', 'SANGRERI', 'TORRES', 'Femenino', '809051720154419', '14697816', '2010-04-25', 125),
(1475, 'JHOSSELINE BRITTANY', 'TERRAZAS', 'RIVERA', 'Masculino', '809012020142426', '14581643', '2009-07-23', 125),
(1476, 'ISRAEL', 'TOLA', 'PILLCO', 'Femenino', '4090000520153510', '15079289', '2010-03-15', 125),
(1477, 'ALEJANDRO ULICES', 'VELIZ', 'LEON', 'Femenino', '4090000520152944', '14722299', '2009-11-26', 125),
(1482, 'CARLOS GABRIEL', 'ACHO', 'VASQUEZ', 'Masculino', '8086007520143111', '13840812', '2008-09-01', 126),
(1483, 'KANDY', 'AVILA', 'PADILLA', 'Masculino', '4090000520141303', '16514017', '2008-12-11', 126),
(1484, 'NAILA RUBI', 'AYALA', 'CALLISAYA', 'Masculino', '8123020320133727', '15383984', '2009-02-06', 126),
(1485, 'SEVERO', 'CAISINA', 'SOTO', 'Masculino', '4090000520141448', '14195846', '2009-04-22', 126),
(1486, 'DEYSI', 'CAISINA', 'VILLEZ', 'Masculino', '4090000520141333A', '14440357', '2008-12-22', 126),
(1487, 'DIEGO', 'CARRILLO', 'FLORES', 'Masculino', '4090000520141460', '14722265', '2009-04-27', 126),
(1488, 'LUIS MARIO', 'CHAMACA', 'CRUZ', 'Masculino', '6090005920145772', '14263002', '2009-04-24', 126),
(1489, 'ARIEL MARIO', 'CHIRI', 'TOLA', 'Femenino', '4090000520141345', '14234490', '2008-08-03', 126),
(1490, 'DAVID', 'COCA', 'CALLAHUARA', 'Masculino', '4090000520149A', '14235534', '2008-12-28', 126),
(1491, 'ANABEL', 'COCA', 'SANDOVAL', 'Femenino', '4090000520141000', '14447810', '2009-02-18', 126),
(1492, 'CHAIR JHILMER', 'COTARI', 'JIMENEZ', 'Masculino', '4090000520142552', '14834467', '2007-05-31', 126),
(1493, 'CESAR', 'ESPINOZA', 'CALI', 'Masculino', '4090000520141371', '14722048', '2008-10-21', 126),
(1494, 'LAVINIA', 'FLORES', 'GUTIERREZ', 'Masculino', '7147000220153357', '14541136', '2009-03-31', 126),
(1495, 'JAVIER', 'GARCIA', 'ESCOBAR', 'Masculino', '8098003220145572', '9624317', '2008-08-29', 126),
(1496, 'LUIS ANGEL', 'HEREDIA', 'MOLINA', 'Masculino', '8098001920143369', '13893704', '2008-05-19', 126),
(1497, 'JAZMIN', 'INOCENTE', 'TOAQUE', 'Masculino', '4090000520141440', '14447505', '2009-03-19', 126),
(1498, 'WENS ABNER', 'JIMENEZ', 'SOLIZ', 'Masculino', '4090001220144408', '12968825', '2008-11-26', 126),
(1499, 'JUAN JHOEL', 'LIMACHI', 'TACURI', 'Masculino', '4090000520141484', '14263612', '2008-09-30', 126),
(1500, 'ZENAIDA', 'MAMANI', 'ORTIZ', 'Masculino', '8098003820141611', '13944702', '2008-12-11', 126),
(1501, 'LEONARDO DAVID', 'MENESES', 'GUTIERREZ', 'Masculino', '4090000520126555', '14835418', '2008-08-09', 126),
(1502, 'JHON SAUL', 'MORALES', 'ROCHA', 'Masculino', '4090000520136314', '14512896', '2008-03-30', 126),
(1503, 'AYDE', 'OLGUIN', 'REJAS', 'Femenino', '4090000520142333', '12713133', '2009-03-01', 126),
(1504, 'ESTRELLA ELEONOR', 'OROPEZA', 'GERONIMO', 'Femenino', '4090000272014438', '13894459', '2008-09-17', 126),
(1505, 'HERNAN ALEJANDRO', 'OTALORA', 'GUTIERREZ', 'Masculino', '4090000520141344', '14394710', '2007-12-27', 126),
(1506, 'DIANA GABRIELA', 'PEREZ', 'SALAZAR', 'Masculino', '4090000520227005', '9508180', '2009-03-16', 126),
(1507, 'GROBER', 'PINEDO', 'ROCHA', 'Masculino', '70930004201368', '13824898', '2006-11-09', 126),
(1508, 'SUSAN', 'QUISPE', 'AGUILAR', 'Masculino', '409000270146242', '13235942', '2008-03-30', 126),
(1509, 'SANTIAGO ISRAEL', 'REVOLLO', 'MONTAÑO', 'Masculino', '4090000420138438A', '12524763', '2008-09-17', 126),
(1510, 'LETICIA', 'VARGAS', 'CONDORI', 'Masculino', '4090000520137439', '15099743', '2007-12-03', 126),
(1511, 'INES', 'VARGAS', 'TOMAS', 'Femenino', '4090000520137465', '16148095', '2007-07-27', 126),
(1512, 'JHESON', 'VELIZ', 'MENESES', 'Masculino', '4090000520141264', '15077099', '2008-05-21', 126),
(1513, 'YOSELIN LUCERO', 'VERA', 'CHOQUE', 'Femenino', '4090000520142575', '9429739', '2009-03-20', 126),
(1545, 'JOEL', 'ALVAREZ', 'MAMANI', 'Masculino', '6090000352018124', '13096832', '2008-03-26', 127),
(1546, 'MADAY DANIA', 'BUSTAMANTE', 'VELIZ', 'Masculino', '4090000520141431', '13379027', '2009-03-08', 127),
(1547, 'NILTON', 'CABRERA', 'MONTECINOS', 'Masculino', '409000052014324', '15078636', '2008-12-25', 127),
(1548, 'JHOAN ANDY', 'CHOQUE', 'CESPEDES', 'Masculino', '60900005201324', '9392757', '2008-07-18', 127),
(1549, 'NOEL DAVID', 'CHOQUE', 'CHIRI', 'Masculino', '409000052014350', '14843595', '2009-03-23', 127),
(1550, 'MAYCOL', 'CRESPO', 'HERRERA', 'Masculino', '409000052014366', '15077035', '2009-02-04', 127),
(1551, 'ELIZABETH', 'FATTY', 'LAUREANO', 'Femenino', '409000052014387', '14886028', '2009-03-14', 127),
(1552, 'NOELIA', 'FERREL', 'QUIROZ', 'Masculino', '409000052014121', '15962994', '2008-08-19', 127),
(1553, 'JESSICA', 'FLORES', 'GARCIA', 'Masculino', '409000182013825', '14328258', '2008-03-24', 127),
(1554, 'RONALD', 'FLORES', 'NINA', 'Masculino', '809800462014310', '13718083', '2007-09-25', 127),
(1555, 'ABEL', 'FUENTES', 'VALENCIA', 'Femenino', '8089003520132722', '14070848', '2006-09-08', 127),
(1556, 'CARLOS JHOAN', 'GALARZA', 'ESCOBAR', 'Masculino', '40900005201440A', '17118778', '2008-08-07', 127),
(1557, 'ALEX ANGEL', 'GUZMAN', 'POMA', 'Femenino', '4098000232012718', '13066204', '2008-04-18', 127),
(1558, 'ELIANA', 'INOCENTE', 'COCA', 'Femenino', '409000052014163', '14123161', '2008-08-03', 127),
(1559, 'ROSMERY', 'INOCENTE', 'CUISARA', 'Masculino', '409000052014158', '14783882', '2008-05-20', 127),
(1560, 'FABIOLA', 'IQUISE', 'MAMANI', 'Masculino', '812300162013135', '7405016', '2008-05-16', 127),
(1561, 'CARMEN', 'MAMANI', 'FLORES', 'Masculino', '40900005201419A', '9474975', '2008-07-23', 127),
(1562, 'CINTHIA', 'MAMANI', 'SANCHEZ', 'Masculino', '409000052014207', '14852812', '2008-04-22', 127),
(1563, 'ANABEL', 'QUISPE', 'GARCIA', 'Femenino', '407304562014482A', '9733126', '2009-02-10', 127),
(1564, 'ANA SOLEDAD', 'ROTALES', 'SOLIZ', 'Femenino', '809803522013580', '13999471', '2008-09-23', 127),
(1565, 'ALISON BRITANNY', 'SALAS', 'AGUILAR', 'Femenino', '409000052014249', '16304257', '2008-07-16', 127),
(1566, 'SOLEDAD', 'TECILLO', 'VALERIANO', 'Masculino', '8123027520135888', '15698852', '2009-01-16', 127),
(1567, 'JUAN DAVID', 'TERCEROS', 'CARRASCO', 'Masculino', '4090000520161142', '14447003', '2006-05-13', 127),
(1568, 'YARA ARLETH', 'TICONA', 'PORCE', 'Femenino', '809803120141023', '10817646', '2009-05-13', 127),
(1569, 'LEONARDO FABIO', 'VELIZ', 'ROCHA', 'Masculino', '409000062013482', '14446592', '2009-03-14', 127),
(1570, 'NEYDA AMELY', 'VERA', 'TARIFA', 'Masculino', '409000042013362', '15077026', '2008-08-04', 127),
(1571, 'AMILCAR', 'VILLARROEL', 'ALMANZA', 'Femenino', '409000052014548', '9457972', '2008-10-08', 127),
(1576, 'JHOSMAR WILLIAM', '', 'ROCHA', 'Masculino', '409000052011506A', '15081303', '2006-04-10', 128),
(1577, 'LUCIANA', '', 'SANCARI', 'Masculino', '809805152013251', '13719429', '2007-12-01', 128),
(1578, 'MIGUEL ANGEL', 'ALANOCA', 'LAZO', 'Masculino', '407301972012634', '13872297', '2007-10-19', 128),
(1579, 'MAYTE', 'ALBA', 'ALMANZA', 'Masculino', '4090000520136170', '14834693', '2007-10-30', 128),
(1580, 'JESUS MIGUEL', 'ALVAREZ', 'GONZALES', 'Masculino', '4090000520136405', '14514778', '2007-07-29', 128),
(1581, 'RODRIGO', 'ALVAREZ', 'RODRIGUEZ', 'Masculino', '80961002001280', '13745414', '2007-10-23', 128),
(1582, 'JHONATAN', 'APAZA', 'MAMANI', 'Masculino', '4090000520125837', '14264161', '2006-08-16', 128),
(1583, 'BRANDON', 'CALIZAYA', 'SALVATIERRA', 'Masculino', '4090000520136439', '16179731', '2007-12-12', 128),
(1584, 'JUAN JOSE', 'CARI CARI', 'MORCO', 'Masculino', '808900672013633', '13228591', '2008-05-29', 128),
(1585, 'LUIS FERNANDO', 'FERNANDEZ', 'REVOLLO', 'Masculino', '4090000520136458', '14058472', '2008-02-13', 128),
(1586, 'JHOSELIN', 'GARCIA', 'FERNANDEZ', 'Masculino', '5090004920125791', '15329995', '2006-07-26', 128),
(1587, 'JUAN MATEO', 'HUARA', 'ANTEZANA', 'Masculino', '4090000520136462', '16911875', '2008-02-22', 128),
(1588, 'DAVID', 'INOSENTE', 'CHARACAYO', 'Masculino', '71420044201218', '13931034', '2008-06-15', 128),
(1589, 'RODRIGO', 'INOSENTE', 'SALVATIERRA', 'Masculino', '4090000520136257', '13418709', '2007-09-10', 128),
(1590, 'FERNANDO', 'LOAYZA', 'CHAMBILLA', 'Masculino', '4090000520136481', '15086192', '2008-03-30', 128),
(1591, 'EMA', 'LOPEZ', 'ROCHA', 'Femenino', '4090000520136496', '14447148', '2008-03-04', 128),
(1592, 'KEVIN JHONATAN', 'MAMANI', 'LAZO', 'Masculino', '409000122013113A', '14859949', '2007-11-30', 128),
(1593, 'ALAIN SAUL', 'MORALES', 'PEÑA', 'Femenino', '409000052013652A', '15079669', '2008-06-03', 128),
(1594, 'CALOYERO DUSTAN', 'PEÑA', 'CORRALES', 'Masculino', '809801720114791', '13719440', '2006-09-18', 128),
(1595, 'CRISTIAN ENRIQUE', 'ROCHA', 'PEÑA', 'Masculino', '4090000520136553', '13380322', '2008-06-15', 128),
(1596, 'SHEYLA', 'RODRIGUEZ', 'INCA', 'Masculino', '8098008520122232', '15482604', '2007-01-23', 128),
(1597, 'THIAGO ROBINHO', 'TERRAZAS', 'RIVERA', 'Masculino', '809810220112131', '14581851', '2008-02-15', 128),
(1598, 'CARLA', 'VIZALLA', 'PUMA', 'Masculino', '4090000520136587', '12490435', '2007-09-09', 128),
(1607, 'JOSUE', 'ARCE', 'CAMPOS', 'Masculino', '80890062021377', '12555510', '2007-09-05', 129),
(1608, 'FREDDY', 'BARRETA', 'CRUZ', 'Masculino', '4090000520136204', '15068097', '2007-11-22', 129),
(1609, 'MARIA PAOLA', 'BLANCO', 'ALEJO', 'Masculino', '40900002120122909', '14699330', '2007-04-28', 129),
(1610, 'MARIBEL', 'CABEZAS', 'COCHI', 'Masculino', '409000052013641A', '16964006', '2007-04-28', 129),
(1611, 'CARMEN', 'CATUNTA', 'LAUREANO', 'Masculino', '711800132012446', '14669153', '2005-09-04', 129),
(1612, 'DANIEL', 'CORDOVA', 'ALVAREZ', 'Masculino', '4090000520136443', '15074928', '2008-01-09', 129),
(1613, 'ARIANA JHASMIN', 'FUENTES', 'AJATA', 'Femenino', '8098023520131207', '14834069', '2007-07-17', 129),
(1614, 'GUSTAVO', 'IQUISE', 'MAMANI', 'Masculino', '812300162013177', '7405017', '2006-06-09', 129),
(1615, 'ALEYDA', 'LAUREANO', 'CONDORI', 'Femenino', '4090000520136261', '12718407', '2008-01-25', 129),
(1616, 'ALEX', 'MAMANI', 'CRUZ', 'Femenino', '4090000520121111', '14235109', '2006-09-06', 129),
(1617, 'CRISTIAN WALDO', 'MAMANI', 'GRAGEDA', 'Masculino', '4090000520136500', '15079329', '2007-08-13', 129),
(1618, 'ALICIA GABRIEL', 'MAMANI', 'LAURA', 'Femenino', '4090000520136295', '8830896', '2008-01-22', 129),
(1619, 'HUMBERTO', 'MAMANI', 'ORTIZ', 'Masculino', '809000382012461', '13587297', '2007-06-02', 129),
(1620, 'HEYDI', 'MAMANI', 'QUENTA', 'Masculino', '8098049420114827', '9516221', '2005-10-16', 129),
(1621, 'JHENY', 'MENESES', 'PEÑA', 'Masculino', '4090000520146106', '14735089', '2008-04-25', 129),
(1622, 'AMELIA BELINDA', 'PEREZ', 'SALAZAR', 'Femenino', '4090000520227900', '9507487', '2007-04-06', 129),
(1623, 'LEONARDO SERGIO', 'PIMIENTA', 'ZAPATA', 'Masculino', '4090000520136329', '12971455', '2008-02-13', 129),
(1624, 'DAVID', 'REVOLLO', 'CONDORI', 'Masculino', '4090000520136333', '14447752', '2008-03-31', 129),
(1625, 'ALEX', 'ROJAS', 'ARUQUIPA', 'Femenino', '4090000520136348', '14235114', '2008-01-02', 129),
(1626, 'RUBEN', 'ROJAS', 'RIOJA', 'Masculino', '40900005201116032', '15470470', '2005-11-04', 129),
(1627, 'RONAL', 'SANGRERI', 'TORRES', 'Masculino', '8098051720133991', '14697646', '2007-11-22', 129),
(1628, 'DARLIN', 'SOCOMPI', 'ROCHA', 'Masculino', '4090000520136367', '14513665', '2007-09-20', 129),
(1629, 'CINTHIA PRISCILA', 'VILLARROEL', 'ALMANZA', 'Masculino', '4090000520136386', '9457970', '2007-07-23', 129),
(1638, 'MADISON ESCARLET', 'REINAGA', 'MONTECINOS', 'Femenino', '4090001820259598', '16480330', '2020-08-19', 102),
(1639, 'MAYTE BELEN', 'LIMACHI', 'TACURI', 'Femenino', '4090001820256159', '16491612', '2020-09-10', 102),
(1640, 'ANGELES VALERIA', 'LOZA', 'LAUREANO', 'Femenino', '3739743409000055', '3739741', '2020-10-13', 102);

-- --------------------------------------------------------

--
-- Estructura de tabla para la tabla `materias`
--

CREATE TABLE `materias` (
  `id_materia` int NOT NULL,
  `nombre_materia` varchar(255) COLLATE utf8mb4_general_ci NOT NULL COMMENT 'Nombre de la materia, ej: Matemáticas, Física',
  `es_submateria` tinyint(1) DEFAULT '0',
  `materia_padre_id` int DEFAULT NULL,
  `es_extra` tinyint(1) NOT NULL DEFAULT '0'
) ENGINE=InnoDB DEFAULT CHARSET=utf8mb4 COLLATE=utf8mb4_general_ci;

--
-- Volcado de datos para la tabla `materias`
--

INSERT INTO `materias` (`id_materia`, `nombre_materia`, `es_submateria`, `materia_padre_id`, `es_extra`) VALUES
(809, 'COMUNIDAD Y SOCIEDAD', 0, NULL, 0),
(810, 'COMUNIDAD Y SOCIEDAD, CIENCIA TECNOLOGIA Y PRODUCCION, VIDA TIERRA Y TERRITORIO, COSMOS Y PENSAMIENTO', 0, NULL, 0),
(811, 'VIDA TIERRA Y TERRITORIO', 0, NULL, 0),
(812, 'COSMOS Y PENSAMIENTO', 0, NULL, 0),
(813, 'LENGUAJE', 0, NULL, 0),
(814, 'CIENCIAS SOCIALES', 0, NULL, 0),
(815, 'EDUCACION FISICA Y DEPORTES', 0, NULL, 0),
(816, 'EDUCACION MUSICA', 0, NULL, 0),
(817, 'ARTES PLASTICAS', 0, NULL, 0),
(818, 'MATEMATICAS', 0, NULL, 0),
(819, 'TECNICA TECNOLOGIA', 0, NULL, 0),
(820, 'CIENCIAS NATURALES', 0, NULL, 0),
(821, 'VALORES ESPIRITUALIDAD Y RELIGIONES', 0, NULL, 0),
(822, 'LENGUAJE', 0, NULL, 0),
(823, 'LENGUA EXTRANGERA', 0, NULL, 0),
(824, 'CIENCIAS SOCIALES', 0, NULL, 0),
(825, 'EDUCACION FISICA Y DEPORTES', 0, NULL, 0),
(826, 'EDUCACION MUSICA', 0, NULL, 0),
(827, 'ARTES PLASTICAS', 0, NULL, 0),
(828, 'MATEMATICAS', 0, NULL, 0),
(829, 'TECNICA TECNOLOGIA GENERAL', 0, NULL, 0),
(830, 'CIENCIAS NATURALES BIOLOGIA GEOGRAFIA', 0, NULL, 0),
(831, 'COSMOVISIONES, FILOSOFIA Y SICOLOGIA', 0, NULL, 0),
(832, 'VALORES ESPIRITUALIDAD Y RELIGIONES', 0, NULL, 0),
(833, 'LENGUAJE', 0, NULL, 0),
(834, 'LENGUA EXTRANGERA', 0, NULL, 0),
(835, 'CIENCIAS SOCIALES', 0, NULL, 0),
(836, 'EDUCACION FISICA Y DEPORTES', 0, NULL, 0),
(837, 'EDUCACION MUSICA', 0, NULL, 0),
(838, 'ARTES PLASTICAS', 0, NULL, 0),
(839, 'MATEMATICAS', 0, NULL, 0),
(840, 'TECNICA TECNOLOGIA GENERAL', 0, NULL, 0),
(841, 'CIENCIAS NATURALES BIOLOGIA GEOGRAFIA', 0, NULL, 0),
(842, 'COSMOVISIONES, FILOSOFIA Y SICOLOGIA', 0, NULL, 0),
(843, 'VALORES ESPIRITUALIDAD Y RELIGIONES', 0, NULL, 0),
(844, 'CIENCIAS NATURALES', 1, 841, 0),
(845, 'FISICA', 1, 841, 0),
(846, 'QUIMICA', 1, 841, 0),
(847, 'CIENCIAS NATURALES', 1, 841, 0),
(848, 'FISICA', 1, 841, 0),
(849, 'QUIMICA', 1, 841, 0),
(850, 'LENGUA EXTRANGERA', 0, NULL, 0),
(851, 'CIENCIAS SOCIALES', 0, NULL, 0),
(852, 'EDUCACION FISICA Y DEPORTES', 0, NULL, 0),
(853, 'EDUCACION MUSICA', 0, NULL, 0),
(854, 'ARTES PLASTICAS', 0, NULL, 0),
(855, 'MATEMATICAS', 0, NULL, 0),
(856, 'TECNICA TECNOLOGIA GENERAL', 0, NULL, 0),
(857, 'CIENCIAS NATURALES BIOLOGIA GEOGRAFIA', 0, NULL, 0),
(858, 'COSMOVISIONES, FILOSOFIA Y SICOLOGIA', 0, NULL, 0),
(859, 'VALORES ESPIRITUALIDAD Y RELIGIONES', 0, NULL, 0),
(860, 'CONTABILIDAD', 0, NULL, 1),
(861, 'TRANSFORMACION DE ALIMENTOS', 0, NULL, 1),
(862, 'CIENCIAS NATURALES', 1, 857, 0),
(863, 'FISICA', 1, 857, 0),
(864, 'QUIMICA', 1, 857, 0),
(865, 'LENGUAJE', 0, NULL, 0),
(866, 'LENGUAJE', 0, NULL, 0),
(867, 'LENGUA EXTRANJERA', 0, NULL, 0),
(868, 'CIENCIAS SOCIALES', 0, NULL, 0),
(869, 'EDUCACION FISICA Y DEPORTES', 0, NULL, 0),
(870, 'EDUCACION MUSICA', 0, NULL, 0),
(871, 'ARTES PLASTICAS', 0, NULL, 0),
(872, 'MATEMATICAS', 0, NULL, 0),
(873, 'TECNICA TECNOLOGIA GENERAL', 0, NULL, 0),
(874, 'CONTABILIDAD', 0, NULL, 1),
(875, 'TRANSFORMACION DE ALIMENTOS', 0, NULL, 1),
(876, 'CIENCIAS NATURALES BIOLOGIA GEOGRAFIA', 0, NULL, 0),
(877, 'FISICA', 0, NULL, 0),
(878, 'QUIMICA', 0, NULL, 0),
(879, 'COSMOVISIONES, FILOSOFIA Y SICOLOGIA', 0, NULL, 0),
(880, 'VALORES ESPIRITUALIDAD Y RELIGIONES', 0, NULL, 0),
(881, 'LENGUAJE', 0, NULL, 0),
(882, 'LENGUA EXTRANJERA', 0, NULL, 0),
(883, 'CIENCIAS SOCIALES', 0, NULL, 0),
(884, 'EDUCACION FISICA Y DEPORTES', 0, NULL, 0),
(885, 'EDUCACION MUSICA', 0, NULL, 0),
(886, 'ARTES PLASTICAS', 0, NULL, 0),
(887, 'MATEMATICAS', 0, NULL, 0),
(888, 'TECNICA TECNOLOGIA ESPECIALIZADA-CONTABILIDAD', 0, NULL, 0),
(889, 'CIENCIAS NATURALES BIOLOGIA GEOGRAFIA', 0, NULL, 0),
(890, 'FISICA', 0, NULL, 0),
(891, 'QUIMICA', 0, NULL, 0),
(892, 'COSMOVISIONES, FILOSOFIA Y SICOLOGIA', 0, NULL, 0),
(893, 'VALORES ESPIRITUALIDAD Y RELIGIONES', 0, NULL, 0),
(894, 'LENGUAJE', 0, NULL, 0),
(895, 'LENGUA EXTRANJERA', 0, NULL, 0),
(896, 'CIENCIAS SOCIALES', 0, NULL, 0),
(897, 'EDUCACION FISICA Y DEPORTES', 0, NULL, 0),
(898, 'EDUCACION MUSICA', 0, NULL, 0),
(899, 'ARTES PLASTICAS', 0, NULL, 0),
(900, 'MATEMATICAS', 0, NULL, 0),
(901, 'TECNICA TECNOLOGIA ESPECIALIZADA-TRANSFORMACION DE ALIMENTOS', 0, NULL, 0),
(902, 'CIENCIAS NATURALES BIOLOGIA GEOGRAFIA', 0, NULL, 0),
(903, 'FISICA', 0, NULL, 0),
(904, 'QUIMICA', 0, NULL, 0),
(905, 'COSMOVISIONES, FILOSOFIA Y SICOLOGIA', 0, NULL, 0),
(906, 'VALORES ESPIRITUALIDAD Y RELIGIONES', 0, NULL, 0),
(907, 'LENGUAJE', 0, NULL, 0),
(908, 'LENGUA EXTRANJERA', 0, NULL, 0),
(909, 'CIENCIAS SOCIALES', 0, NULL, 0),
(910, 'EDUCACION FISICA Y DEPORTES', 0, NULL, 0),
(911, 'EDUCACION MUSICA', 0, NULL, 0),
(912, 'ARTES PLASTICAS', 0, NULL, 0),
(913, 'MATEMATICAS', 0, NULL, 0),
(914, 'TECNICA TECNOLOGIA ESPECIALIZADA-TRANSFORMACION DE ALIMENTOS', 0, NULL, 0),
(915, 'CIENCIAS NATURALES BIOLOGIA GEOGRAFIA', 0, NULL, 0),
(916, 'FISICA', 0, NULL, 0),
(917, 'QUIMICA', 0, NULL, 0),
(918, 'COSMOVISIONES, FILOSOFIA Y SICOLOGIA', 0, NULL, 0),
(919, 'VALORES ESPIRITUALIDAD Y RELIGIONES', 0, NULL, 0),
(920, 'HISTORIA', 1, 909, 0),
(921, 'GEOGRAFIA', 1, 909, 0),
(922, 'LENGUAJE', 0, NULL, 0),
(923, 'LENGUA EXTRANJERA', 0, NULL, 0),
(924, 'CIENCIAS SOCIALES', 0, NULL, 0),
(925, 'EDUCACION FISICA Y DEPORTES', 0, NULL, 0),
(926, 'EDUCACION MUSICA', 0, NULL, 0),
(927, 'ARTES PLASTICAS', 0, NULL, 0),
(928, 'MATEMATICAS', 0, NULL, 0),
(929, 'TECNICA TECNOLOGIA ESPECIALIZADA-CONTABILIDAD', 0, NULL, 0),
(930, 'CIENCIAS NATURALES BIOLOGIA GEOGRAFIA', 0, NULL, 0),
(931, 'FISICA', 0, NULL, 0),
(932, 'QUIMICA', 0, NULL, 0),
(933, 'COSMOVISIONES, FILOSOFIA Y SICOLOGIA', 0, NULL, 0),
(934, 'VALORES ESPIRITUALIDAD Y RELIGIONES', 0, NULL, 0),
(935, 'HISTORIA', 1, 924, 0),
(936, 'GEOGRAFIA', 1, 924, 0),
(937, 'LENGUAJE', 0, NULL, 0),
(938, 'LENGUA EXTRANJERA', 0, NULL, 0),
(939, 'CIENCIAS SOCIALES', 0, NULL, 0),
(940, 'EDUCACION FISICA Y DEPORTES', 0, NULL, 0),
(941, 'EDUCACION MUSICA', 0, NULL, 0),
(942, 'ARTES PLASTICAS', 0, NULL, 0),
(943, 'MATEMATICAS', 0, NULL, 0),
(944, 'TECNICA TECNOLOGIA ESPECIALIZADA-TRANSFORMACION DE ALIMENTOS', 0, NULL, 0),
(945, 'CIENCIAS NATURALES BIOLOGIA GEOGRAFIA', 0, NULL, 0),
(946, 'FISICA', 0, NULL, 0),
(947, 'QUIMICA', 0, NULL, 0),
(948, 'COSMOVISIONES, FILOSOFIA Y SICOLOGIA', 0, NULL, 0),
(949, 'VALORES ESPIRITUALIDAD Y RELIGIONES', 0, NULL, 0),
(950, 'HISTORIA', 1, 939, 0),
(951, 'GEOGRAFIA', 1, 939, 0),
(952, 'LENGUAJE', 0, NULL, 0),
(953, 'LENGUA EXTRANJERA', 0, NULL, 0),
(954, 'CIENCIAS SOCIALES', 0, NULL, 0),
(955, 'EDUCACION FISICA Y DEPORTES', 0, NULL, 0),
(956, 'EDUCACION MUSICA', 0, NULL, 0),
(957, 'ARTES PLASTICAS', 0, NULL, 0),
(958, 'MATEMATICAS', 0, NULL, 0),
(959, 'TECNICA TECNOLOGIA ESPECIALIZADA-CONTABILIDAD', 0, NULL, 0),
(960, 'CIENCIAS NATURALES BIOLOGIA GEOGRAFIA', 0, NULL, 0),
(961, 'FISICA', 0, NULL, 0),
(962, 'QUIMICA', 0, NULL, 0),
(963, 'COSMOVISIONES, FILOSOFIA Y SICOLOGIA', 0, NULL, 0),
(964, 'VALORES ESPIRITUALIDAD Y RELIGIONES', 0, NULL, 0),
(965, 'HISTORIA', 1, 954, 0),
(966, 'GEOGRAFIA', 1, 954, 0),
(967, 'INGLES', 0, NULL, 1),
(968, 'Computacion', 0, NULL, 1);

-- --------------------------------------------------------

--
-- Estructura de tabla para la tabla `personal`
--

CREATE TABLE `personal` (
  `id_personal` int NOT NULL,
  `nombres` varchar(255) COLLATE utf8mb4_general_ci NOT NULL,
  `apellidos` varchar(255) COLLATE utf8mb4_general_ci NOT NULL,
  `celular` varchar(20) COLLATE utf8mb4_general_ci DEFAULT NULL COMMENT 'Ej: Número de contacto del usuario',
  `carnet_identidad` varchar(20) COLLATE utf8mb4_general_ci NOT NULL,
  `id_rol` int NOT NULL COMMENT 'FK a roles',
  `password` varchar(255) COLLATE utf8mb4_general_ci NOT NULL,
  `estado` tinyint(1) NOT NULL DEFAULT '1' COMMENT '1=habilitado, 0=inhabilitado'
) ENGINE=InnoDB DEFAULT CHARSET=utf8mb4 COLLATE=utf8mb4_general_ci;

--
-- Volcado de datos para la tabla `personal`
--

INSERT INTO `personal` (`id_personal`, `nombres`, `apellidos`, `celular`, `carnet_identidad`, `id_rol`, `password`, `estado`) VALUES
(1, 'Juan', 'Pérez', '789456123', '1234567', 1, '$2y$10$E3P6wqG3gFmaA4I2c039JeoRNrObH4YS1Wk2ndwHFaaDGClTx8Scy', 1),
(703, 'CLAUDIA ROMINA', 'ACHA AUCA', '76960279', '700844', 2, '$2y$10$E3P6wqG3gFmaA4I2c039JeoRNrObH4YS1Wk2ndwHFaaDGClTx8Scy', 1),
(704, 'GABY EUGENIA', 'ARISPE GONZALES', '71711440', '3773503', 2, '$2y$10$E3P6wqG3gFmaA4I2c039JeoRNrObH4YS1Wk2ndwHFaaDGClTx8Scy', 1),
(705, 'NATIVIDAD MILENKA', 'AYALA PACHECO', '71443440', '6405399', 2, '$2y$10$E3P6wqG3gFmaA4I2c039JeoRNrObH4YS1Wk2ndwHFaaDGClTx8Scy', 1),
(706, 'SUSI SOLEDAD', 'CALLE CALLE', '67682116', '5284717', 2, '$2y$10$E3P6wqG3gFmaA4I2c039JeoRNrObH4YS1Wk2ndwHFaaDGClTx8Scy', 1),
(707, 'JUAN', 'CARO COCA', '65343738', '661005', 2, '$2y$10$E3P6wqG3gFmaA4I2c039JeoRNrObH4YS1Wk2ndwHFaaDGClTx8Scy', 1),
(709, 'RITA', 'CESPEDES JAIMES', '77976614', '6508642', 2, '$2y$10$E3P6wqG3gFmaA4I2c039JeoRNrObH4YS1Wk2ndwHFaaDGClTx8Scy', 1),
(710, 'LORENZO', 'CHONONO MOCORO', '67512155', '1738638', 2, '$2y$10$E3P6wqG3gFmaA4I2c039JeoRNrObH4YS1Wk2ndwHFaaDGClTx8Scy', 1),
(711, 'JUAN CARLOS', 'ECHEVERRIA CLAURE', '76959516', '3794225', 2, '$2y$10$E3P6wqG3gFmaA4I2c039JeoRNrObH4YS1Wk2ndwHFaaDGClTx8Scy', 1),
(712, 'CECILIA', 'ENCINAS BUSTAMANTE', '69468979', '3771879', 2, '$2y$10$E3P6wqG3gFmaA4I2c039JeoRNrObH4YS1Wk2ndwHFaaDGClTx8Scy', 1),
(713, 'AMANDA LUZ', 'ESPINOZA MONTAÑO', '72775025', '13417216', 2, '$2y$10$E3P6wqG3gFmaA4I2c039JeoRNrObH4YS1Wk2ndwHFaaDGClTx8Scy', 1),
(714, 'JUSTA', 'GARCIA PEÑARRIETA', '77424540', '987868', 2, '$2y$10$E3P6wqG3gFmaA4I2c039JeoRNrObH4YS1Wk2ndwHFaaDGClTx8Scy', 1),
(715, 'MARIA TERESA', 'GOYTIA SERRANO', '77491158', '3089987', 2, '$2y$10$E3P6wqG3gFmaA4I2c039JeoRNrObH4YS1Wk2ndwHFaaDGClTx8Scy', 1),
(716, 'JOSE LUIS', 'GRANADO VALVERDE', '70370328', '3569867', 2, '$2y$10$E3P6wqG3gFmaA4I2c039JeoRNrObH4YS1Wk2ndwHFaaDGClTx8Scy', 1),
(717, 'DAYANA', 'GUTIERREZ VIRREYRA', 'sn', '5746100', 2, '$2y$10$E3P6wqG3gFmaA4I2c039JeoRNrObH4YS1Wk2ndwHFaaDGClTx8Scy', 1),
(718, 'NORKA VILMA', 'MALDONADO ROCHA', '79796319', '3078015', 2, '$2y$10$E3P6wqG3gFmaA4I2c039JeoRNrObH4YS1Wk2ndwHFaaDGClTx8Scy', 0),
(719, 'SILVIA EUGENIA', 'MAMANI HUARACHI', '74300367', '7964434', 2, '$2y$10$E3P6wqG3gFmaA4I2c039JeoRNrObH4YS1Wk2ndwHFaaDGClTx8Scy', 1),
(720, 'ESTHER', 'MAMANI QUISPE', '72769455', '4472153', 2, '$2y$10$E3P6wqG3gFmaA4I2c039JeoRNrObH4YS1Wk2ndwHFaaDGClTx8Scy', 1),
(721, 'YERSON', 'MENDOZA REA', '74357351', '8718840', 2, '$2y$10$E3P6wqG3gFmaA4I2c039JeoRNrObH4YS1Wk2ndwHFaaDGClTx8Scy', 1),
(722, 'NIRUSBA PATRICIA', 'MERIDA PEREZ', '70796077', '3539428', 2, '$2y$10$E3P6wqG3gFmaA4I2c039JeoRNrObH4YS1Wk2ndwHFaaDGClTx8Scy', 1),
(723, 'JHERSON HAROL', 'MERIDA ACUÑA', '76468926', '8059677', 2, '$2y$10$E3P6wqG3gFmaA4I2c039JeoRNrObH4YS1Wk2ndwHFaaDGClTx8Scy', 1),
(724, 'MARIA VALENTINA', 'BERRIOS', '71438214', '4288712', 2, '$2y$10$E3P6wqG3gFmaA4I2c039JeoRNrObH4YS1Wk2ndwHFaaDGClTx8Scy', 1),
(725, 'DELIA', 'MOLINA RICALDI', '65333215', '3510957', 2, '$2y$10$E3P6wqG3gFmaA4I2c039JeoRNrObH4YS1Wk2ndwHFaaDGClTx8Scy', 1),
(726, 'ARACELY', 'MONTERO HERBAS', '79732128', '7908874', 2, '$2y$10$E3P6wqG3gFmaA4I2c039JeoRNrObH4YS1Wk2ndwHFaaDGClTx8Scy', 1),
(727, 'OSEAS', 'MORALES ARZE', '76484846', '5183181', 2, '$2y$10$E3P6wqG3gFmaA4I2c039JeoRNrObH4YS1Wk2ndwHFaaDGClTx8Scy', 1),
(728, 'CAROL', 'ORELLANA FERNANDEZ', '67578688', '5218074', 2, '$2y$10$E3P6wqG3gFmaA4I2c039JeoRNrObH4YS1Wk2ndwHFaaDGClTx8Scy', 1),
(729, 'GINA', 'PACHECO BALTAZAR', '72290566', '4078354', 2, '$2y$10$E3P6wqG3gFmaA4I2c039JeoRNrObH4YS1Wk2ndwHFaaDGClTx8Scy', 1),
(730, 'JANNETTE', 'PADILLA ARAUCO', '76933282', '6405198', 2, '$2y$10$E3P6wqG3gFmaA4I2c039JeoRNrObH4YS1Wk2ndwHFaaDGClTx8Scy', 1),
(731, 'SANDRA LAURA', 'PEREDO FERRUFINO', '79350801', '3739743', 1, '$2y$10$s3bxf3Tr//2Xxol8vDNj5.MXKFRzc3.cyVh1mDeD1Ljutxo7jTzua', 1),
(732, 'ELENA MARCIA', 'PEREDO VEZAGA', '60798005', '4194441', 2, '$2y$10$E3P6wqG3gFmaA4I2c039JeoRNrObH4YS1Wk2ndwHFaaDGClTx8Scy', 1),
(733, 'GLADYS', 'PINAYA LUNA', '72768461', '3520974', 2, '$2y$10$E3P6wqG3gFmaA4I2c039JeoRNrObH4YS1Wk2ndwHFaaDGClTx8Scy', 1),
(734, 'VALERIANO', 'PINAYA FERNANDEZ', '73759910', '3506935', 2, '$2y$10$E3P6wqG3gFmaA4I2c039JeoRNrObH4YS1Wk2ndwHFaaDGClTx8Scy', 1),
(735, 'HENRY ALBER', 'RIVERO SEJAS', '70756019', '5311823', 2, '$2y$10$E3P6wqG3gFmaA4I2c039JeoRNrObH4YS1Wk2ndwHFaaDGClTx8Scy', 1),
(736, 'GERVAN', 'ROJAS PALMA', '71404750', '4498768', 2, '$2y$10$E3P6wqG3gFmaA4I2c039JeoRNrObH4YS1Wk2ndwHFaaDGClTx8Scy', 1),
(737, 'ELY', 'ROMAN ACHA', '79998614', '6484436', 2, '$2y$10$E3P6wqG3gFmaA4I2c039JeoRNrObH4YS1Wk2ndwHFaaDGClTx8Scy', 1),
(738, 'JHANNET', 'ROSALES VEIZAGA', '76455237', '4406919', 2, '$2y$10$E3P6wqG3gFmaA4I2c039JeoRNrObH4YS1Wk2ndwHFaaDGClTx8Scy', 1),
(739, 'JHOVANA DARMA', 'ROSSEL COLQUE', '77943572', '3977199', 2, '$2y$10$E3P6wqG3gFmaA4I2c039JeoRNrObH4YS1Wk2ndwHFaaDGClTx8Scy', 1),
(740, 'ERIKA', 'SALAZAR VIDAURRE', '60709667', '6546457', 2, '$2y$10$E3P6wqG3gFmaA4I2c039JeoRNrObH4YS1Wk2ndwHFaaDGClTx8Scy', 1),
(741, 'RILMA', 'SALAZAR ANTEZANA', '79709788', '3027702', 2, '$2y$10$E3P6wqG3gFmaA4I2c039JeoRNrObH4YS1Wk2ndwHFaaDGClTx8Scy', 1),
(742, 'PAOLA MARCELA', 'SIÑANIZ ZAMBRANA', '72263293', '3793276', 2, '$2y$10$E3P6wqG3gFmaA4I2c039JeoRNrObH4YS1Wk2ndwHFaaDGClTx8Scy', 1),
(743, 'SIMÓN', 'SORIA ROQUE', '60381444', '956523', 2, '$2y$10$E3P6wqG3gFmaA4I2c039JeoRNrObH4YS1Wk2ndwHFaaDGClTx8Scy', 1),
(744, 'ELIAZAR', 'TORRICO ESTEVES', '74829105', '7980872', 2, '$2y$10$E3P6wqG3gFmaA4I2c039JeoRNrObH4YS1Wk2ndwHFaaDGClTx8Scy', 1),
(745, 'CRISTHIAN', 'UREY BECERRA', '61599280', '6478715', 2, '$2y$10$E3P6wqG3gFmaA4I2c039JeoRNrObH4YS1Wk2ndwHFaaDGClTx8Scy', 1),
(746, 'ISAAC', 'URIONA LÓPEZ', '73772439', '5376554', 2, '$2y$10$E3P6wqG3gFmaA4I2c039JeoRNrObH4YS1Wk2ndwHFaaDGClTx8Scy', 1),
(747, 'ALICIA', 'VALENZUELA VALERIO', '79957041', '5920138', 2, '$2y$10$E3P6wqG3gFmaA4I2c039JeoRNrObH4YS1Wk2ndwHFaaDGClTx8Scy', 1),
(748, 'MARIA CLEOFE', 'VASQUEZ TORRICO', '67199510', '3147456', 2, '$2y$10$E3P6wqG3gFmaA4I2c039JeoRNrObH4YS1Wk2ndwHFaaDGClTx8Scy', 1),
(749, 'MARTHA', 'VASQUEZ CLAROS', '71406477', '4395770', 2, '$2y$10$E3P6wqG3gFmaA4I2c039JeoRNrObH4YS1Wk2ndwHFaaDGClTx8Scy', 1),
(750, 'LISSET TANIA', 'GARCÍA', '72740022', '6400440', 2, '$2y$10$E3P6wqG3gFmaA4I2c039JeoRNrObH4YS1Wk2ndwHFaaDGClTx8Scy', 1),
(751, 'MERY MAGDALENA', 'MALLCU FLORES', '72077312', '4754861', 2, '$2y$10$E3P6wqG3gFmaA4I2c039JeoRNrObH4YS1Wk2ndwHFaaDGClTx8Scy', 1),
(752, 'LOURDES', 'MAMANI', '71486397', '8746602', 2, '$2y$10$E3P6wqG3gFmaA4I2c039JeoRNrObH4YS1Wk2ndwHFaaDGClTx8Scy', 1),
(753, 'EDWIN DIEGO', 'JIMENEZ', '74839607', '2903737', 2, '$2y$10$E3P6wqG3gFmaA4I2c039JeoRNrObH4YS1Wk2ndwHFaaDGClTx8Scy', 1),
(754, 'jimi', 'torrico', '76777897', '5218800', 1, '$2y$10$E3P6wqG3gFmaA4I2c039JeoRNrObH4YS1Wk2ndwHFaaDGClTx8Scy', 1),
(755, 'CLAUDIA', 'SELAYA', '70391543', '8049284', 2, '$2y$10$E3P6wqG3gFmaA4I2c039JeoRNrObH4YS1Wk2ndwHFaaDGClTx8Scy', 1);

-- --------------------------------------------------------

--
-- Estructura de tabla para la tabla `profesores_materias_cursos`
--

CREATE TABLE `profesores_materias_cursos` (
  `id_profesor_materia_curso` int NOT NULL,
  `id_personal` int NOT NULL COMMENT 'FK a personal (profesor)',
  `id_curso_materia` int NOT NULL COMMENT 'FK a cursos_materias',
  `estado` enum('FALTA','CARGADO') COLLATE utf8mb4_general_ci NOT NULL DEFAULT 'FALTA'
) ENGINE=InnoDB DEFAULT CHARSET=utf8mb4 COLLATE=utf8mb4_general_ci;

--
-- Volcado de datos para la tabla `profesores_materias_cursos`
--

INSERT INTO `profesores_materias_cursos` (`id_profesor_materia_curso`, `id_personal`, `id_curso_materia`, `estado`) VALUES
(1012, 739, 945, 'CARGADO'),
(1013, 739, 948, 'CARGADO'),
(1014, 739, 942, 'CARGADO'),
(1015, 743, 943, 'CARGADO'),
(1016, 739, 944, 'CARGADO'),
(1017, 739, 941, 'CARGADO'),
(1018, 739, 946, 'CARGADO'),
(1019, 739, 947, 'CARGADO'),
(1020, 710, 949, 'CARGADO'),
(1021, 750, 914, 'CARGADO'),
(1025, 705, 928, 'CARGADO'),
(1029, 715, 935, 'CARGADO'),
(1033, 743, 958, 'CARGADO'),
(1034, 710, 964, 'CARGADO'),
(1035, 704, 960, 'CARGADO'),
(1036, 704, 963, 'CARGADO'),
(1037, 704, 957, 'CARGADO'),
(1038, 704, 959, 'CARGADO'),
(1039, 704, 956, 'CARGADO'),
(1040, 704, 961, 'CARGADO'),
(1041, 704, 962, 'CARGADO'),
(1042, 743, 973, 'CARGADO'),
(1043, 710, 979, 'CARGADO'),
(1044, 730, 975, 'CARGADO'),
(1045, 730, 978, 'CARGADO'),
(1046, 730, 972, 'CARGADO'),
(1047, 730, 974, 'CARGADO'),
(1048, 730, 971, 'CARGADO'),
(1049, 730, 976, 'CARGADO'),
(1050, 730, 977, 'CARGADO'),
(1051, 743, 988, 'CARGADO'),
(1053, 736, 990, 'CARGADO'),
(1054, 736, 993, 'CARGADO'),
(1055, 736, 987, 'CARGADO'),
(1056, 736, 989, 'CARGADO'),
(1057, 736, 986, 'CARGADO'),
(1058, 736, 991, 'CARGADO'),
(1059, 736, 992, 'CARGADO'),
(1060, 743, 1003, 'CARGADO'),
(1061, 710, 1009, 'CARGADO'),
(1062, 753, 1005, 'CARGADO'),
(1063, 753, 1008, 'CARGADO'),
(1064, 753, 1002, 'CARGADO'),
(1065, 753, 1004, 'CARGADO'),
(1066, 753, 1001, 'CARGADO'),
(1067, 753, 1006, 'CARGADO'),
(1068, 753, 1007, 'CARGADO'),
(1069, 747, 1020, 'CARGADO'),
(1070, 743, 1018, 'CARGADO'),
(1072, 747, 1023, 'CARGADO'),
(1073, 747, 1017, 'CARGADO'),
(1074, 747, 1019, 'CARGADO'),
(1075, 747, 1016, 'CARGADO'),
(1076, 747, 1021, 'CARGADO'),
(1077, 747, 1022, 'CARGADO'),
(1078, 712, 1031, 'CARGADO'),
(1079, 707, 1032, 'CARGADO'),
(1080, 743, 1033, 'CARGADO'),
(1081, 729, 1034, 'CARGADO'),
(1082, 707, 1035, 'CARGADO'),
(1083, 729, 1036, 'CARGADO'),
(1084, 733, 1037, 'CARGADO'),
(1085, 733, 1038, 'CARGADO'),
(1086, 724, 1039, 'CARGADO'),
(1087, 734, 1046, 'CARGADO'),
(1088, 707, 1047, 'CARGADO'),
(1089, 743, 1048, 'CARGADO'),
(1090, 729, 1049, 'CARGADO'),
(1091, 707, 1050, 'CARGADO'),
(1092, 716, 1051, 'CARGADO'),
(1093, 733, 1052, 'CARGADO'),
(1094, 733, 1053, 'CARGADO'),
(1095, 724, 1054, 'CARGADO'),
(1096, 734, 1061, 'CARGADO'),
(1097, 707, 1062, 'CARGADO'),
(1098, 743, 1063, 'CARGADO'),
(1099, 716, 1064, 'CARGADO'),
(1100, 707, 1065, 'CARGADO'),
(1101, 716, 1066, 'CARGADO'),
(1102, 733, 1067, 'CARGADO'),
(1103, 733, 1068, 'CARGADO'),
(1104, 724, 1069, 'CARGADO'),
(1105, 712, 1076, 'CARGADO'),
(1106, 707, 1077, 'CARGADO'),
(1107, 743, 1078, 'CARGADO'),
(1108, 716, 1079, 'CARGADO'),
(1109, 707, 1080, 'CARGADO'),
(1110, 729, 1081, 'CARGADO'),
(1111, 733, 1082, 'CARGADO'),
(1112, 733, 1083, 'CARGADO'),
(1113, 724, 1084, 'CARGADO'),
(1114, 734, 1091, 'CARGADO'),
(1115, 707, 1092, 'CARGADO'),
(1116, 743, 1093, 'CARGADO'),
(1117, 733, 1094, 'CARGADO'),
(1118, 707, 1095, 'CARGADO'),
(1119, 716, 1096, 'CARGADO'),
(1120, 733, 1097, 'CARGADO'),
(1121, 733, 1098, 'CARGADO'),
(1122, 724, 1099, 'CARGADO'),
(1123, 712, 1106, 'CARGADO'),
(1124, 707, 1107, 'CARGADO'),
(1125, 743, 1108, 'CARGADO'),
(1126, 707, 1109, 'CARGADO'),
(1127, 707, 1110, 'CARGADO'),
(1128, 729, 1111, 'CARGADO'),
(1129, 733, 1112, 'CARGADO'),
(1130, 733, 1113, 'CARGADO'),
(1131, 724, 1114, 'CARGADO'),
(1132, 744, 1140, 'CARGADO'),
(1133, 714, 1137, 'CARGADO'),
(1134, 721, 1147, 'CARGADO'),
(1136, 723, 1139, 'CARGADO'),
(1137, 722, 1136, 'CARGADO'),
(1138, 749, 1135, 'CARGADO'),
(1139, 728, 1141, 'CARGADO'),
(1140, 720, 1142, 'CARGADO'),
(1141, 706, 1144, 'CARGADO'),
(1142, 706, 1146, 'CARGADO'),
(1143, 744, 1145, 'CARGADO'),
(1145, 722, 1148, 'CARGADO'),
(1146, 709, 1149, 'CARGADO'),
(1147, 722, 1150, 'CARGADO'),
(1148, 732, 1151, 'CARGADO'),
(1149, 743, 1152, 'CARGADO'),
(1150, 723, 1153, 'CARGADO'),
(1151, 744, 1154, 'CARGADO'),
(1152, 728, 1155, 'CARGADO'),
(1153, 720, 1156, 'CARGADO'),
(1154, 711, 1158, 'CARGADO'),
(1155, 744, 1159, 'CARGADO'),
(1156, 706, 1160, 'CARGADO'),
(1157, 721, 1161, 'CARGADO'),
(1158, 710, 1162, 'CARGADO'),
(1159, 726, 1193, 'CARGADO'),
(1160, 722, 1163, 'CARGADO'),
(1161, 714, 1164, 'CARGADO'),
(1162, 740, 1165, 'CARGADO'),
(1163, 723, 1166, 'CARGADO'),
(1164, 720, 1167, 'CARGADO'),
(1165, 728, 1168, 'CARGADO'),
(1166, 720, 1169, 'CARGADO'),
(1167, 706, 1175, 'CARGADO'),
(1168, 744, 1176, 'CARGADO'),
(1169, 706, 1177, 'CARGADO'),
(1170, 719, 1171, 'CARGADO'),
(1171, 725, 1172, 'CARGADO'),
(1172, 749, 1194, 'CARGADO'),
(1173, 722, 1178, 'CARGADO'),
(1174, 727, 1179, 'CARGADO'),
(1175, 740, 1180, 'CARGADO'),
(1176, 723, 1181, 'CARGADO'),
(1177, 720, 1182, 'CARGADO'),
(1178, 728, 1183, 'CARGADO'),
(1179, 720, 1184, 'CARGADO'),
(1180, 706, 1190, 'CARGADO'),
(1181, 744, 1191, 'CARGADO'),
(1182, 706, 1192, 'CARGADO'),
(1183, 719, 1186, 'CARGADO'),
(1184, 725, 1187, 'CARGADO'),
(1185, 749, 1195, 'CARGADO'),
(1186, 722, 1196, 'CARGADO'),
(1187, 714, 1197, 'CARGADO'),
(1188, 740, 1198, 'CARGADO'),
(1189, 723, 1199, 'CARGADO'),
(1190, 720, 1200, 'CARGADO'),
(1191, 728, 1201, 'CARGADO'),
(1192, 721, 1202, 'CARGADO'),
(1193, 741, 1205, 'CARGADO'),
(1194, 744, 1206, 'CARGADO'),
(1195, 706, 1207, 'CARGADO'),
(1196, 719, 1208, 'CARGADO'),
(1197, 724, 1209, 'CARGADO'),
(1198, 749, 1210, 'CARGADO'),
(1199, 722, 1211, 'CARGADO'),
(1200, 732, 1212, 'CARGADO'),
(1201, 740, 1213, 'CARGADO'),
(1202, 723, 1214, 'CARGADO'),
(1203, 720, 1215, 'CARGADO'),
(1204, 728, 1216, 'CARGADO'),
(1205, 703, 1217, 'CARGADO'),
(1206, 745, 1220, 'CARGADO'),
(1207, 744, 1221, 'CARGADO'),
(1208, 706, 1222, 'CARGADO'),
(1209, 719, 1223, 'CARGADO'),
(1211, 726, 1225, 'CARGADO'),
(1212, 722, 1226, 'CARGADO'),
(1213, 711, 1227, 'CARGADO'),
(1214, 740, 1228, 'CARGADO'),
(1215, 723, 1229, 'CARGADO'),
(1216, 738, 1231, 'CARGADO'),
(1217, 735, 1232, 'CARGADO'),
(1218, 741, 1233, 'CARGADO'),
(1219, 744, 1234, 'CARGADO'),
(1220, 706, 1235, 'CARGADO'),
(1221, 721, 1236, 'CARGADO'),
(1222, 724, 1237, 'CARGADO'),
(1223, 720, 1230, 'CARGADO'),
(1224, 703, 1238, 'CARGADO'),
(1225, 722, 1239, 'CARGADO'),
(1226, 711, 1240, 'CARGADO'),
(1227, 740, 1241, 'CARGADO'),
(1228, 723, 1242, 'CARGADO'),
(1229, 720, 1243, 'CARGADO'),
(1230, 738, 1244, 'CARGADO'),
(1231, 703, 1245, 'CARGADO'),
(1232, 741, 1246, 'CARGADO'),
(1233, 744, 1247, 'CARGADO'),
(1234, 706, 1248, 'CARGADO'),
(1235, 719, 1249, 'CARGADO'),
(1236, 724, 1250, 'CARGADO'),
(1237, 749, 1251, 'CARGADO'),
(1238, 722, 1252, 'CARGADO'),
(1239, 714, 1254, 'CARGADO'),
(1240, 711, 1255, 'CARGADO'),
(1241, 740, 1256, 'CARGADO'),
(1242, 723, 1257, 'CARGADO'),
(1243, 746, 1258, 'CARGADO'),
(1244, 738, 1259, 'CARGADO'),
(1245, 751, 1260, 'CARGADO'),
(1246, 741, 1261, 'CARGADO'),
(1247, 744, 1262, 'CARGADO'),
(1248, 706, 1263, 'CARGADO'),
(1249, 748, 1264, 'CARGADO'),
(1250, 724, 1265, 'CARGADO'),
(1251, 703, 1266, 'CARGADO'),
(1252, 722, 1267, 'CARGADO'),
(1253, 714, 1269, 'CARGADO'),
(1254, 727, 1270, 'CARGADO'),
(1255, 740, 1271, 'CARGADO'),
(1256, 723, 1272, 'CARGADO'),
(1257, 746, 1273, 'CARGADO'),
(1258, 738, 1274, 'CARGADO'),
(1259, 737, 1275, 'CARGADO'),
(1260, 741, 1276, 'CARGADO'),
(1261, 744, 1277, 'CARGADO'),
(1262, 706, 1278, 'CARGADO'),
(1263, 748, 1279, 'CARGADO'),
(1264, 724, 1280, 'CARGADO'),
(1265, 726, 1281, 'CARGADO'),
(1266, 722, 1282, 'CARGADO'),
(1267, 714, 1284, 'CARGADO'),
(1268, 711, 1285, 'CARGADO'),
(1269, 740, 1286, 'CARGADO'),
(1270, 723, 1287, 'CARGADO'),
(1271, 746, 1288, 'CARGADO'),
(1272, 738, 1289, 'CARGADO'),
(1273, 751, 1290, 'CARGADO'),
(1274, 741, 1291, 'CARGADO'),
(1275, 744, 1292, 'CARGADO'),
(1276, 706, 1293, 'CARGADO'),
(1277, 748, 1294, 'CARGADO'),
(1278, 724, 1295, 'CARGADO'),
(1279, 726, 1296, 'CARGADO'),
(1280, 722, 1297, 'CARGADO'),
(1281, 714, 1299, 'CARGADO'),
(1282, 727, 1300, 'CARGADO'),
(1283, 740, 1301, 'CARGADO'),
(1284, 723, 1302, 'CARGADO'),
(1285, 738, 1304, 'CARGADO'),
(1286, 737, 1305, 'CARGADO'),
(1287, 741, 1306, 'CARGADO'),
(1288, 744, 1307, 'CARGADO'),
(1289, 706, 1308, 'CARGADO'),
(1290, 748, 1309, 'CARGADO'),
(1291, 724, 1310, 'CARGADO'),
(1292, 746, 1303, 'CARGADO'),
(1293, 755, 1311, 'CARGADO'),
(1294, 755, 1312, 'CARGADO'),
(1295, 755, 1313, 'CARGADO'),
(1296, 755, 1314, 'CARGADO'),
(1297, 755, 1315, 'CARGADO'),
(1298, 755, 1316, 'CARGADO'),
(1299, 755, 1317, 'CARGADO'),
(1300, 755, 1318, 'CARGADO'),
(1301, 755, 1319, 'CARGADO'),
(1302, 755, 1320, 'CARGADO'),
(1303, 755, 1321, 'CARGADO'),
(1304, 755, 1322, 'CARGADO'),
(1305, 713, 1173, 'CARGADO'),
(1306, 752, 1174, 'CARGADO'),
(1307, 713, 1188, 'CARGADO'),
(1308, 752, 1189, 'CARGADO'),
(1309, 713, 1203, 'CARGADO'),
(1310, 752, 1204, 'CARGADO'),
(1311, 713, 1218, 'CARGADO'),
(1312, 752, 1219, 'CARGADO'),
(1313, 743, 1138, 'CARGADO'),
(1314, 736, 994, 'CARGADO'),
(1315, 724, 1024, 'CARGADO'),
(1316, 710, 1224, 'CARGADO');

-- --------------------------------------------------------

--
-- Estructura de tabla para la tabla `roles`
--

CREATE TABLE `roles` (
  `id_rol` int NOT NULL,
  `nombre_rol` varchar(50) COLLATE utf8mb4_general_ci NOT NULL COMMENT 'Ej: Administrador, Profesor, Secretario'
) ENGINE=InnoDB DEFAULT CHARSET=utf8mb4 COLLATE=utf8mb4_general_ci;

--
-- Volcado de datos para la tabla `roles`
--

INSERT INTO `roles` (`id_rol`, `nombre_rol`) VALUES
(1, 'Administrador'),
(2, 'Profesor'),
(3, 'Secretario');

--
-- Índices para tablas volcadas
--

--
-- Indices de la tabla `anuncios`
--
ALTER TABLE `anuncios`
  ADD PRIMARY KEY (`id`);

--
-- Indices de la tabla `bimestres_activos`
--
ALTER TABLE `bimestres_activos`
  ADD PRIMARY KEY (`id`);

--
-- Indices de la tabla `calificaciones`
--
ALTER TABLE `calificaciones`
  ADD PRIMARY KEY (`id_calificacion`),
  ADD UNIQUE KEY `id_estudiante` (`id_estudiante`,`id_materia`,`bimestre`),
  ADD KEY `id_materia` (`id_materia`);

--
-- Indices de la tabla `configuracion_sistema`
--
ALTER TABLE `configuracion_sistema`
  ADD PRIMARY KEY (`id`);

--
-- Indices de la tabla `cursos`
--
ALTER TABLE `cursos`
  ADD PRIMARY KEY (`id_curso`);

--
-- Indices de la tabla `cursos_materias`
--
ALTER TABLE `cursos_materias`
  ADD PRIMARY KEY (`id_curso_materia`),
  ADD KEY `id_curso` (`id_curso`),
  ADD KEY `id_materia` (`id_materia`);

--
-- Indices de la tabla `estudiantes`
--
ALTER TABLE `estudiantes`
  ADD PRIMARY KEY (`id_estudiante`),
  ADD KEY `id_curso` (`id_curso`);

--
-- Indices de la tabla `materias`
--
ALTER TABLE `materias`
  ADD PRIMARY KEY (`id_materia`);

--
-- Indices de la tabla `personal`
--
ALTER TABLE `personal`
  ADD PRIMARY KEY (`id_personal`),
  ADD UNIQUE KEY `carnet_identidad` (`carnet_identidad`),
  ADD KEY `id_rol` (`id_rol`);

--
-- Indices de la tabla `profesores_materias_cursos`
--
ALTER TABLE `profesores_materias_cursos`
  ADD PRIMARY KEY (`id_profesor_materia_curso`),
  ADD UNIQUE KEY `id_personal` (`id_personal`,`id_curso_materia`),
  ADD KEY `id_curso_materia` (`id_curso_materia`);

--
-- Indices de la tabla `roles`
--
ALTER TABLE `roles`
  ADD PRIMARY KEY (`id_rol`);

--
-- AUTO_INCREMENT de las tablas volcadas
--

--
-- AUTO_INCREMENT de la tabla `anuncios`
--
ALTER TABLE `anuncios`
  MODIFY `id` int NOT NULL AUTO_INCREMENT, AUTO_INCREMENT=14;

--
-- AUTO_INCREMENT de la tabla `bimestres_activos`
--
ALTER TABLE `bimestres_activos`
  MODIFY `id` int NOT NULL AUTO_INCREMENT, AUTO_INCREMENT=4;

--
-- AUTO_INCREMENT de la tabla `calificaciones`
--
ALTER TABLE `calificaciones`
  MODIFY `id_calificacion` int NOT NULL AUTO_INCREMENT, AUTO_INCREMENT=8327;

--
-- AUTO_INCREMENT de la tabla `configuracion_sistema`
--
ALTER TABLE `configuracion_sistema`
  MODIFY `id` int NOT NULL AUTO_INCREMENT, AUTO_INCREMENT=2;

--
-- AUTO_INCREMENT de la tabla `cursos`
--
ALTER TABLE `cursos`
  MODIFY `id_curso` int NOT NULL AUTO_INCREMENT, AUTO_INCREMENT=130;

--
-- AUTO_INCREMENT de la tabla `cursos_materias`
--
ALTER TABLE `cursos_materias`
  MODIFY `id_curso_materia` int NOT NULL AUTO_INCREMENT, AUTO_INCREMENT=1348;

--
-- AUTO_INCREMENT de la tabla `estudiantes`
--
ALTER TABLE `estudiantes`
  MODIFY `id_estudiante` int NOT NULL AUTO_INCREMENT, AUTO_INCREMENT=1641;

--
-- AUTO_INCREMENT de la tabla `materias`
--
ALTER TABLE `materias`
  MODIFY `id_materia` int NOT NULL AUTO_INCREMENT, AUTO_INCREMENT=969;

--
-- AUTO_INCREMENT de la tabla `personal`
--
ALTER TABLE `personal`
  MODIFY `id_personal` int NOT NULL AUTO_INCREMENT, AUTO_INCREMENT=756;

--
-- AUTO_INCREMENT de la tabla `profesores_materias_cursos`
--
ALTER TABLE `profesores_materias_cursos`
  MODIFY `id_profesor_materia_curso` int NOT NULL AUTO_INCREMENT, AUTO_INCREMENT=1317;

--
-- AUTO_INCREMENT de la tabla `roles`
--
ALTER TABLE `roles`
  MODIFY `id_rol` int NOT NULL AUTO_INCREMENT, AUTO_INCREMENT=4;

--
-- Restricciones para tablas volcadas
--

--
-- Filtros para la tabla `calificaciones`
--
ALTER TABLE `calificaciones`
  ADD CONSTRAINT `calificaciones_ibfk_1` FOREIGN KEY (`id_estudiante`) REFERENCES `estudiantes` (`id_estudiante`) ON DELETE CASCADE ON UPDATE CASCADE,
  ADD CONSTRAINT `calificaciones_ibfk_2` FOREIGN KEY (`id_materia`) REFERENCES `materias` (`id_materia`) ON DELETE CASCADE ON UPDATE CASCADE;

--
-- Filtros para la tabla `cursos_materias`
--
ALTER TABLE `cursos_materias`
  ADD CONSTRAINT `cursos_materias_ibfk_1` FOREIGN KEY (`id_curso`) REFERENCES `cursos` (`id_curso`) ON DELETE CASCADE ON UPDATE CASCADE,
  ADD CONSTRAINT `cursos_materias_ibfk_2` FOREIGN KEY (`id_materia`) REFERENCES `materias` (`id_materia`) ON DELETE CASCADE ON UPDATE CASCADE;

--
-- Filtros para la tabla `estudiantes`
--
ALTER TABLE `estudiantes`
  ADD CONSTRAINT `estudiantes_ibfk_1` FOREIGN KEY (`id_curso`) REFERENCES `cursos` (`id_curso`) ON DELETE SET NULL ON UPDATE CASCADE;

--
-- Filtros para la tabla `personal`
--
ALTER TABLE `personal`
  ADD CONSTRAINT `personal_ibfk_1` FOREIGN KEY (`id_rol`) REFERENCES `roles` (`id_rol`) ON UPDATE CASCADE;

--
-- Filtros para la tabla `profesores_materias_cursos`
--
ALTER TABLE `profesores_materias_cursos`
  ADD CONSTRAINT `profesores_materias_cursos_ibfk_1` FOREIGN KEY (`id_personal`) REFERENCES `personal` (`id_personal`) ON DELETE CASCADE ON UPDATE CASCADE,
  ADD CONSTRAINT `profesores_materias_cursos_ibfk_2` FOREIGN KEY (`id_curso_materia`) REFERENCES `cursos_materias` (`id_curso_materia`) ON DELETE CASCADE ON UPDATE CASCADE;
COMMIT;

/*!40101 SET CHARACTER_SET_CLIENT=@OLD_CHARACTER_SET_CLIENT */;
/*!40101 SET CHARACTER_SET_RESULTS=@OLD_CHARACTER_SET_RESULTS */;
/*!40101 SET COLLATION_CONNECTION=@OLD_COLLATION_CONNECTION */;
