-- phpMyAdmin SQL Dump
-- version 5.2.1
-- https://www.phpmyadmin.net/
--
-- Servidor: 127.0.0.1
-- Tiempo de generación: 24-04-2025 a las 18:40:06
-- Versión del servidor: 10.4.32-MariaDB
-- Versión de PHP: 8.1.25

SET SQL_MODE = "NO_AUTO_VALUE_ON_ZERO";
START TRANSACTION;
SET time_zone = "+00:00";


/*!40101 SET @OLD_CHARACTER_SET_CLIENT=@@CHARACTER_SET_CLIENT */;
/*!40101 SET @OLD_CHARACTER_SET_RESULTS=@@CHARACTER_SET_RESULTS */;
/*!40101 SET @OLD_COLLATION_CONNECTION=@@COLLATION_CONNECTION */;
/*!40101 SET NAMES utf8mb4 */;

--
-- Base de datos: `colegiov2`
--

-- --------------------------------------------------------

--
-- Estructura de tabla para la tabla `anuncios`
--

CREATE TABLE `anuncios` (
  `id` int(11) NOT NULL,
  `mensaje` text NOT NULL,
  `fecha_inicio` date NOT NULL,
  `fecha_fin` date NOT NULL,
  `creado_por` int(11) DEFAULT NULL,
  `creado_en` timestamp NOT NULL DEFAULT current_timestamp()
) ENGINE=InnoDB DEFAULT CHARSET=utf8mb4 COLLATE=utf8mb4_general_ci;

--
-- Volcado de datos para la tabla `anuncios`
--

INSERT INTO `anuncios` (`id`, `mensaje`, `fecha_inicio`, `fecha_fin`, `creado_por`, `creado_en`) VALUES
(13, 'profesores de religion cargar notas hasta antes del lunes 13', '2025-04-17', '2025-04-19', 1, '2025-04-17 14:01:06');

-- --------------------------------------------------------

--
-- Estructura de tabla para la tabla `bimestres_activos`
--

CREATE TABLE `bimestres_activos` (
  `id` int(11) NOT NULL,
  `numero_bimestre` int(11) NOT NULL,
  `esta_activo` tinyint(1) DEFAULT 0,
  `fecha_inicio` date DEFAULT NULL,
  `fecha_fin` date DEFAULT NULL,
  `fecha_modificacion` timestamp NOT NULL DEFAULT current_timestamp() ON UPDATE current_timestamp()
) ENGINE=InnoDB DEFAULT CHARSET=utf8mb4 COLLATE=utf8mb4_general_ci;

--
-- Volcado de datos para la tabla `bimestres_activos`
--

INSERT INTO `bimestres_activos` (`id`, `numero_bimestre`, `esta_activo`, `fecha_inicio`, `fecha_fin`, `fecha_modificacion`) VALUES
(1, 1, 1, '2025-04-15', '2025-04-17', '2025-04-18 19:20:25'),
(2, 2, 1, NULL, NULL, '2025-04-18 19:20:25'),
(3, 3, 1, NULL, NULL, '2025-04-18 19:20:25');

-- --------------------------------------------------------

--
-- Estructura de tabla para la tabla `calificaciones`
--

CREATE TABLE `calificaciones` (
  `id_calificacion` int(11) NOT NULL,
  `id_estudiante` int(11) NOT NULL COMMENT 'FK a estudiantes',
  `id_materia` int(11) NOT NULL COMMENT 'FK a materias',
  `bimestre` int(11) NOT NULL COMMENT 'Número del bimestre: 1, 2, 3, 4',
  `calificacion` decimal(5,2) NOT NULL COMMENT 'Nota obtenida en el bimestre',
  `comentario` text DEFAULT NULL
) ENGINE=InnoDB DEFAULT CHARSET=utf8mb4 COLLATE=utf8mb4_general_ci;

-- --------------------------------------------------------

--
-- Estructura de tabla para la tabla `configuracion_sistema`
--

CREATE TABLE `configuracion_sistema` (
  `id` int(11) NOT NULL,
  `cantidad_bimestres` int(11) NOT NULL DEFAULT 3,
  `bimestre_actual` int(11) NOT NULL DEFAULT 1,
  `anio_escolar` varchar(9) NOT NULL,
  `fecha_modificacion` timestamp NOT NULL DEFAULT current_timestamp() ON UPDATE current_timestamp()
) ENGINE=InnoDB DEFAULT CHARSET=utf8mb4 COLLATE=utf8mb4_general_ci;

--
-- Volcado de datos para la tabla `configuracion_sistema`
--

INSERT INTO `configuracion_sistema` (`id`, `cantidad_bimestres`, `bimestre_actual`, `anio_escolar`, `fecha_modificacion`) VALUES
(1, 3, 1, '2025-2026', '2025-04-11 22:05:14');

-- --------------------------------------------------------

--
-- Estructura de tabla para la tabla `cursos`
--

CREATE TABLE `cursos` (
  `id_curso` int(11) NOT NULL,
  `nivel` varchar(20) NOT NULL COMMENT 'Ej: Kinder, Primaria, Secundaria',
  `curso` int(11) NOT NULL COMMENT 'Número del curso, ej: 1, 2, 3',
  `paralelo` varchar(5) NOT NULL COMMENT 'Ej: A, B, C'
) ENGINE=InnoDB DEFAULT CHARSET=utf8mb4 COLLATE=utf8mb4_general_ci;

--
-- Volcado de datos para la tabla `cursos`
--

INSERT INTO `cursos` (`id_curso`, `nivel`, `curso`, `paralelo`) VALUES
(102, 'Inicial', 1, 'A'),
(103, 'Inicial', 1, 'B'),
(104, 'Inicial', 2, 'A'),
(105, 'Inicial', 2, 'B'),
(106, 'Primaria', 1, 'A'),
(107, 'Primaria', 1, 'B'),
(108, 'Primaria', 2, 'A'),
(109, 'Primaria', 2, 'B'),
(110, 'Primaria', 3, 'A'),
(111, 'Primaria', 3, 'B'),
(112, 'Primaria', 4, 'A'),
(113, 'Primaria', 4, 'B'),
(114, 'Primaria', 5, 'A'),
(115, 'Primaria', 5, 'B'),
(116, 'Primaria', 6, 'A'),
(117, 'Primaria', 6, 'B'),
(118, 'Secundaria', 1, 'A'),
(119, 'Secundaria', 1, 'B'),
(120, 'Secundaria', 2, 'A'),
(121, 'Secundaria', 2, 'B'),
(122, 'Secundaria', 3, 'A'),
(123, 'Secundaria', 3, 'B'),
(124, 'Secundaria', 4, 'A'),
(125, 'Secundaria', 4, 'B'),
(126, 'Secundaria', 5, 'A'),
(127, 'Secundaria', 5, 'B'),
(128, 'Secundaria', 6, 'A'),
(129, 'Secundaria', 6, 'B');

-- --------------------------------------------------------

--
-- Estructura de tabla para la tabla `cursos_materias`
--

CREATE TABLE `cursos_materias` (
  `id_curso_materia` int(11) NOT NULL,
  `id_curso` int(11) NOT NULL COMMENT 'FK a cursos',
  `id_materia` int(11) NOT NULL COMMENT 'FK a materias'
) ENGINE=InnoDB DEFAULT CHARSET=utf8mb4 COLLATE=utf8mb4_general_ci;

--
-- Volcado de datos para la tabla `cursos_materias`
--

INSERT INTO `cursos_materias` (`id_curso_materia`, `id_curso`, `id_materia`) VALUES
(913, 102, 809),
(914, 102, 810),
(915, 102, 811),
(916, 102, 812),
(920, 103, 809),
(921, 103, 810),
(922, 103, 811),
(923, 103, 812),
(927, 104, 809),
(928, 104, 810),
(929, 104, 811),
(930, 104, 812),
(934, 105, 809),
(935, 105, 810),
(936, 105, 811),
(937, 105, 812),
(941, 106, 813),
(942, 106, 814),
(943, 106, 815),
(944, 106, 816),
(945, 106, 817),
(946, 106, 818),
(947, 106, 819),
(948, 106, 820),
(949, 106, 821),
(956, 107, 813),
(957, 107, 814),
(958, 107, 815),
(959, 107, 816),
(960, 107, 817),
(961, 107, 818),
(962, 107, 819),
(963, 107, 820),
(964, 107, 821),
(971, 108, 813),
(972, 108, 814),
(973, 108, 815),
(974, 108, 816),
(975, 108, 817),
(976, 108, 818),
(977, 108, 819),
(978, 108, 820),
(979, 108, 821),
(986, 109, 813),
(987, 109, 814),
(988, 109, 815),
(989, 109, 816),
(990, 109, 817),
(991, 109, 818),
(992, 109, 819),
(993, 109, 820),
(994, 109, 821),
(1001, 110, 813),
(1002, 110, 814),
(1003, 110, 815),
(1004, 110, 816),
(1005, 110, 817),
(1006, 110, 818),
(1007, 110, 819),
(1008, 110, 820),
(1009, 110, 821),
(1016, 111, 813),
(1017, 111, 814),
(1018, 111, 815),
(1019, 111, 816),
(1020, 111, 817),
(1021, 111, 818),
(1022, 111, 819),
(1023, 111, 820),
(1024, 111, 821),
(1031, 112, 813),
(1032, 112, 814),
(1033, 112, 815),
(1034, 112, 816),
(1035, 112, 817),
(1036, 112, 818),
(1037, 112, 819),
(1038, 112, 820),
(1039, 112, 821),
(1046, 113, 813),
(1047, 113, 814),
(1048, 113, 815),
(1049, 113, 816),
(1050, 113, 817),
(1051, 113, 818),
(1052, 113, 819),
(1053, 113, 820),
(1054, 113, 821),
(1061, 114, 813),
(1062, 114, 814),
(1063, 114, 815),
(1064, 114, 816),
(1065, 114, 817),
(1066, 114, 818),
(1067, 114, 819),
(1068, 114, 820),
(1069, 114, 821),
(1076, 115, 813),
(1077, 115, 814),
(1078, 115, 815),
(1079, 115, 816),
(1080, 115, 817),
(1081, 115, 818),
(1082, 115, 819),
(1083, 115, 820),
(1084, 115, 821),
(1091, 116, 813),
(1092, 116, 814),
(1093, 116, 815),
(1094, 116, 816),
(1095, 116, 817),
(1096, 116, 818),
(1097, 116, 819),
(1098, 116, 820),
(1099, 116, 821),
(1106, 117, 813),
(1107, 117, 814),
(1108, 117, 815),
(1109, 117, 816),
(1110, 117, 817),
(1111, 117, 818),
(1112, 117, 819),
(1113, 117, 820),
(1114, 117, 821),
(1135, 118, 833),
(1136, 118, 834),
(1137, 118, 835),
(1138, 118, 836),
(1139, 118, 837),
(1140, 118, 838),
(1141, 118, 839),
(1142, 118, 840),
(1143, 118, 841),
(1144, 118, 847),
(1145, 118, 848),
(1146, 118, 849),
(1147, 118, 842),
(1148, 118, 843),
(1149, 119, 833),
(1150, 119, 834),
(1151, 119, 835),
(1152, 119, 836),
(1153, 119, 837),
(1154, 119, 838),
(1155, 119, 839),
(1156, 119, 840),
(1157, 119, 841),
(1158, 119, 847),
(1159, 119, 848),
(1160, 119, 849),
(1161, 119, 842),
(1162, 119, 843),
(1163, 120, 850),
(1164, 120, 851),
(1165, 120, 852),
(1166, 120, 853),
(1167, 120, 854),
(1168, 120, 855),
(1169, 120, 856),
(1170, 120, 857),
(1171, 120, 858),
(1172, 120, 859),
(1173, 120, 860),
(1174, 120, 861),
(1175, 120, 862),
(1176, 120, 863),
(1177, 120, 864),
(1178, 121, 850),
(1179, 121, 851),
(1180, 121, 852),
(1181, 121, 853),
(1182, 121, 854),
(1183, 121, 855),
(1184, 121, 856),
(1185, 121, 857),
(1186, 121, 858),
(1187, 121, 859),
(1188, 121, 860),
(1189, 121, 861),
(1190, 121, 862),
(1191, 121, 863),
(1192, 121, 864),
(1193, 120, 865),
(1194, 121, 865),
(1195, 122, 866),
(1196, 122, 867),
(1197, 122, 868),
(1198, 122, 869),
(1199, 122, 870),
(1200, 122, 871),
(1201, 122, 872),
(1202, 122, 873),
(1203, 122, 874),
(1204, 122, 875),
(1205, 122, 876),
(1206, 122, 877),
(1207, 122, 878),
(1208, 122, 879),
(1209, 122, 880),
(1210, 123, 866),
(1211, 123, 867),
(1212, 123, 868),
(1213, 123, 869),
(1214, 123, 870),
(1215, 123, 871),
(1216, 123, 872),
(1217, 123, 873),
(1218, 123, 874),
(1219, 123, 875),
(1220, 123, 876),
(1221, 123, 877),
(1222, 123, 878),
(1223, 123, 879),
(1224, 123, 880),
(1225, 124, 894),
(1226, 124, 895),
(1227, 124, 896),
(1228, 124, 897),
(1229, 124, 898),
(1230, 124, 899),
(1231, 124, 900),
(1232, 124, 888),
(1233, 124, 902),
(1234, 124, 903),
(1235, 124, 904),
(1236, 124, 905),
(1237, 124, 906),
(1238, 125, 894),
(1239, 125, 895),
(1240, 125, 896),
(1241, 125, 897),
(1242, 125, 898),
(1243, 125, 899),
(1244, 125, 900),
(1245, 125, 901),
(1246, 125, 902),
(1247, 125, 903),
(1248, 125, 904),
(1249, 125, 905),
(1250, 125, 906),
(1251, 126, 907),
(1252, 126, 908),
(1253, 126, 909),
(1254, 126, 920),
(1255, 126, 921),
(1256, 126, 910),
(1257, 126, 911),
(1258, 126, 912),
(1259, 126, 913),
(1260, 126, 914),
(1261, 126, 915),
(1262, 126, 916),
(1263, 126, 917),
(1264, 126, 918),
(1265, 126, 919),
(1266, 127, 922),
(1267, 127, 923),
(1268, 127, 924),
(1269, 127, 935),
(1270, 127, 936),
(1271, 127, 925),
(1272, 127, 926),
(1273, 127, 927),
(1274, 127, 928),
(1275, 127, 929),
(1276, 127, 930),
(1277, 127, 931),
(1278, 127, 932),
(1279, 127, 933),
(1280, 127, 934),
(1281, 128, 937),
(1282, 128, 938),
(1283, 128, 939),
(1284, 128, 950),
(1285, 128, 951),
(1286, 128, 940),
(1287, 128, 941),
(1288, 128, 942),
(1289, 128, 943),
(1290, 128, 944),
(1291, 128, 945),
(1292, 128, 946),
(1293, 128, 947),
(1294, 128, 948),
(1295, 128, 949),
(1296, 129, 952),
(1297, 129, 953),
(1298, 129, 954),
(1299, 129, 965),
(1300, 129, 966),
(1301, 129, 955),
(1302, 129, 956),
(1303, 129, 957),
(1304, 129, 958),
(1305, 129, 959),
(1306, 129, 960),
(1307, 129, 961),
(1308, 129, 962),
(1309, 129, 963),
(1310, 129, 964);

-- --------------------------------------------------------

--
-- Estructura de tabla para la tabla `estudiantes`
--

CREATE TABLE `estudiantes` (
  `id_estudiante` int(11) NOT NULL,
  `nombres` varchar(255) NOT NULL,
  `apellido_paterno` varchar(255) DEFAULT NULL,
  `apellido_materno` varchar(255) DEFAULT NULL,
  `genero` enum('Masculino','Femenino') DEFAULT NULL,
  `rude` varchar(20) NOT NULL COMMENT 'Registro Único de Estudiante',
  `carnet_identidad` varchar(20) DEFAULT NULL,
  `fecha_nacimiento` date DEFAULT NULL,
  `id_curso` int(11) DEFAULT NULL COMMENT 'FK al curso en el que está matriculado'
) ENGINE=InnoDB DEFAULT CHARSET=utf8mb4 COLLATE=utf8mb4_general_ci;

--
-- Volcado de datos para la tabla `estudiantes`
--

INSERT INTO `estudiantes` (`id_estudiante`, `nombres`, `apellido_paterno`, `apellido_materno`, `genero`, `rude`, `carnet_identidad`, `fecha_nacimiento`, `id_curso`) VALUES
(672, 'DEMIR MATIAS', 'ARIAS', 'VILLARROEL', 'Masculino', '4090000520255641', '16511091', '2020-10-08', 102),
(673, 'MAYER SAID', 'AYAVIRI', 'SOCOMPI', 'Masculino', '4090000520251769', '16883192', '2020-12-01', 102),
(674, 'ALESSANDRO LEON', 'BUSTAMANTE', 'ROCHA', 'Masculino', '4090000520253732', '16604327', '2020-12-21', 102),
(675, 'ANDRES SEBASTIAN', 'CAMPOS', 'SELAYA', 'Masculino', '4090000520254728', '16858986', '2021-02-16', 102),
(676, 'ZOE ARLETH', 'CHOQUE', 'ROMERO', 'Femenino', '4090000520254741', '16471391', '2020-07-25', 102),
(677, 'ALEJANDRA DENISE', 'COCA', 'OTALORA', 'Femenino', '4090000520256924', '16996923', '2020-08-16', 102),
(678, 'FERMIN', 'COLQUE', 'BORDA', 'Masculino', '4090000520257472', '16596931', '2020-11-19', 102),
(679, 'CARMEN ROSSY', 'FATTY', 'TOCO', 'Femenino', '4090000520258373', '16986213', '2020-02-27', 102),
(680, 'JAIR AARON', 'FERNANDEZ', 'FRANCO', 'Masculino', '4090000520257471', '16889545', '2020-12-07', 102),
(681, 'MICAEL', 'FERRUFINO', 'MAIZO', 'Masculino', '4090000520257411', '16471397', '2021-04-09', 102),
(682, 'MATIAS JHOAN', 'FLORES', 'MAMANI', 'Masculino', '4090000520253411', '17463792', '2021-09-04', 102),
(683, 'AYSE CHARLOTTE', 'LEDEZMA', 'SALAZAR', 'Femenino', '4090000520256927', '17643762', '2020-10-16', 102),
(684, 'ANDRES JHUNIOR', 'MENESES', 'QUISPE', 'Masculino', '4090000520253101', '16936901', '2021-05-14', 102),
(685, 'TAYLOR JAMES', 'MENESES', 'VILLARROEL', 'Masculino', '4090000520253104', '16936901', '2021-01-04', 102),
(686, 'DAMARIS NICOLAS', 'RODRIGUEZ', '', 'Femenino', '4090000520259241', '16832421', '2021-06-28', 102),
(687, 'SALOME CRISTAL', 'PADILLA', 'CHAVARRIA', 'Femenino', '4090000520253111', '16832421', '2021-06-25', 102),
(688, 'GABRIEL JESUS', 'REINAGA', 'REVOLLO', 'Masculino', '4090000520253831', '16384231', '2021-06-23', 102),
(689, 'XIOMARA', 'REINAGA', 'VALDA', 'Femenino', '4090000520253116', '16384216', '2021-02-10', 102),
(690, 'LUANA VALENTINA', 'SANCHEZ', 'ABAN', 'Femenino', '4090000520253492', '16715857', '2021-03-03', 102),
(691, 'HANSSEL PABLO', 'CÉSPEDES', 'APAZA', 'Masculino', '4090000520255838', '16886890', '2021-02-07', 102),
(692, 'MARIBEL', 'SOLIZ', 'CHOQUEHUANCA', 'Femenino', '4090000520253583', '16886890', '2021-02-07', 102),
(693, 'ARIANA GISSEL', 'CHOQUE', 'TAPIA', 'Femenino', '4090000520253117', '16865331', '2020-12-13', 102),
(694, 'NAYELI ESTRELLA', 'TICONA', 'HINOJOSA', 'Femenino', '4090000520253119', '16865331', '2020-08-17', 102),
(695, 'ALAN GONEI', 'VARGAS', 'MONTECINOS', 'Masculino', '4090000520251107', '16487391', '2020-08-17', 102),
(696, 'KALESSY FABIOLA', 'VEGA', 'HERNANDEZ', 'Femenino', '4090000520251866', NULL, '2020-08-17', 102),
(697, 'EVELYN', 'ZEBALLOS', 'TUDELA', 'Femenino', '4090000520251866', '16475369', '2020-09-05', 102),
(698, 'YEIMI LUNA', 'AGUILAR', 'SALAZAR', 'Femenino', '40900005020475478', '1640177', '2023-03-02', 104),
(699, 'NICOL', 'ANGULO', 'RUIZ', 'Femenino', '40900005020449541', '1640351', '2020-04-07', 104),
(700, 'JOSUE ABIDEL', 'APAZA', 'ALVARADO', 'Masculino', '40900005020445368', '1640116', '2019-11-15', 104),
(701, 'GAEL JORDY', 'BURGUILA', 'FLORES', 'Masculino', '40900005020475444', '1643254', '2020-09-12', 104),
(702, 'ELISEO', 'CHAMBI', 'VICENTE', 'Masculino', '40900005020424762', '1640194', '2023-03-08', 104),
(703, 'ELIAZAR KALEP', 'CHIPANA', 'MAMANI', 'Masculino', '40900005020436410', '1643879', '2020-04-29', 104),
(704, 'DARELL EDRIK', 'CHOQUE', 'CESPEDES', 'Masculino', '40900005020428529', '1651382', '2020-05-13', 104),
(705, 'MARIO ROMAN', 'CONDORI', 'ROCHA', 'Masculino', '40900005020436496', '1639476', '2023-03-13', 104),
(706, 'BIDANEYRA ANNDY', 'CRUZ', 'GUTIERREZ', 'Femenino', '40900005020475478', '1623842', '2019-11-16', 104),
(707, 'NIJAN ZOE', 'ESCOBAR', 'PINTO', 'Femenino', '40900005020429881', '1691301', '2020-06-14', 104),
(708, 'IAN JHAIR', 'GARCIA', 'REINAGA', 'Masculino', '40900005020449881', '1691301', '2020-04-01', 104),
(709, 'ALEX JHUNIOR', 'GUTIERREZ', 'MARTINEZ', 'Masculino', '40900005020432277', '1700360', '2020-04-14', 104),
(710, 'LUCAS THIAGO', 'LUIZAGA', 'VEDIA', 'Masculino', '40900005020475478', NULL, '2023-03-06', 104),
(711, 'BRITTANY BRIANA', 'MAMANI', 'GARCIA', 'Femenino', '40900005020475478', '1632595', '2019-09-29', 104),
(712, 'YADIL', 'MAMANI', 'TACURI', 'Masculino', '4090000502048670', '16596235', '2019-09-27', 104),
(713, 'DAYER ALTES', 'MAMANI', 'VILLARROEL', 'Masculino', '40900005020475478', '1640194', '2020-04-13', 104),
(714, 'MIA NAYELY', 'MARCA', 'OYARDO', 'Femenino', '40900005020475478', '1640194', '2019-05-26', 104),
(715, 'JEICOB MARCELINO', 'MARCANI', 'ESCOBAR', 'Masculino', '40900005020475478', '1730732', '2020-03-25', 104),
(716, 'RAZIEL AITANA', 'PALLA', 'CONDORI', 'Femenino', '40900005020475478', '1640194', '2019-06-15', 104),
(717, 'MADLIN ZULEYKA', 'SOLIZ', 'ROCHA', 'Femenino', '4090000502041479', '1641978', '2019-10-26', 104),
(718, 'VALENTINA TATIANA', 'VELIZ', 'AIRA', 'Femenino', '40900005020475478', '1640194', '2020-06-13', 104),
(719, 'TATIANA', 'ZEGARRA', 'PADILLA', 'Femenino', '40900005020475478', '1640194', '2020-03-18', 104),
(720, 'JORGE MISAEL', 'ZURITA', 'VERA', 'Masculino', '40900005020475478', '1641978', '2020-03-17', 104),
(721, 'ALDAIR VICENTE', 'ALMANZA', 'FLORES', NULL, '40900005020254643', '16343905', '2020-01-22', 105),
(722, 'JOHN ABIDIEL', 'CABEZAS', 'JUÑES', NULL, '40900005020255324', '16416887', '2019-10-25', 105),
(723, 'SEBASTIAN', 'CALI', 'VELIZ', NULL, '40900005020255430', '16411225', '2019-10-21', 105),
(724, 'BRAYAN', 'CASILLA', 'UGARTE', NULL, '40900005020257865', '17829198', '2019-08-22', 105),
(725, 'ALESSANDRA MARIELA', 'CHAMBILLA', 'LLAVE', NULL, '40900005020244314', '16455522', '2020-06-12', 105),
(726, 'MATIAS', 'CHOQUE', 'MARTINEZ', NULL, '8090861550241485', '16344032', '2020-04-15', 105),
(727, 'DAMIAN', 'COCA', 'GARCIA', NULL, '40900005020257457', '16411225', '2020-01-14', 105),
(728, 'JUAN ANDERSON', 'COLQUE', 'FLORES', NULL, '40900005020252436', '16320466', '2019-10-18', 105),
(729, 'EVELIN', 'FLORES', 'LEON', NULL, '40900005020247490', '16519021', '2020-02-27', 105),
(730, 'LIAN ZAID', 'FUENTES', 'CALI', NULL, '40900005020252079', '16419049', '2020-04-08', 105),
(731, 'IFFET', 'LIMACHI', 'MAMANI', NULL, '40900005020254431', '16416887', '2020-04-09', 105),
(732, 'ZOE LUCIA', 'LIZARAZU', 'FLORES', NULL, '40900005020248556', '16461126', '2020-05-05', 105),
(733, 'KAELY JHARIANNE', 'LOZA', 'PEREZ', NULL, '40900005020254321', '16451244', '2019-03-05', 105),
(734, 'HAFID', 'LUNA', 'MAMANI', NULL, '8090848620247558', '16501363', '2019-08-29', 105),
(735, 'MOISES FERNANDO', 'MARTINEZ', 'MAMANI', NULL, '40900005020254457', '16416887', '2020-02-21', 105),
(736, 'JHOANA JHOY', 'PADILLA', 'CHAVARRIA', NULL, '40900005020254437', '16419493', '2019-09-23', 105),
(737, 'RONAL MOISES', 'QUISPE', 'MARTINEZ', NULL, '40900005020254431', '16416887', '2020-03-13', 105),
(738, 'THIAGO MANUEL', 'RAMIREZ', 'CAMACHO', NULL, '40900005020254437', '16419493', '2020-01-11', 105),
(739, 'BRITANI', 'REVOLLO', 'CONDORI', NULL, '40900005020254457', '16974086', '2020-02-13', 105),
(740, 'JUAN DANIEL', 'SOLIS', 'CARRILLO', NULL, '80908001720241130', '16502629', '2020-04-13', 105),
(741, 'DIANA GENESIS', 'TABOADA', 'SAAVEDRA', NULL, '40900005020247387', '16626010', '2020-01-27', 105),
(742, 'EDSON MAGMET', 'VALVERDE', 'MORALES', NULL, '40900005020249452', '17112646', '2020-01-27', 105),
(743, 'MIGUEL ANGEL', 'ARIAS', 'VILLARROEL', NULL, '409000027202323786', '15433307', '2018-10-02', 106),
(744, 'DEBRAN', 'CABALLERO', 'SILVA', NULL, '40900005202315456', '15475856', '2018-09-15', 106),
(745, 'CARLOS DILAN', 'CARRILLO', 'QUISPE', NULL, '17211447', '15455307', '2018-07-18', 106),
(746, 'MATÍAS EZEQUIEL', 'CARRILLO', 'VILLARROEL', NULL, '40900005202427320', '15362400', '2018-09-21', 106),
(747, 'BRIANA KEILA', 'CARTAGENA', 'MERCADO', NULL, '40900005202323757', '15665222', '2019-02-11', 106),
(748, 'VALERIA HAEL', 'COCA', 'LÉDIZMA', NULL, '40900005202323786', '15433307', '2018-11-29', 106),
(749, 'DAVID', 'CORDOVA', 'MOSQUEZ', NULL, '40900005202321456', '15433307', '2018-11-29', 106),
(750, 'FRANCO', 'CRUZ', 'CHAMBI', NULL, '40900005202323736', '15999929', '2018-12-14', 106),
(751, 'BRYANA RAFAELA', 'CRUZ', 'HERNANDEZ', NULL, '40900005202325636', '15432625', '2018-09-30', 106),
(752, 'JOSUE', 'DIAS', 'VARGAS', NULL, '40900005202325823', '15382866', '2018-10-14', 106),
(753, 'PABLO AURELIO', 'FLORES', 'ESCOBAR', NULL, '40900005202323786', '15433307', '2018-09-21', 106),
(754, 'DILAN KAEL', 'FUENTES', 'GASPAR', NULL, '40900005202324929', '15433307', '2018-10-25', 106),
(755, 'ALEXANDER', 'FUENTES', 'VALENCIA', NULL, '809000352024297', NULL, '2019-11-25', 106),
(756, 'ERICK RUBEN', 'HEREDIA', 'MOLINA', NULL, '40900005202441655', '16556611', '2019-01-31', 106),
(757, 'GENESIS ABIGAIL', 'MAMANI', 'IQUISE', NULL, '4090000520239541', '15759929', '2019-03-23', 106),
(758, 'IBETH', 'MAMANI', 'ORTIZ', NULL, '4090000520239541', '15759929', '2019-03-23', 106),
(759, 'NEIMAR JHOAN', 'MONTECINOS', 'CUBA', NULL, '40900005202323786', '15433307', '2018-11-29', 106),
(760, 'ISMAEL', 'MORALES', 'PEÑA', NULL, '40900005202323786', '15433307', '2018-11-29', 106),
(761, 'SALVADOR ESTEBAN', 'ROCHA', 'YANA', NULL, '809004202036197', '15594809', '2019-01-11', 106),
(762, 'CAMILA', 'ROJAS', 'VILLARROEL', NULL, '40900005202323786', '15433307', '2018-11-29', 106),
(763, 'BRYAN MARIO', 'SOCOMPI', 'ROCHA', NULL, '40900005202323786', '15433307', '2018-11-29', 106),
(764, 'HELEN AYLEN', 'TICONA', 'HINOJOSA', NULL, '40900005202323786', '15433307', '2018-11-29', 106),
(765, 'JHOANNY CATALINA', 'TORIBIO', 'RIVERA', NULL, '80900021023658A', '15867607', '2019-01-23', 106),
(766, 'YENIFER', 'TORREZ', 'TOAQUE', NULL, '40900005202323786', '15433307', '2018-11-29', 106),
(767, 'CAMILA SHANDIRA', 'VASQUEZ', 'CARRILLO', NULL, '40900005202323786', '15433307', '2018-11-29', 106),
(768, 'ANYELO MATEO', 'VILLARROEL', 'PINTO', NULL, '409000052023269', '15874177', '2019-01-17', 106),
(769, 'DAVID FRANCO', 'VILLARROEL', 'MAMANI', NULL, '409000052023269', '15874177', '2019-01-13', 106),
(770, 'CARMEN TERESA', 'ALEGRE', 'GONZALES', NULL, '4090000502233185', '15466137', '2018-10-18', 107),
(771, 'EYDEN ASBEL', 'ALIAGA', 'MEDINA', NULL, '4090000502245965', '15496587', '2018-09-26', 107),
(772, 'JHISSEL ANTHONELA', 'CARATA', 'LAUREANO', NULL, '4090000502245965', '15935658', '2019-06-12', 107),
(773, 'SANTIAGO', 'CORDOVA', 'HERBAS', NULL, '4090000502243804', '15468991', '2018-10-19', 107),
(774, 'RUTH NOEMI', 'ESTRADA', 'ESTRADA', NULL, '4090000502245767', '15551132', '2019-12-27', 107),
(775, 'NEYMAR', 'GOMEZ', 'CABEROS', NULL, '4090000502257619', '15966853', '2019-01-01', 107),
(776, 'SEBASTIAN', 'GUERRA', 'CACERES', NULL, '8090843420233499', '15366103', '2018-08-02', 107),
(777, 'EIDAN RIDER', 'INOCENTE', 'SOTO', NULL, '4090000502249195', '15935521', '2019-06-02', 107),
(778, 'NICOLETTE GLORIA', 'JANCO', 'AYALA', NULL, '4090000502238563', '15564859', '2019-01-02', 107),
(779, 'JAZMIN LIZETH', 'LEDEZMA', 'ROCHA', NULL, '40900002720237633', '15629182', '2019-01-26', 107),
(780, 'LIA DANITZA', 'LIZARAZU', 'FLORES', NULL, '40900002720237633', '15629182', '2019-01-26', 107),
(781, 'DILAVER', 'LOPEZ', 'VERA', NULL, '81230002720245360', '15743229', '2019-07-30', 107),
(782, 'JHEICO MATIAS', 'MENECES', 'CARRILLO', NULL, '4090000502243150', '17746671', '2019-06-01', 107),
(783, 'RAMIRO', 'MICACIO', 'GERONIMO', NULL, '4090000502243066', '15490578', '2018-10-30', 107),
(784, 'LAIZ VALENTINA', 'OMONTE', 'ARACAYO', NULL, '40900002720237633', '15629182', '2019-01-26', 107),
(785, 'HECTOR JHAIR', 'OTALORA', 'SALAZAR', NULL, '8090831020243066', '15490578', '2018-07-20', 107),
(786, 'DENNIS LEYDI', 'POMA', 'ALBA', NULL, '40900002720237633', '15629182', '2019-12-17', 107),
(787, 'KENDRA ISABELLA', 'POMA', 'CHOQUE', NULL, '4090000272023707A', '15629182', '2019-01-02', 107),
(788, 'IAN MATIAS', 'QUISPE', 'MAITA', NULL, '4090000502243163', '15691420', '2019-02-21', 107),
(789, 'GUSTAVO', 'QUISPE', 'MARTINEZ', NULL, '4090000502243163', '15571961', '2019-02-21', 107),
(790, 'ZAIDA', 'RIOS', 'LUIZAGA', NULL, '4090000502243163', '15691420', '2019-02-21', 107),
(791, 'ABEL', 'ROCHA', 'PEÑA', NULL, '4090000502254929', '15825794', '2019-01-12', 107),
(792, 'MIGUEL ANGEL', 'ROJAS', 'QUECAÑA', NULL, '4090000502243163', '15691420', '2019-02-21', 107),
(793, 'JHON ABDIL', 'SOLIZ', 'CHOQUEHUANCA', NULL, '4090000502243163', '15691420', '2019-02-21', 107),
(794, 'NIJAN JHAMILET', 'VARGAS', 'MONTECINOS', NULL, '4090000502243163', '15691420', '2019-02-21', 107),
(795, 'EDUARS ANDRES', 'VERA', 'CHOQUE', NULL, '4090000502253539', '15361330', '2018-12-27', 107),
(796, 'MELANY ASHLEY', 'ALBA', 'SALVATIERRA', 'Masculino', '4090000520221918', '16303481', '2017-08-09', 108),
(797, 'MEGAN LUANA', 'ALBA', 'VERA', 'Masculino', '8090011620227243', '15752849', '2018-03-02', 108),
(798, 'JHONATAN', 'ARCE', 'CAMPOS', 'Masculino', '8089000620235059', '15744385', '2018-05-21', 108),
(799, 'ABIGAIL MIA', 'AVILA', 'HUARITO', 'Femenino', '4090000520224917', '16270837', '2018-02-21', 108),
(800, 'CRISTAL MISHEL', 'BUSTAMANTE', 'ROCHA', 'Masculino', '4090000520227732', '16928232', '2017-08-15', 108),
(801, 'KEVIN', 'CASILLA', 'UGARTE', 'Masculino', '409000052023751', '15719915', '2017-09-20', 108),
(802, 'AARON', 'CHAMBI', 'VICENTE', 'Femenino', '409000052023422', '16606834', '2018-04-04', 108),
(803, 'NIRA LALE', 'CRUZ', 'CAYARA', 'Masculino', '4090001820234569', '16994008', '2018-02-04', 108),
(804, 'JOSUE ABDIEL', 'EDUARDO', 'MAMANI', 'Masculino', '4090000420229688', '16116437', '2018-03-14', 108),
(805, 'DEAN ADDIEL', 'GALLEGO', 'CHUCA', 'Masculino', '8144100120252050', '15703628', '2018-03-12', 108),
(806, 'ITAMI ANIFER', 'LIMA', 'CONDORI', 'Femenino', '8198067520232655', '17330769', '2018-01-29', 108),
(807, 'ARLET LIESEL', 'LUQUE', 'CHALAR', 'Femenino', '609002802025174', '15523671', '2017-12-18', 108),
(808, 'YEICOB DOMINIC', 'MALDONADO', 'ALAVE', 'Femenino', '4090000520227735', '15719702', '2018-01-28', 108),
(809, 'JHOEL VIDAL', 'MAMANI', 'VARGAS', 'Masculino', '8098053720232296', '15183461', '2018-02-09', 108),
(810, 'MATHEUS', 'MENESES', 'ACHO', 'Masculino', '4090000520228156', '15187754', '2018-02-17', 108),
(811, 'AYDA', 'MICACIO', 'GERONIMO', 'Femenino', '4090000520225865', '15604138', '2016-02-05', 108),
(812, 'NELSON', 'OLGUIN', 'REJAS', 'Masculino', '4090000520225323', '15468966', '2017-07-08', 108),
(813, 'EZEQUIEL YAIR', 'OTALORA', 'CHOQUE', 'Femenino', '409000052022672', '16833184', '2017-10-03', 108),
(814, 'MARCELO', 'PEREZ', 'ROCA', 'Masculino', '4090000520237301', '15264993', '2017-09-15', 108),
(815, 'THIAGO', 'RAMIREZ', 'PEREDO', 'Masculino', '8083004320235664', '15914397', '2018-06-15', 108),
(816, 'SANTIAGO', 'REVOLLO', 'VERA', 'Masculino', '409000052022204A', '15466296', '2018-02-27', 108),
(817, 'JESUS ROLANDO', 'ROCHA', 'ALEGRE', 'Masculino', '4090000520232842', '17501567', '2017-08-13', 108),
(818, 'IAN JHOHAN', 'RODRIGUEZ', 'ALACORE', 'Femenino', '4090000520242017', '15851456', '2017-09-07', 108),
(819, 'LIAM EVANS', 'RODRIGUEZ', 'BEDOYA', 'Masculino', '8098036420236479', '15886927', '2017-11-23', 108),
(820, 'JHOISY ZEYNEP', 'ROJAS', 'ROMAN', 'Masculino', '4090000520233857', '15322032', '2018-01-15', 108),
(821, 'BRANDON EDISON', 'SALAS', 'AGUILAR', 'Masculino', '409000352023408A', '16304322', '2018-01-10', 108),
(822, 'NATHALY ALBA', 'TICONA', 'PORCE', 'Masculino', '4090000520245436', '15552679', '2017-08-16', 108),
(823, 'JHOANA JASMIN', 'VARGAS', 'MORALES', 'Masculino', '4090000520227036', '15093902', '2017-10-27', 108),
(827, 'JHONATAN', 'HUARA', 'GOMEZ', 'Masculino', '409000052023208A', '15742605', '2018-06-07', 109),
(828, 'YHULITZA KHATERIN', 'HUIZA', 'ANGULO', 'Femenino', '4090000520221736', '16319098', '2018-03-24', 109),
(829, 'DYLAN NAITAN', 'LAUREANO', 'CABRERA', 'Masculino', '4090000520224633', '17233945', '2018-05-13', 109),
(830, 'SHAIRA GEORGINA', 'LOZA', 'PEREZ', 'Masculino', '8098069620221698', '15315006', '2017-09-19', 109),
(831, 'BRAYAN EHITAN', 'MENECES', 'QUISPE', 'Masculino', '4090000520221184', '16240362', '2016-12-23', 109),
(832, 'NAYELI', 'NICOLAS', 'RODRIGUEZ', 'Masculino', '4087009720228032', '15786111', '2018-03-23', 109),
(833, 'MILTON JHUNIOR', 'NUÑEZ', 'HERBOSO', 'Masculino', '4090000520228483', '16625988', '2016-08-24', 109),
(834, 'ALEJANDRA', 'QUINTEROS', 'QUINTEROS', 'Femenino', '4090000520235642', NULL, '2017-10-26', 109),
(835, 'NICOL', 'REVOLLO', 'CONDORI', 'Masculino', '4090000520239458', '15832635', '2017-11-04', 109),
(836, 'JHOSNEL YONIER', 'RIVERO', 'CHAPPY', 'Masculino', '4090000520319212', '15751287', '2018-06-30', 109),
(837, 'JOSE LUIS', 'SALVATIERRA', 'ROJAS', 'Masculino', '4090000520232326', '15291900', '2018-06-05', 109),
(838, 'PAOLA', 'SOLIZ', 'CONDORI', 'Masculino', '4090000520232326', NULL, '2017-07-29', 109),
(839, 'MAXIMILIANO', 'UREÑA', 'GUZMAN', 'Masculino', '8090102120226633', '15301448', '2018-06-15', 109),
(840, 'LUIS BRANDON', 'VILLARROEL', 'LIQUEN', 'Masculino', '4090000520225203', '16767713', '2018-07-05', 109),
(841, 'MARIAM EYSAN', 'VILLCA', 'ALA', 'Masculino', '4090000520233645', '15912091', '2018-01-08', 109),
(842, 'JOSUE BENJAMIN', 'YUCRA', 'MOYA', 'Masculino', '809010352023288A', '15553358', '2018-03-02', 109),
(843, 'JALDY XANDER', 'BELTRAN', 'HUANCA', 'Masculino', '4090000520233966', '16244137', '2017-10-12', 109),
(844, 'ELIANOR ESCARLET', 'CARATA', 'LAUREANO', 'Femenino', '4090000520233281', '16833643', '2017-11-08', 109),
(845, 'VALENTINA LORENA', 'COCA', 'OTALORA', 'Masculino', '4090000920222396', '15701768', '2017-10-14', 109),
(846, 'MARIA LIZ', 'COPA', 'SOLIZ', 'Masculino', '4090000520235090', '15611822', '2018-04-02', 109),
(847, 'JHEREMY', 'COPALI', 'CAMACHO', 'Masculino', '409000052023371A', '15918626', '2017-05-22', 109),
(848, 'LINETH', 'FATTY', 'VELIZ', 'Masculino', '4090000520232391', '15634566', '2018-03-25', 109),
(849, 'SANTIAGO', 'FERRUFINO', 'CALI', 'Masculino', '4090000520222601', '16536494', '2017-11-03', 109),
(850, 'DILAN FABRICIO', 'FRANCO', 'GONZALES', 'Masculino', '4090003520233761', '15750797', '2018-05-16', 109),
(851, 'ARIEL GUSTAVO', 'HERRERA', 'CRUZ', 'Femenino', '4090000520221862', '15311973', '2018-06-26', 109),
(858, 'DYLAN RODRIGO', 'GONZALES', NULL, 'Masculino', '409000042021429A', '16321167', '2017-02-13', 110),
(859, 'ANDREA NICOL', 'ANTONIO', 'ROMERO', 'Femenino', '409000052019085', '16931161', '2014-04-03', 110),
(860, 'NAYELI', 'AVILA', 'PADILLA', 'Masculino', '4090000502202699A', '17522622', '2017-03-23', 110),
(861, 'MATIAS GERSON', 'CABRERA', 'MONTECINOS', 'Masculino', '4090000502202985I', '15665143', '2017-04-25', 110),
(862, 'EMILY LINETH', 'CARRILLO', 'VILLARROEL', 'Femenino', '4090000502217852', '15803083', '2017-05-15', 110),
(863, 'NIKEYRA GERALDINE', 'COCA', 'ROCHA', 'Masculino', '8090003720172102', '16989597', '2016-07-10', 110),
(864, 'JHEMS ANGEL', 'DELGADILLO', 'TRUJILLO', 'Masculino', '809802112021507A', '15129805', '2016-12-30', 110),
(865, 'DAIANA', 'ESTRADA', 'VENEGAS', 'Masculino', '4090000502202260', '15182483', '2016-11-30', 110),
(866, 'ANGHELO ARIEL', 'FLORES', 'QUIROGA', 'Femenino', '609003220227484', '17522600', '2017-06-14', 110),
(867, 'HENRY', 'GALINDO', 'MITA', 'Masculino', '40900005022021389', '15674160', '2017-04-13', 110),
(868, 'ADOLFO', 'GARCIA', 'TECILLO', 'Femenino', '40900005022025745', '16016718', '2016-07-13', 110),
(869, 'ELIZABET', 'GUIZADA', 'AVILA', 'Femenino', '40900005022024627', '16720691', '2016-11-06', 110),
(870, 'JAIRON', 'GUTIERREZ', 'HERRERA', 'Masculino', '40900005022024480', '16833832', '2017-01-04', 110),
(871, 'DENISE ASHELEN', 'GUZMAN', 'AYALA', 'Masculino', '40900005022022997', '14539695', '2017-07-02', 110),
(872, 'BENJAMIN', 'LAUREANO', 'CONDORI', 'Masculino', '409000050221236A', '15720036', '2016-06-06', 110),
(873, 'JASMIN CELENA', 'LONASCO', 'RUIZ', 'Masculino', '40900005022026983', '15705376', '2017-06-22', 110),
(874, 'ESTEFAN LUCAS', 'MAMANI', 'MENECES', 'Femenino', '40900035022026987', '16152548', '2017-02-12', 110),
(875, 'BISMAR ANGEL', 'NUÑEZ', 'FUENTES', 'Masculino', '4090003502218846', '16529630', '2016-10-22', 110),
(876, 'VALENTINA JAZMIN', 'RAMIREZ', 'CAMACHO', 'Masculino', '4090003302216649', '16563446', '2017-02-08', 110),
(877, 'VICTORIA', 'SALAZAR', 'LAZARO', 'Masculino', '6090002202216127', '16017772', '2016-09-02', 110),
(878, 'JUAN DIEGO', 'SOCOMPI', 'ROCHA', 'Masculino', '4090003502211667', '16097302', '2016-12-05', 110),
(879, 'JOEL OBERMAIER', 'SOLIZ', 'ROCHA', 'Masculino', '808011520214118', '17045891', '2016-08-09', 110),
(880, 'XIOMARA NATALIA', 'SOLIZ', 'ROCHA', 'Masculino', '808011520218549', '16245552', '2016-08-09', 110),
(881, 'LIZBETH GRACIELA', 'TECILLO', 'VALERIANO', 'Masculino', '40900005022028967', '15698859', '2016-11-16', 110),
(882, 'KIMBERLY KAROLAY', 'VILLARROEL', 'LIQUEN', 'Masculino', '8098001720200303', '16767704', '2017-02-13', 110),
(883, 'DAINOR', 'VILLARROEL', 'ALMANZA', 'Masculino', '4090000502222598', '15698042', '2017-05-12', 110),
(884, 'JHUDIT MARLLOY', 'VILLARROEL', 'ESCOBAR', 'Masculino', '4090000502218346', '16219367', '2016-05-30', 110),
(885, 'BISMAR', 'ZUÑIGA', 'SOLIZ', 'Masculino', '808900350224229', NULL, '2017-02-14', 110),
(889, 'JHUAN', 'ALVAREZ', 'GONZALES', 'Masculino', '4090000520226892', '16368036', '2017-03-01', 111),
(890, 'PABLO EFRAIN', 'CABALLERO', 'AGUILAR', 'Masculino', '80980005202215166', '15814296', '2017-03-13', 111),
(891, 'JAMIL NEYMAR', 'CABALLERO', 'SILVA', 'Masculino', '4090000420214504', '15720218', '2016-08-04', 111),
(892, 'LUZ JEYLI', 'CABEZAS', 'JUÑES', 'Masculino', '4090000520229076', '15820146', '2017-06-11', 111),
(893, 'ANGHELO ALAN', 'CALDERON', 'LOPEZ', 'Femenino', '409000052022902A', '17257084', '2014-10-26', 111),
(894, 'JHOEL', 'CALI', 'VELIZ', 'Masculino', '4090000520236239', '15693663', '2017-05-18', 111),
(895, 'AYLEN AMBAR', 'CHOQUE', 'CESPEDES', 'Femenino', '4090000350220193A', '15182689', '2016-07-15', 111),
(896, 'ELENA', 'CHUQUIMIA', 'COPA', 'Femenino', '409000052024436A', '17611705', '2015-08-30', 111),
(897, 'XAVI JUVENAL', 'CORONEL', 'MAMANI', 'Masculino', '408701052021814A', '16686297', '2016-12-27', 111),
(898, 'BRAYAN ALEJANDRO', 'CRUZ', 'HERNANDEZ', 'Masculino', '809800172014359', '15785820', '2016-05-12', 111),
(899, 'DIEGO OLIVER', 'CUELLAR', 'MICO', 'Masculino', '409000052025888', '16214665', '2017-02-15', 111),
(900, 'OLIVER JAIME', 'FLORES', 'CHURA', 'Femenino', '808901162020031', NULL, '2014-12-24', 111),
(901, 'KEVIN JAIRO', 'FUENTES', 'AJATA', 'Masculino', '40900005202744A', '17152297', '2016-10-06', 111),
(902, 'RUTH KEYLA', 'GALLEGO', 'MAMANI', 'Masculino', '8098012420211879', '15602840', '2016-10-27', 111),
(903, 'MIGUEL ANGEL', 'MAMANI', 'ALBA', 'Masculino', '4090000520214577', '16832363', '2015-12-02', 111),
(904, 'DAMARIS SARAHI', 'MAMANI', 'JALILLITA', 'Masculino', '4090000520227119', '15613949', '2017-05-10', 111),
(905, 'MELIA ANALY', 'MENECES', 'CARRILLO', 'Masculino', '4090000520217993', '17746698', '2016-02-04', 111),
(906, 'IKER', 'MOLLO', 'CHURQUI', 'Femenino', '8111002020215289', '14963277', '2016-12-26', 111),
(907, 'OLIVER CHRISHTIAN', 'ORELLANA', 'CHOQUE', 'Femenino', '409000052021223', '15166441', '2016-09-27', 111),
(908, 'GUADALUPE MARIETA', 'ROCHA', 'YANA', 'Masculino', '809002420228432', '14854041', '2017-03-24', 111),
(909, 'MELANI ARIELI', 'RODRIGUEZ', 'MENESES', 'Masculino', '4090000520211349', NULL, '2017-05-06', 111),
(910, 'ISABEL WARA', 'SOLIZ', 'CHOQUEHUANCA', 'Femenino', '80980576022017006', '15989483', '2017-06-05', 111),
(911, 'DELICIA', 'TINTA', 'VARGAS', 'Masculino', '4090000520201105', '13478164', '2015-04-20', 111),
(912, 'JOSE MANUEL', 'TOLA', 'PILLCO', 'Masculino', '4090000520236874', '17736140', '2016-12-28', 111),
(913, 'ALEXANDER', 'VARGAS', 'QUIROGA', 'Femenino', '713700420217164', '16520179', '2017-03-24', 111),
(914, 'DILAN GAEL', 'VERA', 'FUENTES', 'Masculino', '4090003520219718', '16641712', '2016-09-15', 111),
(915, 'EMILY BRIANA', 'VERA', 'PADILLA', 'Femenino', '4090003520218464', '16570495', '2016-10-27', 111),
(916, 'DARSON', 'VILLARROEL', 'ALMANZA', 'Masculino', '409000052021087', '15698094', '2017-05-12', 111),
(920, 'PAMELA', 'ALBA', 'ALMANZA', 'Masculino', '4090000520212104', '14834718', '2015-08-07', 112),
(921, 'JHONATAN', 'CALI', 'ESPINOZA', 'Masculino', '4090000520211868', '16425624', '2016-12-06', 112),
(922, 'MATEO', 'CHAMBI', 'VICENTE', 'Masculino', '4090000520215546', '14641746', '2016-06-16', 112),
(923, 'SAMMAEL RUDDY', 'COPA', 'GANDARILLAS', 'Masculino', '809804962020084', '16328534', '2015-08-17', 112),
(924, 'ALEX LEONARDO', 'COPA', 'TITO', 'Femenino', '409000032020036', '15621317', '2016-02-20', 112),
(925, 'ALEXSANDER', 'CORIA', 'VILLARROEL', 'Femenino', '409000072020030', '16780191', '2015-10-08', 112),
(926, 'BRITANI ASHLEY', 'CRESPO', 'HERRERA', 'Masculino', '4090000520219042', '16383780', '2016-04-22', 112),
(927, 'MIKEL', 'ESCALERA', 'TOLA', 'Masculino', '6090040142021495', '15896955', '2015-12-04', 112),
(928, 'JHESICA', 'FERNANDEZ', 'REVOLLO', 'Masculino', '4090000520218985', '14864930', '2016-06-14', 112),
(929, 'MISHEL KEILA', 'GUERRA', 'CACERES', 'Masculino', '809803012022206', '17143149', '2015-12-04', 112),
(930, 'JOSE DAVID', 'GUTIERREZ', 'SIACARI', 'Masculino', '4090000520212038', '15314987', '2016-03-14', 112),
(931, 'MARIA BELINDA', 'INOCENTE', 'SOTO', 'Masculino', '409000332020038', '15369524', '2014-08-27', 112),
(932, 'YANNICK', 'LEON', 'REQUE', 'Femenino', '4090000520215922', '16621839', '2016-05-10', 112),
(933, 'JHORDI', 'LIMA', 'ESPINOZA', 'Masculino', '4090000520212039', '16425649', '2016-02-06', 112),
(934, 'JHON EDUAR', 'LIMACHI', 'TACURI', 'Masculino', '409000052021577A', '16131886', '2015-10-13', 112),
(935, 'ARON', 'MAMANI', 'JALILLITA', 'Femenino', '4090000520217451', '15613938', '2015-08-20', 112),
(936, 'HENRY JHOJAN', 'MAMANI', 'ROMAN', 'Masculino', '8098055820213377', '15033618', '2016-05-23', 112),
(937, 'HEYDY PILAR', 'MARCA', 'TARQUI', 'Masculino', '409000272020008', '16315565', '2015-02-01', 112),
(938, 'KEYLA', 'MENDOZA', 'MAMANI', 'Masculino', '4090000520217912', '15697059', '2016-02-01', 112),
(939, 'PAUL', 'MORALES', 'PEÑA', 'Masculino', '4090000520212113', '15767664', '2016-01-07', 112),
(940, 'AXEL', 'NINAVIA', 'REVOLLO', 'Femenino', '4090000520213020', '16275711', '2016-04-26', 112),
(941, 'DANA JAZMIN', 'PACHECO', 'MENECES', 'Masculino', '409000312020010', '16831579', '2015-08-12', 112),
(942, 'ROBERTO OLIVER', 'QUENTA', 'QUENTA', 'Masculino', '407302492023529', '14675732', '2015-09-06', 112),
(943, 'DANAHE REBECA', 'QUIROZ', 'MAMANI', 'Masculino', '809801242020006', '15771328', '2015-10-12', 112),
(944, 'BRIANNA EMILY', 'VELIZ', 'AIRA', 'Masculino', '4090000720216164', '15835657', '2015-10-06', 112),
(951, 'WILLIAMS', 'ACHO', 'VASQUEZ', 'Masculino', '8098043120215729', '15403307', '2016-02-17', 113),
(952, 'ALEXIS', 'ALVAREZ', 'HINOJOSA', 'Femenino', '4090000520218112', '16675398', '2015-07-21', 113),
(953, 'BRAYAN', 'CHALLAPA', 'PADILLA', 'Masculino', '4090000520217302', '16514007', '2015-07-06', 113),
(954, 'CRISTIAN', 'CHOQUE', 'MARTINEZ', 'Masculino', '8098051502020020', '16248103', '2015-09-02', 113),
(955, 'ISMAEL', 'COPA', 'SOLIZ', 'Femenino', '4090000520211475', '15811085', '2016-02-07', 113),
(956, 'VISMAR', 'ESPINOZA', 'ALMANZA', 'Masculino', '4090000720212856', '15730996', '2015-09-18', 113),
(957, 'JADE', 'ESPINOZA', 'HERNANDEZ', 'Masculino', '8098007120214400', '16687224', '2016-06-02', 113),
(958, 'JHOJAN JAEL', 'FATTY', 'LAUREANO', 'Masculino', '4090003520200900', NULL, '2015-11-21', 113),
(959, 'YAIR ANDRE', 'FERNANDEZ', 'VILLARROEL', 'Femenino', '8098016808202036', '15447721', '2015-08-13', 113),
(960, 'AMAIRANY', 'FERREL', 'QUIROZ', 'Femenino', '4090000520214742', '15962981', '2016-04-12', 113),
(961, 'CINTHIA', 'FUENTES', 'VALENCIA', 'Masculino', '8098003520217634', '15796702', '2016-03-09', 113),
(962, 'JOSE', 'LAZARO', 'ATAHUICHI', 'Masculino', '8098004520211624', '14147270', '2015-09-02', 113),
(963, 'MARISABEL', 'LIMACHI', 'MAMANI', 'Masculino', '4073012620215271', '15956242', '2015-10-14', 113),
(964, 'JHORDDY', 'MAMANI', 'REVOLLO', 'Masculino', '4090000520212129A', '16594665', '2015-06-30', 113),
(965, 'ADAIR GAEL', 'MAMANI', 'VILLARROEL', 'Femenino', '4090002720202034', '15736172', '2016-05-04', 113),
(966, 'ANDRES', 'MERCADO', 'QUISPE', 'Femenino', '4090000420200111', '16325388', '2015-09-03', 113),
(967, 'KEYLA JANEL', 'OTALORA', 'SALAZAR', 'Masculino', '4090000720202056', '16833132', '2016-01-24', 113),
(968, 'YEXALEN', 'PEREZ', 'MONTERO', 'Femenino', '8098005220202008', '14811436', '2016-04-29', 113),
(969, 'JHEFFERSON YAIR', 'QUIROZ', 'SOLIZ', 'Masculino', '4090000520214252', '17054936', '2015-12-31', 113),
(970, 'ERICK', 'REINAGA', 'MONTECINOS', 'Femenino', '4090000520211965', '15992944', '2015-10-01', 113),
(971, 'GUADALUPE ADRIANA', 'ROMERO', 'MEDILES', 'Masculino', '8098008520202035', '16782193', '2016-04-14', 113),
(972, 'MAYRA YARA', 'SOLIZ', 'CHOQUEHUANCA', 'Masculino', '8098057620202019', '15989479', '2015-12-17', 113),
(973, 'ABRAHAM LUIS', 'TICONA', 'CONDORI', 'Femenino', '409000092018028', '16627228', '2013-09-16', 113),
(974, 'EITHAN IVAN', 'TITO', 'PADILLA', 'Femenino', '8073055320202026', '14386064', '2015-09-04', 113),
(975, 'VALENTINA', 'VIDAURRE', 'VILLCA', 'Masculino', '4090000520217782', '16121818', '2016-06-04', 113),
(976, 'ANDEL ALEXANDER', 'ZEGARRA', 'PADILLA', 'Femenino', '4090003520207905', '15715575', '2016-05-02', 113),
(977, 'FIORELA NICCOL', 'ZURITA', 'RODRIGUEZ', 'Masculino', '809805702019029', '15218699', '2014-11-25', 113),
(982, 'YANCARLA', 'ALA', 'SOTO', 'Femenino', '4090000520202016', '15216381', '2014-12-13', 114),
(983, 'DELIA', 'BARRETA', 'CRUZ', 'Masculino', '4090000520202013', '17012399', '2014-08-17', 114),
(984, 'DIVER GROVER', 'CABEZAS', 'JUÑES', 'Masculino', '4090000520202004', '15825962', '2015-04-20', 114),
(985, 'ADRIAN SANTIAGO', 'CADENA', 'SARAVIA', 'Femenino', '809804552019009', '14853168', '2015-03-05', 114),
(986, 'JOEL ESTEBAN', 'CLAROS', 'MARIN', 'Masculino', '4090000520202005', '15637428', '2014-11-15', 114),
(987, 'CAMILA CELESTE', 'CORO', 'GUTIERREZ', 'Masculino', '409000062019048', '14775380', '2014-11-24', 114),
(988, 'YURI', 'ESPINOZA', 'AGUILAR', 'Femenino', '4090000520202008', '15715404', '2014-07-15', 114),
(989, 'JHOSEP GAEL', 'ESPINOZA', 'AIRA', 'Masculino', '409000062019013', '14384425', '2014-11-24', 114),
(990, 'ABIGAIL', 'ESTRADA', 'VENEGAS', 'Femenino', '4090000520202017', '15182435', '2014-12-03', 114),
(991, 'ALEXANDER', 'FATTY', 'TOCO', 'Femenino', '4090000520202006', '14121616', '2014-10-12', 114),
(992, 'LUZ JHENNY', 'LLAMPA', 'BORDA', 'Masculino', '609000052019046', '16935862', '2014-12-08', 114),
(993, 'LESLY BIANCA', 'MAMANI', 'IQUISE', 'Masculino', '812303102017500A', '15744425', '2012-12-25', 114),
(994, 'JUAN MARCOS', 'MENDOZA', 'MAMANI', 'Masculino', '808900202020057', '15697124', '2014-08-03', 114),
(995, 'LISBETH', 'OLGUIN', 'REJAS', 'Masculino', '4090000520202014', '14817692', '2014-11-19', 114),
(996, 'LUCIANA YANDI', 'OTALORA', 'SALAZAR', 'Masculino', '4090000272019011', '16833157', '2014-09-08', 114),
(997, 'JHONY MATHIAS', 'PINTO', 'AGUILAR', 'Masculino', '809000242019112', '16190259', '2015-04-16', 114),
(998, 'JHON NEYMAR', 'POMA', 'CONDORI', 'Masculino', '4090000520202009', '15630971', '2014-11-09', 114),
(999, 'AVIMAEL', 'ROCHA', 'ESCOBAR', 'Femenino', '4090000520202019', '16641122', '2014-11-05', 114),
(1000, 'ELISA', 'RODRIGUEZ', 'PANIAGUA', 'Femenino', '409000062019026', '15478895', '2014-09-13', 114),
(1001, 'IKER ROMEL', 'SOLIZ', 'CHOQUEHUANCA', 'Femenino', '809805762019026', '15989478', '2014-08-10', 114),
(1002, 'PAOLA ALEJANDRA', 'VARGAS', 'MONTECINOS', 'Masculino', '4090000520202011', '14512971', '2015-01-16', 114),
(1003, 'ALEXIS', 'VERA', 'PADILLA', 'Femenino', '4090003520205084', '16574070', '2015-05-08', 114),
(1004, 'AYELEN JHULIET', 'VILLARROEL', 'CESPEDES', 'Femenino', '409000420020004', '16575491', '2015-02-25', 114),
(1005, 'JHEYSON', 'VIZALLA', 'PUMA', 'Masculino', '4090000520202001', '16833238', '2015-04-21', 114),
(1013, 'ZURIA CELESTE', '', 'ESCOBAR', 'Masculino', '409000052019025', '16888911', '2014-01-22', 115),
(1014, 'MONICA CONNIE', '', 'YUJRA', 'Masculino', '409000052021614', '14077795', '2014-11-22', 115),
(1015, 'MIAJEL LEONARDO', 'CACERES', 'YANARI', 'Masculino', '809800520220025', '16409839', '2015-06-16', 115),
(1016, 'CRISTIAN', 'CASILLA', 'UGARTE', 'Masculino', '809802352020108', '15720055', '2015-06-03', 115),
(1017, 'EGEBERTO GROVER', 'CHIPANA', 'MAMANI', 'Femenino', '409000042019055', '16195113', '2014-08-31', 115),
(1018, 'JHILMAR SLIMDER', 'CUELLAR', 'MICO', 'Masculino', '409000052020027', '16214745', '2015-01-05', 115),
(1019, 'ANAHI SELENA', 'GUTIERREZ', 'HERRERA', 'Femenino', '409000052020028', '16833574', '2014-11-22', 115),
(1020, 'MICAELA', 'GUTIERREZ', 'MARTINEZ', 'Masculino', '814801592001909', '15429081', '2014-05-08', 115),
(1021, 'BRISA KELLY', 'GUZMAN', 'ENCINAS', 'Masculino', '4090002222020032', '17020901', '2014-09-26', 115),
(1022, 'CAMILA ALEJANDRA', 'GUZMAN', 'POMA', 'Masculino', '819805202019911A', '17586050', '2014-09-04', 115),
(1023, 'CAMILA SAORI', 'GUZMAN', 'POMA', 'Masculino', '8198052020192166', '17586051', '2014-09-04', 115),
(1024, 'LUIS MIGUEL', 'MAMANI', 'ORTIZ', 'Masculino', '4090003520210319', '15616928', '2015-05-19', 115),
(1025, 'THIAGO JULIAN', 'MEDRANO', 'RODRIGUEZ', 'Masculino', '809800452019114', '14700440', '2014-12-26', 115),
(1026, 'ALINA', 'MERIDA', 'QUIROZ', 'Femenino', '808600752020046', '15929303', '2015-06-18', 115),
(1027, 'MARJHOLI', 'PEDRO', 'HERRERA', 'Masculino', '409000052020030', '16126447', '2015-02-06', 115),
(1028, 'LIA MELANY', 'PEREZ', 'ALACORE', 'Masculino', '409000052020010', '15608455', '2015-06-28', 115),
(1029, 'EMILY DANIELA', 'QUISPE', 'QUIROZ', 'Femenino', '409000042019038', '16515662', '2015-06-06', 115),
(1030, 'JENNIFER', 'RAMIREZ', 'PEREDO', 'Masculino', '409000052020012', '16527835', '2014-11-09', 115),
(1031, 'JHOEL', 'ROJAS', 'QUECAÑA', 'Masculino', '409000052020024', '16833574', '2015-05-06', 115),
(1032, 'VICTOR ALEJANDRO', 'SANDOVAL', 'VILLARROEL', 'Masculino', '409000062019031', '14735047', '2014-08-09', 115),
(1033, 'JHESSICA', 'TOLA', 'PILLCO', 'Masculino', '409000052020025', '17256755', '2014-07-12', 115),
(1034, 'ALEX', 'VARGAS', 'TOMAS', 'Femenino', '709000762020029', '16700109', '2014-08-09', 115),
(1035, 'AINHOA VALENTINA', 'ZURITA', 'VERA', 'Femenino', '4090000272019017', '15068529', '2014-12-20', 115),
(1044, 'SANTIAGO', 'ALCOCER', 'LIMACHI', 'Masculino', '4073027520185865', '14948874', '2014-03-30', 116),
(1045, 'SAMUEL', 'APAZA', 'MAMANI', 'Masculino', '409000052019021', '15698455', '2014-02-22', 116),
(1046, 'SAUL', 'APAZA', 'MAMANI', 'Masculino', '409000052019040', '15698447', '2014-02-22', 116),
(1047, 'NEYMAR', 'ARCE', 'GUTIERREZ', 'Masculino', '409000062019087', '13231087', '2013-11-18', 116),
(1048, 'JOSE ANGEL', 'AVILA', 'PADILLA', 'Masculino', '409000052018062', '17526206', '2013-01-08', 116),
(1049, 'ROSALIA', 'CABRERA', 'MONTECINOS', 'Masculino', '409000052019037', '16834521', '2013-07-17', 116),
(1050, 'DANIELA', 'CARRILLO', 'PADILLA', 'Masculino', '409000052019012', '15798402', '2013-11-13', 116),
(1051, 'ANTONELLA MATILDA', 'CLAURE', 'MONTAÑO', 'Femenino', '609000062018024', '15476349', '2013-12-18', 116),
(1052, 'BEIMAR', 'COCA', 'CALLAHUARA', 'Masculino', '409000052019033', '15726564', '2014-03-25', 116),
(1053, 'RODRIGO', 'COTARI', 'JIMENEZ', 'Masculino', '409000052019018', '14695938', '2013-08-26', 116),
(1054, 'DENNISE PEITON', 'ESPINOZA', 'HERNANDEZ', 'Masculino', '809800172019038', '16687221', '2013-12-19', 116),
(1055, 'JOSE LUIS', 'FATTY', 'NICASIO', 'Masculino', '409000052019039', '15589685', '2014-03-07', 116),
(1056, 'SAMEER CRISTOFER', 'GARCIA', 'CHOQUE', 'Masculino', '609500022018073', '15020880', '2013-09-11', 116),
(1057, 'ALEJANDRO', 'GONZALES', 'PACO', 'Femenino', '8089001120183243', '14816715', '2013-11-24', 116),
(1058, 'MAYTE EULALIA', 'GUERRA', 'CACERES', 'Masculino', '809800052019038', '17441404', '2013-09-09', 116),
(1059, 'JESSICA', 'HERRERA', 'OYARDO', 'Masculino', '806100362017003', '15666854', '2011-12-25', 116),
(1060, 'ARIEL', 'HINOJOSA', 'VILLARROEL', 'Femenino', '409000052019048', '15714740', '2014-04-04', 116),
(1061, 'MARCO', 'HUANCA', 'CRESPO', 'Masculino', '409000062019071', '16092353', '2014-02-19', 116),
(1062, 'JUAN ABAD', 'INOCENTE', 'CUISARA', 'Masculino', '409000052019032', '15646918', '2014-01-10', 116),
(1063, 'LEONIDAS SANTIAGO', 'JANCO', 'AYALA', 'Masculino', '812302032017045', '15382796', '2013-06-12', 116),
(1064, 'JOSUE', 'LIMA', 'ESPINOZA', 'Masculino', '409000052019023', '16425619', '2014-03-04', 116),
(1065, 'FABIAN', 'LIMACHI', 'MAMANI', 'Masculino', '407301262019042', '15956159', '2013-09-30', 116),
(1066, 'DILMAR EDUARDO', 'LONASCO', 'RUIZ', 'Masculino', '409000052019044', '15705362', '2014-03-23', 116),
(1067, 'DEIMAR', 'LOZA', 'MEDRANO', 'Masculino', '409000042018028', '15798323', '2014-03-21', 116),
(1068, 'SANTIAGO CRISTOFER', 'MENDEZ', 'QUINTEROS', 'Masculino', '809800322018009', '15689959', '2013-12-19', 116),
(1069, 'SHEYLA GRACIELA', 'MERINO', 'PANAMA', 'Masculino', '409000042018010', '17021603', '2013-10-20', 116),
(1070, 'DANIEL', 'PAREDES', 'LIQUEN', 'Masculino', '409000052018001', '16767693', '2011-08-08', 116),
(1071, 'DILAN NEYDER', 'PEÑA', 'MENESES', 'Masculino', '409000052018034', '15799003', '2013-01-09', 116),
(1072, 'BELINDA', 'PEREZ', 'TOAQUE', 'Masculino', '409000052019056', '14850766', '2014-05-27', 116),
(1073, 'JHENIFER ESDENKA', 'QUENTA', 'QUENTA', 'Masculino', '809802132019089', '13844241', '2013-10-05', 116),
(1074, 'NEYMAR', 'RAMIREZ', 'LEON', 'Masculino', '409000052019027', '15589607', '2014-03-27', 116),
(1075, 'DAYANA BELEN', 'ROJAS', 'QUECAÑA', 'Masculino', '409000052019035', '16833610', '2013-12-03', 116),
(1076, 'JHISSELA', 'ROJAS', 'ROJAS', 'Masculino', '809804012019017', '15530764', '2014-06-01', 116),
(1077, 'DAEL ALBERTH', 'SOLA', 'COPA', 'Masculino', '4090000272019046', '16104123', '2013-12-15', 116),
(1078, 'JOSE LUIS', 'VARGAS', 'ATAHUICHI', 'Masculino', '409000042018025', '14348642', '2013-07-21', 116),
(1079, 'JOEL JHASMANNI', 'VERA', 'ROCHA', 'Masculino', '409000052019015', '15834516', '2013-10-23', 116),
(1107, 'WENDY JHOANA', 'ARGOTE', 'ANGULO', 'Masculino', '4090000520190111', '17189574', '2014-05-17', 117),
(1108, 'AYLIN', 'BRAVO', 'AVALOS', 'Femenino', '4090000620180666', '15546996', '2014-04-19', 117),
(1109, 'ISAAC JHIMY', 'BURGULLA', 'FLORES', 'Femenino', '8098001720180088', '15620181', '2014-04-02', 117),
(1110, 'MARY YSABEL', 'CABEZAS', 'HUANCA', 'Masculino', '4090000520190095', '16964026', '2014-06-20', 117),
(1111, 'LIZETH', 'CALI', 'VELIZ', 'Masculino', '4090000520190099', '15193840', '2013-09-24', 117),
(1112, 'JOSE LUIS', 'CASILLA', 'UGARTE', 'Masculino', '8098023520171113', '15719970', '2013-01-25', 117),
(1113, 'ANDREA SOFIA', 'CASTELLON', 'RIVERA', 'Femenino', '4090000520195831', '16896212', '2013-11-10', 117),
(1114, 'ROY NELSON', 'CHIPATA', 'CABEZAS', 'Masculino', '4090000420190111', '14915590', '2013-10-21', 117),
(1115, 'JOSE ARIEL', 'CONDORI', 'ROCHA', 'Masculino', '7064000120190811', '17000155', '2013-11-07', 117),
(1116, 'MATHIAS', 'FLORES', 'HERRERA', 'Masculino', '809810720190096', '16323337', '2014-03-19', 117),
(1117, 'LUZ CLARITA', 'GARCIA', 'PADILLA', 'Masculino', '4090000520190050', '17524677', '2014-03-19', 117),
(1118, 'WILBER', 'GARCIA', 'TECILLO', 'Masculino', '409000052019054', '16016651', '2014-02-19', 117),
(1119, 'ROSELINDA', 'GOMEZ', 'CABEROS', 'Masculino', '409000052020032', '13588764', '2014-06-09', 117),
(1120, 'JOSE LUIS', 'GUARAYO', 'HUMEREZ', 'Masculino', '409000052018014', '16249655', '2013-06-13', 117),
(1121, 'DAYANA', 'GUTIERREZ', 'MAQUERA', 'Masculino', '407304572018027', '15220897', '2014-02-14', 117),
(1122, 'THIAGO YAIR', 'HUARACHI', 'APAZA', 'Masculino', '80980682018073', '16010652', '2013-08-19', 117),
(1123, 'LESLY', 'MAMANI', 'ALBA', 'Masculino', '409000042017072', '16832382', '2012-10-09', 117),
(1124, 'DAVID DEYMAR', 'MAMANI', 'CHOQUE', 'Masculino', '80902892018034', '16087243', '2013-11-20', 117),
(1125, 'CRISTIAN', 'MAMANI', 'SANCHEZ', 'Masculino', '409000052019036', '16283690', '2013-09-30', 117),
(1126, 'NEYMAR', 'MAMANI', 'VARGAS', 'Masculino', '809805372019022', '14036829', '2013-12-19', 117),
(1127, 'JHONN JAIRO', 'MENDOZA', 'VERA', 'Masculino', '409000042018015', '14909279', '2014-01-27', 117),
(1128, 'LUCIANA', 'MENESES', 'ROJAS', 'Masculino', '409000052018002', '17300472', '2013-09-19', 117),
(1129, 'DELIA', 'MICACIO', 'GERONIMO', 'Masculino', '409000052018018', '15609305', '2013-06-18', 117),
(1130, 'BRIANA KATERIN', 'NUÑEZ', 'FUENTES', 'Masculino', '80982352018041', '16087409', '2014-03-12', 117),
(1131, 'ERICK', 'NUÑEZ', 'HERBOSO', 'Femenino', '409000052020033', '16225970', '2013-10-16', 117),
(1132, 'KEYLA MARIANA', 'OROSCO', 'ROCHA', 'Masculino', '4090000272018014', '14094575', '2014-01-21', 117),
(1133, 'THIAGO MIJAHIL', 'QUISPE', 'MAITA', 'Masculino', '409000052018068', '15598616', '2013-11-26', 117),
(1134, 'GRICEL', 'ROCHA', 'PEÑA', 'Masculino', '409000052019045', '15644288', '2013-10-24', 117),
(1135, 'DAMARIS DIANA', 'SALVATIERRA', 'ACHO', 'Masculino', '409000052019056', '15783906', '2014-06-19', 117),
(1136, 'KAMILY GABRIELA', 'SANDOVAL', 'ROJAS', 'Masculino', '809800852019133', '16964341', '2013-10-09', 117),
(1137, 'JHEYSON', 'SOLIZ', 'FERRUFINO', 'Masculino', '409000072020062', '16203662', '2014-06-13', 117),
(1138, 'VICTORIA', 'ULUNQUE', 'SALVATIERRA', 'Masculino', '409000062018023', '16834116', '2013-07-18', 117),
(1139, 'JOSE LUIS', 'VERA', 'FUENTES', 'Masculino', '409000052019051', '15839223', '2014-05-11', 117),
(1140, 'BELEN', 'VIZALLA', 'PUMA', 'Masculino', '409000052019031', '15129374', '2013-03-12', 117),
(1141, 'ELVIS', 'ZUÑIGA', 'SOLIZ', 'Femenino', '7087000992019051', NULL, '2014-04-09', 117),
(1170, 'BORIS', 'ACHU', 'LAZARO', 'Masculino', '409000052017030', '15689708', '2011-06-07', 118),
(1171, 'NOELIA NATALY', 'ALVARADO', 'LAUREANO', 'Masculino', '409000052018040', '12623437', '2012-10-22', 118),
(1172, 'JUAN', 'ALVAREZ', 'GONZALES', 'Masculino', '409000052017022', '14829206', '2012-04-10', 118),
(1173, 'DAVID', 'ARCE', 'CAMPOS', 'Masculino', '80890062018013', '15202034', '2013-03-11', 118),
(1174, 'MATEO AGUSTIN', 'BELTRAN', 'HUANCA', 'Masculino', '8098032018005', '16244107', '2013-03-21', 118),
(1175, 'JOSE LUIS', 'CALI', 'VELIZ', 'Masculino', '409000052017044', '14856734', '2011-08-11', 118),
(1176, 'PEDRO PABLO', 'CALIZAYA', 'SALVATIERRA', 'Masculino', '409000052018015', '16177992', '2012-09-22', 118),
(1177, 'KEVIN', 'CHOQUE', 'ROJAS', 'Masculino', '809804662015107', '13099467', '2012-02-17', 118),
(1178, 'JHISU JHASMIN', 'CHOQUEHUANCA', 'VASQUEZ', 'Masculino', '509000042018037', '14325744', '2012-01-19', 118),
(1179, 'SULEYDA', 'COCA', 'CALLAHUARA', 'Masculino', '409000052017027', '15726485', '2012-07-04', 118),
(1180, 'DANIEL', 'COPA', 'SOLIZ', 'Masculino', '409000052018063', '14833732', '2012-10-05', 118),
(1181, 'MILER', 'CRESPO', 'HERRERA', 'Masculino', '409000052018057', '16833844', '2013-04-24', 118),
(1182, 'JADE', 'ESPINOZA', 'AGUILAR', 'Masculino', '409000052018038', '15587751', '2012-07-25', 118),
(1183, 'MAGDYEL GABRIELA', 'FERRUFINO', 'MAIZO', 'Masculino', '409000052018035', '15364524', '2013-02-25', 118),
(1184, 'LUZ KAREN', 'FLORES', 'CHURA', 'Masculino', '804802912017017', '15621664', '2012-12-16', 118),
(1185, 'DAVID ELOY', 'GUTIERREZ', 'MARTINEZ', 'Masculino', '814804072017050', '14755413', '2012-11-25', 118),
(1186, 'MARIANA', 'INOSENTE', 'SALVATIERRA', 'Masculino', '409000052018036', '13481710', '2012-07-15', 118),
(1187, 'JHASMIN', 'JANKORI', 'DELGADILLO', 'Masculino', '409000052018046', '12694468', '2013-02-10', 118),
(1188, 'NEIMAR', 'JORA', 'VENEGAS', 'Masculino', '409000052018046', '14856182', '2012-12-27', 118),
(1189, 'JAZEL SOFFI', 'LUQUE', 'CHALAR', 'Masculino', '6090000282017056', '13622936', '2013-04-25', 118),
(1190, 'FERNANDO', 'MAMANI', 'PACO', 'Masculino', '409000052018037', '15718233', '2012-11-23', 118),
(1191, 'ARIEL', 'MAMANI', 'VARGAS', 'Femenino', '809803872018028', '14306353', '2012-07-24', 118),
(1192, 'MAX TAYRON', 'MENDEZ', 'RODRIGUEZ', 'Masculino', '719800620217003', '17005869', '2012-09-06', 118),
(1193, 'NOEMI', 'OLGUIN', 'REJAS', 'Masculino', '409000052018047', '13347219', '2012-09-30', 118),
(1194, 'EDUARD DILAN', 'OTALORA', 'CHOQUE', 'Femenino', '409000052018056', '15409147', '2013-04-24', 118),
(1195, 'JUAN RAMIRO', 'PADILLA', 'ROSAS', 'Masculino', '409000052018053', '12776017', '2012-07-17', 118),
(1196, 'ANDERSON', 'PEDRO', 'HERRERA', 'Femenino', '409000052018029', '13825936', '2011-04-14', 118),
(1197, 'RAFAELA', 'PEREZ', 'ROCA', 'Masculino', '809804682018013', '14095613', '2013-03-19', 118),
(1198, 'MAURICIO JAVIER', 'QUIROZ', 'SOLIZ', 'Masculino', '409000052016016', '15364917', '2011-03-20', 118),
(1199, 'ALEX ANTONIO', 'RIVERA', 'NOZA', 'Femenino', '809804662016087', '15079613', '2011-10-25', 118),
(1200, 'AYLEN MARIA', 'ROCHA', 'AYALA', 'Femenino', '409000052016033', '12873609', '2010-08-06', 118),
(1201, 'ALEJANDRA', 'ROCHA', 'PEÑA', 'Femenino', '409000052016033', '15079922', '2010-12-08', 118),
(1202, 'JHOVANA', 'SALVATIERRA', 'ROJAS', 'Masculino', '409000052018032', '16628486', '2012-11-08', 118),
(1203, 'DEYSI', 'SANGRERI', 'MARCANI', 'Masculino', '409000052018044', '14831262', '2015-05-27', 118),
(1204, 'JHEXON', 'SOLIZ', 'CONDORI', 'Masculino', '409000052018045', '15718356', '2012-11-19', 118),
(1205, 'YASMANI', 'TINTA', 'VARGAS', 'Femenino', '409000052017027', '13478163', '2012-12-05', 118),
(1206, 'CRISTIAN', 'TOLA', 'PILLCO', 'Masculino', '409000052019014', '17256724', '2012-10-31', 118),
(1233, 'MARIA ISABEL', '', 'ESTRADA', 'Masculino', '409000052018016', '16832896', '2013-01-31', 119),
(1234, 'JHON ARLIN', 'ALANOCA', 'LAZO', 'Masculino', '407302632017061', '14884367', '2013-03-22', 119),
(1235, 'JHON ISRAEL', 'BUSTOS', 'MARTINEZ', 'Masculino', '409000032017025', '13588169', '2012-07-08', 119),
(1236, 'FERNANDA LUZ', 'CALDERON', 'LOPEZ', 'Masculino', '409000052019002', '17257113', '2012-04-26', 119),
(1237, 'EVELIZ', 'CATUNTA', 'LAUREANO', 'Femenino', '409000052018031', '16833700', '2012-07-14', 119),
(1238, 'ISAI JOAS', 'CHOQUE', 'ESCOBAR', 'Femenino', '409000052014777', '16219338', '2009-02-27', 119),
(1239, 'BELINDA JARUSI', 'COCA', 'SANDOVAL', 'Masculino', '409000052018017', '15724740', '2013-03-24', 119),
(1240, 'DAVID', 'CONDORI', 'SANCARI', 'Masculino', '409000052018055', '15997302', '2012-12-15', 119),
(1241, 'KIMBERLY CELESTE', 'CORONEL', 'MAMANI', 'Masculino', '408701052017004', '16309764', '2013-03-24', 119),
(1242, 'ISRAEL ISAAC', 'COSSIO', 'VIDAL', 'Femenino', '819805272018050', '16951628', '2012-09-30', 119),
(1243, 'CRISTIAN', 'CUYO', 'TAQUICHIRI', 'Masculino', '814300822017005', '15146051', '2012-09-20', 119),
(1244, 'ARIANA', 'DELGADILLO', 'TRUJILLO', 'Femenino', '608700322017008', '13478165', '2013-01-14', 119),
(1245, 'MICHAEL', 'DIAS', 'VARGAS', 'Masculino', '409000052018019', '13478165', '2013-05-06', 119),
(1246, 'OSMAR LEANDRO', 'FERRUFINO', 'LEDEZMA', 'Femenino', '4090000272017531A', '14603935', '2012-11-14', 119),
(1247, 'MAGDIEL NAYELI', 'FUENTES', 'AJATA', 'Masculino', '409000062017026', '16833082', '2013-01-16', 119),
(1248, 'JOSE ELIO', 'GARCIA', 'FERNANDEZ', 'Masculino', '5090000492017010', '14983126', '2012-03-12', 119),
(1249, 'KEVIN RAMIRO', 'GONZALES', 'SORIA', 'Masculino', '409000042017073', '14193347', '2012-07-28', 119),
(1250, 'GROVER', 'INOCENTE', 'COCA', 'Masculino', '409000052018023', '16235387', '2012-10-22', 119),
(1251, 'BELINDA', 'IQUISE', 'MAMANI', 'Masculino', '409000052019013', '17677586', '2011-12-27', 119),
(1252, 'LUIS FABIAN', 'LIMACHI', 'TACURI', 'Masculino', '409000052018009', '14266313', '2013-06-30', 119),
(1253, 'MATIAS EYBRAJAN', 'MENDEZ', 'QUINTEROS', 'Masculino', '809803202017052', '15689957', '2013-01-18', 119),
(1254, 'RUDY NEYMAR', 'MENECES', 'CARRILLO', 'Masculino', '409000052017057', NULL, '2011-11-26', 119),
(1255, 'YHEYSON', 'NOGALES', 'MORALES', 'Femenino', '409000052018050', '14829288', '2012-12-16', 119),
(1256, 'YERALDINA', 'NOZA', 'MORALES', 'Femenino', '508700082016001', '15164076', '2011-09-16', 119),
(1257, 'SONIA', 'OJEDA', 'VALERIANO', 'Masculino', '814500742017001', '15629179', '2012-07-22', 119),
(1258, 'EMILY KIARA', 'ORELLANA', 'VERA', 'Femenino', '4090000272017040', '15798207', '2012-07-28', 119),
(1259, 'ALEJANDRA', 'PAI', 'CONDORI', 'Femenino', '409000052018012', '13420510', '2013-03-13', 119),
(1260, 'ISAYANA', 'ROJAS', 'ESPINOZA', 'Femenino', '706800562017013', '13960929', '2013-05-12', 119),
(1261, 'JHONATHAN ALEXANDER', 'SALAS', 'AGUILAR', 'Masculino', '409000052018054', '16304271', '2013-02-20', 119),
(1262, 'DANNY JHORDAN', 'SOCOMPI', 'ROCHA', 'Masculino', '409000052018020', '16097294', '2012-11-20', 119),
(1263, 'ARIANA STEFANY', 'TICONA', 'PORCE', 'Femenino', '809804772017025', '15003838', '2012-07-02', 119),
(1264, 'MOISES PERCY', 'VARGAS', 'CARRILLO', 'Masculino', '409000052017055', '16339906', '2011-10-27', 119),
(1265, 'MARIA LUZ', 'VARGAS', 'TOMAS', 'Masculino', '7090007620173564', '16148058', '2012-12-02', 119),
(1266, 'MARY CARMEN', 'VELA', 'BATALLANOS', 'Masculino', '409000042017045', '16048778', '2012-07-07', 119),
(1267, 'JASMIN PILAR', 'VILLARROEL', 'ALMANZA', 'Masculino', '409000052018028', '15697992', '2012-07-11', 119),
(1296, 'ANAHI', '', 'CUSI', 'Femenino', '409000052017064', '15084476', '2011-06-16', 120),
(1297, 'GABRIEL GROVER', '', 'VALVERDE', 'Masculino', '409000052017039', '16715127', '2011-10-08', 120),
(1298, 'ANEIDA', '', 'VILLARROEL', 'Femenino', '409000052017052', '15949030', '2011-09-15', 120),
(1299, 'JHAMIR JOSE', 'ALMANZA', 'HERRERA', 'Masculino', '409001820186407', '16328830', '2011-07-15', 120),
(1300, 'DANA MAGDIEL', 'CABALLERO', 'SILVA', 'Masculino', '406100262016020', '14625335', '2012-03-05', 120),
(1301, 'GABRIEL', 'CALI', 'ESPINOZA', 'Masculino', '409000052017045', '14834602', '2012-06-18', 120),
(1302, 'SOLEDAD', 'CLAROS', 'MARIN', 'Masculino', '409000062016033', '15430411', '2012-01-11', 120),
(1303, 'FABIOLA', 'ESPINOZA', 'RIVAS', 'Masculino', '409000052017011', '14735423', '2012-04-06', 120),
(1304, 'CRISTIAN', 'FATTY', 'TOCO', 'Masculino', '409000052017021', '13067115', '2012-06-17', 120),
(1305, 'GUIDO ALICIO', 'FERRUFINO', 'CASTRO', 'Masculino', '409000052017034', '14268051', '2012-04-24', 120),
(1306, 'ANGELICA BRIGITH', 'FLORES', 'CHURA', 'Femenino', '804802912017003', '15621712', '2011-05-08', 120);
INSERT INTO `estudiantes` (`id_estudiante`, `nombres`, `apellido_paterno`, `apellido_materno`, `genero`, `rude`, `carnet_identidad`, `fecha_nacimiento`, `id_curso`) VALUES
(1307, 'NOELIA', 'FUENTES', 'VALENCIA', 'Masculino', '80890352017006', '17515236', '2011-12-24', 120),
(1308, 'FRANKLIN', 'GUARAYO', 'HUMEREZ', 'Masculino', '409000052017017', '17031913', '2011-12-06', 120),
(1309, 'JHOELMA ESMERALDA', 'JANCO', 'AYALA', 'Masculino', '812302032018002', '15382750', '2011-09-02', 120),
(1310, 'PAOLA', 'LAZO', 'SUXO', 'Masculino', '407302632019562', '15917658', '2009-12-30', 120),
(1311, 'ANAHI PRIMITIVA', 'LLAMPA', 'BORDA', 'Femenino', '609000052017037', '15498086', '2012-05-21', 120),
(1312, 'KEVIN', 'MAMANI', 'IQUISE', 'Masculino', '8123028920152129', '15744470', '2010-12-25', 120),
(1313, 'AIDE', 'MENECES', 'SALVATIERRA', 'Femenino', '409000052017007', '13417900', '2011-07-18', 120),
(1314, 'MARI JHANNINA', 'PAUCARA', 'CAMACHO', 'Masculino', '409000052016029', '16563480', '2012-02-07', 120),
(1315, 'LUIS DANIEL', 'QUISPE', 'MAITA', 'Masculino', '409000042016027', '14421357', '2011-07-25', 120),
(1316, 'ALEJANDRO', 'ROCA', 'MORALES', 'Femenino', '619500652014173', '15160446', '2009-09-22', 120),
(1317, 'JHONATAN', 'TERCEROS', 'CARRASCO', 'Masculino', '409000052014506', '14440891', '2009-06-26', 120),
(1318, 'LUZ RIHANNA', 'VALENCIA', 'CALLE', 'Masculino', '80890082017135', '13590823', '2011-07-13', 120),
(1319, 'BRANDON', 'VARGAS', 'QUISPE', 'Masculino', '409000052017802', '14470348', '2010-11-11', 120),
(1320, 'MARIA BELEN', 'VASQUEZ', 'CARRILLO', 'Masculino', '409000052016034', '14514747', '2010-08-12', 120),
(1321, 'JESUS NOEL', 'VELASCO', 'VILLARROEL', 'Masculino', '4090000272016025', '16780204', '2011-12-25', 120),
(1322, 'ABDIAS', 'ZENTENO', 'CRESPO', 'Femenino', '409000042017012', '15352533', '2012-04-06', 120),
(1323, 'LEYDI', 'ZUÑIGA', 'SOLIZ', 'Masculino', '70780092917049', '14543338', '2011-12-15', 120),
(1324, 'NAHUEL', 'ZURITA', 'RODRIGUEZ', 'Masculino', '80890551201514', '12524771', '2010-11-04', 120),
(1327, 'ARACELY', '', 'ESTRADA', 'Femenino', '409000052017058', '16832654', '2011-10-21', 121),
(1328, 'DANIELA', 'ANGULO', 'QUIROZ', 'Masculino', '409000052017041', '15068307', '2012-06-01', 121),
(1329, 'ADRIAN DEIMAR', 'APAZA', 'CHOQUE', 'Femenino', '809802352016013', '15163007', '2012-02-17', 121),
(1330, 'CAMILA NOHEMI', 'BAYA', 'COPA', 'Masculino', '809800852016007', '14038293', '2012-06-12', 121),
(1331, 'BEYMAR', 'CABRERA', 'MONTECINOS', 'Masculino', '409000052017028', '15665107', '2011-08-26', 121),
(1332, 'ANGELINA ANDREA', 'CACERES', 'JALDIN', 'Femenino', '409000072017030', '15798411', '2012-02-20', 121),
(1333, 'JHANETH MAJHELI', 'CALLEJAS', 'VEIZAGA', 'Masculino', '409000042016048', '1665586', '2011-07-09', 121),
(1334, 'BENJAMIN', 'CHOQUE', 'AGUAYO', 'Masculino', '409000052017036', '15954429', '2011-12-02', 121),
(1335, 'ELIAS JHOEL', 'CORDOVA', 'ALVAREZ', 'Femenino', '409000052017037', '15075044', '2012-05-25', 121),
(1336, 'JUAN DAVID', 'FATTY', 'VELIZ', 'Masculino', '409000052017019', '12491618', '2011-07-03', 121),
(1337, 'GHILMAR', 'FLORES', 'GUTIERREZ', 'Masculino', '809800172017001', '15657764', '2011-07-27', 121),
(1338, 'SOFIA', 'GARCIA', 'TECILLO', 'Masculino', '409000052017047', '16016751', '2011-11-22', 121),
(1339, 'RODRIGO', 'GUTIERREZ', 'HERRERA', 'Masculino', '409000052017026', '15066177', '2012-01-28', 121),
(1340, 'JUANA ROSA', 'INOSENTE', 'CHARACAYO', 'Masculino', '409000052017048', '15081468', '2011-09-29', 121),
(1341, 'REBECA JHANET', 'LAUREANO', 'FATTY', 'Masculino', '409000052017049', '14512173', '2011-05-13', 121),
(1342, 'KATERIN LEYDA', 'LONASCO', 'RUIZ', 'Masculino', '409000052017050', '15317679', '2011-07-12', 121),
(1343, 'ANET', 'LUCIO', 'PANIAGUA', 'Femenino', '409000072015849', '14512173', '2010-05-09', 121),
(1344, 'JHOSELIN', 'MAMANI', 'ORTIZ', 'Masculino', '809800382016015', '14512173', '2011-01-26', 121),
(1345, 'JHOEL', 'NINAVIA', 'REVOLLO', 'Masculino', '409000052017036', '14997601', '2011-10-29', 121),
(1346, 'MARLENE JHANJAIRA', 'NUÑEZ', 'HERBOSO', 'Masculino', '409000052016244', '16265948', '2009-07-25', 121),
(1347, 'JHADIEL JOSTIN', 'PARDO', 'GARCIA', 'Masculino', '409000052017024', '14381683', '2011-08-17', 121),
(1348, 'LUCIANA MASSIEL', 'PERICON', 'COSSIO', 'Masculino', '409000052017056', '13202156', '2012-04-28', 121),
(1349, 'DAIANE', 'QUISPE', 'GARCIA', 'Masculino', '809800182016057', '16205713', '2011-07-30', 121),
(1350, 'JHON', 'REVOLLO', 'CONDORI', 'Masculino', '409000052016405', '14515875', '2011-05-25', 121),
(1351, 'CAMILA', 'SAAVEDRA', 'ROJAS', 'Masculino', '409000052017063', '15718853', '2011-10-29', 121),
(1352, 'MARIBEL', 'SANGRERI', 'TORRES', 'Masculino', '809805172017062', '15708664', '2012-06-11', 121),
(1353, 'CAMILA', 'TOLA', 'PILLCO', 'Masculino', '409000052017008', '15056986', '2012-09-13', 121),
(1354, 'RAUL', 'TORREZ', 'ALEJO', 'Masculino', '409000052017064', '14122669', '2012-05-06', 121),
(1355, 'THIAGO JOAQUIN', 'VARGAS', 'MORALES', 'Masculino', '409000052017048', '17080714', '2012-03-20', 121),
(1356, 'ABNER', 'ZENTENO', 'CRESPO', 'Femenino', '409000042017013', '15352514', '2012-04-06', 121),
(1358, 'MIGUEL ANGEL', 'ACHO', 'VASQUEZ', 'Masculino', '808600752016008', '13840576', '2011-03-30', 122),
(1359, 'IVER', 'ACHU', 'LAZARO', 'Femenino', '409000052014296', '14381612', '2008-11-02', 122),
(1360, 'JHON OLIVER', 'ALVARADO', 'LAUREANO', 'Masculino', '409000052016008', '12623434', '2011-03-17', 122),
(1361, 'ALLISON', 'ANGULO', 'RODRIGUEZ', 'Femenino', '409000052016018', '15224720', '2011-03-10', 122),
(1362, 'MIRIAM', 'BARRETA', 'CRUZ', 'Masculino', '409000052016020', '15068119', '2011-06-21', 122),
(1363, 'ERICK', 'CALIZAYA', 'SALVATIERRA', 'Femenino', '409000052015272A', '16179746', '2009-12-16', 122),
(1364, 'NICOL ALISON', 'CORO', 'TOACA', 'Masculino', '8098045201557', '14695988', '2011-05-10', 122),
(1365, 'NEYMAR ALEXIS', 'CORONEL', 'MAMANI', 'Masculino', '408700922016031', '16309814', '2011-05-18', 122),
(1366, 'DAILIN YACIRA', 'CUSI', 'ARCE', 'Masculino', '4090000620151366', '14783735', '2010-04-07', 122),
(1367, 'CRISTIAN', 'HERRERA', 'OYARDO', 'Masculino', '80610036201422', '11077123', '2010-03-13', 122),
(1368, 'ELVI LIZBETH', 'LAZARO', 'CONDORI', 'Femenino', '409000052016006', '13994922', '2011-06-19', 122),
(1369, 'KAREN', 'LIMA', 'ESPINOZA', 'Masculino', '409000052016014', '15077270', '2011-03-20', 122),
(1370, 'JONAS', 'LIMACHI', 'DELGADILLO', 'Masculino', '409000052017059', '15081998', '2010-11-12', 122),
(1371, 'JHULIANA', 'LIMACHI', 'TACURI', 'Masculino', '409000052016021', '14263614', '2010-09-12', 122),
(1372, 'JHANET', 'MAMANI', 'SANCHEZ', 'Masculino', '409000052016012', '15077030', '2010-08-21', 122),
(1373, 'JOEL', 'MARTINEZ', 'MAMANI', 'Masculino', '409000052016015', '14121532', '2010-08-22', 122),
(1374, 'DAVID', 'MARTINEZ', 'VIZALLA', 'Masculino', '4090000520152825', '15142566', '2009-09-26', 122),
(1375, 'ORIANA', 'MENDEZ', 'RODRIGUEZ', 'Femenino', '719800622016006', '17005929', '2010-07-27', 122),
(1376, 'CARLOS CRISTOBAL', 'MENESES', 'GUTIERREZ', 'Masculino', '409000052015283A', '15075182', '2010-05-05', 122),
(1377, 'DAYANA', 'MERCADO', 'MONTECINOS', 'Masculino', '409000052016013', '14512670', '2010-07-17', 122),
(1378, 'WILMAR', 'MUÑOS', 'DELGADILLO', 'Masculino', '409000052016036', '14512211', '2009-09-16', 122),
(1379, 'KATERIN DIANA', 'REVOLLO', 'VERA', 'Masculino', '409000052016001', '14383772', '2010-08-15', 122),
(1380, 'ELVIS', 'RODRIGUEZ', 'VENEGAS', 'Femenino', '80920009201573', '15919874', '2010-03-08', 122),
(1381, 'JOSUE GERMAIDER', 'ROJAS', 'ROJAS', 'Masculino', '809804012016026', '15530788', '2010-09-13', 122),
(1382, 'CAMILA ESTEFANI', 'SILES', 'MENDOZA', 'Masculino', '409000052015608A', '16262652', '2010-12-02', 122),
(1383, 'JOSE DANIEL', 'VERA', 'ROCHA', 'Masculino', '409000052016043', '12464934', '2011-02-08', 122),
(1384, 'RUDY ANGEL', 'VILLARROEL', 'MAMANI', 'Masculino', '80904812015647', '14971255', '2010-09-22', 122),
(1385, 'EVELYN', 'YAPARI', 'MAMANI', 'Femenino', '409000052016005', '15077081', '2010-09-11', 122),
(1389, 'JHOSELIN', 'ALVAREZ', 'GONZALES', 'Masculino', '4090000520152677', '16367989', '2009-11-27', 123),
(1390, 'ESNAYDER', 'CALICHO', 'ARNEZ', 'Femenino', '8189011120151582', '13302256', '2011-02-17', 123),
(1391, 'AIDEE', 'CARRILLO', 'PADILLA', 'Femenino', '409000052016030', '15077248', '2011-05-29', 123),
(1392, 'JOSUEL', 'CARRILLO', 'PADILLA', 'Masculino', '4090000520152442', '15077082', '2009-08-12', 123),
(1393, 'JHONATAN', 'CATUNTA', 'LAUREANO', 'Masculino', '7118001320152843', '16833675', '2010-03-08', 123),
(1394, 'ERLINDA', 'CHAMACA', 'CRUZ', 'Femenino', '609000592016014', '16181082', '2011-03-09', 123),
(1395, 'IKER', 'CHIPATA', 'CABEZAS', 'Femenino', '409000042016002', '14195508', '2010-03-10', 123),
(1396, 'OSMAR', 'CORDOVA', 'ROJAS', 'Femenino', '4090000920156568', '14759219', '2009-09-20', 123),
(1397, 'ISAIAS FREDDY', 'COSSIO', 'VIDAL', 'Femenino', '8198049820145388', '14011832', '2010-09-14', 123),
(1398, 'JUAN DAVID', 'CUELLAR', 'MAMANI', 'Masculino', '409000052016032', '16214732', '2010-11-04', 123),
(1399, 'DELINA', 'CUYO', 'TAQUICHIRI', 'Masculino', '814300822015297', '15146110', '2011-01-15', 123),
(1400, 'ANALIA', 'ESCOBAR', 'CARRILLO', 'Femenino', '4090000520152639', '14834568', '2010-02-25', 123),
(1401, 'MOISES WILLIAN', 'ESPINOZA', 'CALI', 'Masculino', '409000052016041', '14722147', '2010-09-08', 123),
(1402, 'LEONELA CELINA', 'FERRUFINO', 'MELGAREJO', 'Masculino', '4090000520152772', '15077078', '2010-09-23', 123),
(1403, 'MATILDE', 'FUENTES', 'VALENCIA', 'Masculino', '809800352017011', '15797041', '2010-07-04', 123),
(1404, 'RUSSELL ANDRE', 'GUEVARA', 'CASANOVA', 'Masculino', '4090000242014799', '16639776', '2010-03-20', 123),
(1405, 'JAVIER', 'GUTIERREZ', 'SIACARI', 'Masculino', '6090002420152428', '13260636', '2011-01-20', 123),
(1406, 'HECTOR', 'INOCENTE', 'SOTO', 'Masculino', '4090000720146022', '12403426', '2009-01-30', 123),
(1407, 'AMELIA DAYANA', 'JUYARI', 'NINA', 'Femenino', '811700282015642', '14146628', '2011-05-31', 123),
(1408, 'JHOSTIN FAVIAN', 'MAMANI', 'JALILLITA', 'Masculino', '409000052016044', '12524293', '2010-10-01', 123),
(1409, 'BRITHANNY DAYANA', 'MEDINA', 'GUTIERREZ', 'Masculino', '4090000202152650', '15833211', '2010-11-12', 123),
(1410, 'ELVIS JAMIL', 'MENECES', 'CARRILLO', 'Femenino', '4090000520152366', '17257360', '2009-07-14', 123),
(1411, 'DENIS', 'MOLINA', 'SORIA', 'Masculino', '7090001220151377', NULL, '2010-01-23', 123),
(1412, 'GABRIEL', 'MONTECINOS', 'ROJAS', 'Masculino', '8098007720151583', '14834663', '2010-08-14', 123),
(1413, 'LIZ VANIA', 'ROJAS', 'QUECAÑA', 'Masculino', '409000052017062', '17660027', '2011-01-28', 123),
(1414, 'JUAN JOSE', 'ROTALES', 'SOLIZ', 'Masculino', '809803522015613', '13994972', '2010-11-18', 123),
(1415, 'DANIEL', 'TOLA', 'PILLCO', 'Masculino', '4090000520152916', '15079330', '2011-07-08', 123),
(1416, 'JHEREMY', 'TORRES', 'ROCHA', 'Masculino', '409000052016007', '15079277', '2010-09-23', 123),
(1417, 'ELVIS CRISTIAN', 'TRIVEÑO', 'PADILLA', 'Femenino', '409000052016028', '16059467', '2011-04-10', 123),
(1420, 'JUAN MIGUEL', 'AYAVIRI', 'MICO', 'Masculino', '8148020020141809', '12813126', '2008-08-02', 124),
(1421, 'FERNANDA MICHEL', 'BAYA', 'COPA', 'Masculino', '809800852014381', '14038292', '2009-09-14', 124),
(1422, 'JHON ALVEIRO', 'CABALLERO', 'AGUILAR', 'Masculino', '409000007201511206', '13825108', '2009-08-29', 124),
(1423, 'ALEX', 'CARI CARI', 'MORCO', 'Femenino', '80890067201462', '13227914', '2009-11-16', 124),
(1424, 'NATALY', 'CARRILLO', 'ESPINOZA', 'Masculino', '409000005201525624', '15077348', '2010-06-29', 124),
(1425, 'ALEYDA', 'CASILLA', 'UGARTE', 'Femenino', '809802352015693', '95131516', '2010-05-30', 124),
(1426, 'JOEL', 'CHOQUE', 'AGUAYO', 'Masculino', '40900000520152749', '15079486', '2010-02-04', 124),
(1427, 'NEISA', 'CHOQUE', 'CAYARA', 'Masculino', '8198122102157357', '16990439', '2010-10-06', 124),
(1428, 'YANINA CAMILA', 'CHOQUE', 'CESPEDES', 'Femenino', '60900000520142240', '15476702', '2010-04-28', 124),
(1429, 'KEVIN', 'CLAROS', 'CONDORI', 'Masculino', '409000007201511214', '14834549', '2010-03-06', 124),
(1430, 'LEONEL ANDRE', 'COCA', 'LEDEZMA', 'Masculino', '6089003220142690', '14233573', '2009-09-17', 124),
(1431, 'JOSUE ISAIAS', 'COSSIO', 'VIDAL', 'Masculino', '8198049820143992', '14011775', '2008-08-09', 124),
(1432, 'VICTORIA', 'GARCIA', 'TECILLO', 'Masculino', '4090000052014415', '14834548', '2009-04-27', 124),
(1433, 'VICTOR MANUEL', 'GARCIA', 'VILLARROEL', 'Masculino', '40900000720141246', '15075085', '2009-11-27', 124),
(1434, 'MIGUEL ANGEL', 'GUTIERREZ', 'HERRERA', 'Masculino', '40900000520152586', '15079693', '2009-07-04', 124),
(1435, 'ARON ISRAEL', 'MANTILLA', 'MAMANI', 'Femenino', '809802892014656', '13375162', '2009-11-15', 124),
(1436, 'CAMILA WENDY', 'MERINO', 'PANAMA', 'Masculino', '4090000072014200', '15333284', '2010-04-06', 124),
(1437, 'MARIA RENE', 'PALLA', 'CONDORI', 'Masculino', '8117007270141352', '14146804', '2010-04-05', 124),
(1438, 'HIERKO ALEJANDRO', 'QUELCA', 'CONDORI', 'Masculino', '40900000520152423', '15896802', '2010-03-18', 124),
(1439, 'MAIRA CELESTE', 'QUISPE', 'HINOJOSA', 'Masculino', '40900000520152476', '14357977', '2009-10-10', 124),
(1440, 'JUDITH LIA', 'ROJAS', 'ESPINOZA', 'Masculino', '606800020214354', '13960423', '2009-07-15', 124),
(1441, 'SHEYLA NATALY', 'SALAS', 'AGUILAR', 'Masculino', '40900000520152878', '16304315', '2009-08-05', 124),
(1442, 'BRITANI MELANI', 'SANTA MARIA', 'CONDORI', 'Masculino', '40900000520152882', '10702001', '2009-07-27', 124),
(1443, 'MARIANA', 'SOCOMPI', 'ROCHA', 'Masculino', '4090000052015239A', '15077273', '2010-05-14', 124),
(1444, 'LUZ CLARITA', 'TERCEROS', 'ANTONIO', 'Masculino', '40900000520152901', '15062737', '2011-10-11', 124),
(1445, 'ESTEFANY EVELYN', 'VARGAS', 'QUISPE', 'Femenino', '40900000520172417', '10069125', '2008-11-13', 124),
(1446, 'JUAN FLAVIO', 'VEGA', 'ANCASI', 'Masculino', '40900000520152902', '14582812', '2009-10-23', 124),
(1447, 'LIZBETH', 'ZUÑIGA', 'SOLIZ', 'Masculino', '708700902159167', '14543337', '2009-07-31', 124),
(1451, 'KEVIN IVAN', 'ALACORE', 'CHAMBI', 'Masculino', '409000052014125', '12492908', '2008-12-26', 125),
(1452, 'DANIEL', 'ALANOCA', 'LAZO', 'Masculino', '4073026320141378', '13815871', '2010-01-12', 125),
(1453, 'JHANET', 'ALBA', 'ALMANZA', 'Masculino', '4090000520152662', '15082353', '2009-10-01', 125),
(1454, 'DILAN ANTHONY', 'ALVARADO', 'MARTINEZ', 'Masculino', '8089001520151333', '16718288', '2010-01-09', 125),
(1455, 'JHOSET SILENY', 'CABALLERO', 'SILVA', 'Masculino', '4090000420153772', '14625334', '2009-10-12', 125),
(1456, 'MARLENI', 'CALI', 'ESPINOZA', 'Masculino', '4090000520152715', '14834547', '2010-06-06', 125),
(1457, 'CESAR', 'COLQUE', 'ZEBALLOS', 'Masculino', '8098007200145238', '13378854', '2009-12-20', 125),
(1458, 'JOSE SANDRO', 'GARCIA', 'FERNANDEZ', 'Masculino', '50900004920142998', '15329576', '2009-04-08', 125),
(1459, 'DAVID RONALD', 'HUANACO', 'CASILLA', 'Masculino', '4090000620141490', '17023424', '2008-04-17', 125),
(1460, 'JUAN DE DIOS', 'IRIARTE', 'QUINTEROS', 'Masculino', '4090000420151038', '13225123', '2007-06-08', 125),
(1461, 'NADIENKA ANA', 'LA TORRE', 'MERIDA', 'Masculino', '8123012520141678', '13124609', '2010-05-06', 125),
(1462, 'MARCO DANIEL', 'LAYME', 'NINA', 'Masculino', '6057000420131533', '13797657', '2009-03-30', 125),
(1463, 'JHEYSON', 'LIMA', 'ESPINOZA', 'Masculino', '4090000520141179', '15077265', '2009-02-22', 125),
(1464, 'GABRIELA', 'LIMACHI', 'MAMANI', 'Masculino', '4073026320152889', '16203239', '2010-03-12', 125),
(1465, 'ANGELA ROSARIO', 'MAMANI', 'LAZO', 'Femenino', '4090001220142268', '16747203', '2010-03-14', 125),
(1466, 'HILARIA', 'MAMANI', 'PACO', 'Masculino', '4090000520152810', '15082146', '2009-10-14', 125),
(1467, 'JHULIETH MELANI', 'NUÑEZ', 'FUENTES', 'Masculino', '80902352014612', '12492029', '2010-06-08', 125),
(1468, 'ELMER', 'QUINTEROS', 'CARRILLO', 'Femenino', '4090000520141483', '15035796', '2009-06-09', 125),
(1469, 'ROSARIO', 'QUINTEROS', 'CARRILLO', 'Masculino', '4090000520141478', '15039715', '2009-06-09', 125),
(1470, 'TAIDE DANIELA', 'QUIROGA', 'HINOJOSA', 'Masculino', '4090000272014940', '16643525', '2009-04-30', 125),
(1471, 'MIQUE EDWIN', 'QUISPE', 'HUIRACOCHA', 'Masculino', '4090000520152859', '16091192', '2009-12-22', 125),
(1472, 'FELIX', 'RAMIREZ', 'LEON', 'Masculino', '4090000520152567', '15027734', '2010-03-19', 125),
(1473, 'MAXIMO', 'RAMIREZ', 'LEON', 'Masculino', '4090000520152552', '15027740', '2010-03-19', 125),
(1474, 'ELIAS', 'SANGRERI', 'TORRES', 'Femenino', '809051720154419', '14697816', '2010-04-25', 125),
(1475, 'JHOSSELINE BRITTANY', 'TERRAZAS', 'RIVERA', 'Masculino', '809012020142426', '14581643', '2009-07-23', 125),
(1476, 'ISRAEL', 'TOLA', 'PILLCO', 'Femenino', '4090000520153510', '15079289', '2010-03-15', 125),
(1477, 'ALEJANDRO ULICES', 'VELIZ', 'LEON', 'Femenino', '4090000520152944', '14722299', '2009-11-26', 125),
(1482, 'CARLOS GABRIEL', 'ACHO', 'VASQUEZ', 'Masculino', '8086007520143111', '13840812', '2008-09-01', 126),
(1483, 'KANDY', 'AVILA', 'PADILLA', 'Masculino', '4090000520141303', '16514017', '2008-12-11', 126),
(1484, 'NAILA RUBI', 'AYALA', 'CALLISAYA', 'Masculino', '8123020320133727', '15383984', '2009-02-06', 126),
(1485, 'SEVERO', 'CAISINA', 'SOTO', 'Masculino', '4090000520141448', '14195846', '2009-04-22', 126),
(1486, 'DEYSI', 'CAISINA', 'VILLEZ', 'Masculino', '4090000520141333A', '14440357', '2008-12-22', 126),
(1487, 'DIEGO', 'CARRILLO', 'FLORES', 'Masculino', '4090000520141460', '14722265', '2009-04-27', 126),
(1488, 'LUIS MARIO', 'CHAMACA', 'CRUZ', 'Masculino', '6090005920145772', '14263002', '2009-04-24', 126),
(1489, 'ARIEL MARIO', 'CHIRI', 'TOLA', 'Femenino', '4090000520141345', '14234490', '2008-08-03', 126),
(1490, 'DAVID', 'COCA', 'CALLAHUARA', 'Masculino', '4090000520149A', '14235534', '2008-12-28', 126),
(1491, 'ANABEL', 'COCA', 'SANDOVAL', 'Femenino', '4090000520141000', '14447810', '2009-02-18', 126),
(1492, 'CHAIR JHILMER', 'COTARI', 'JIMENEZ', 'Masculino', '4090000520142552', '14834467', '2007-05-31', 126),
(1493, 'CESAR', 'ESPINOZA', 'CALI', 'Masculino', '4090000520141371', '14722048', '2008-10-21', 126),
(1494, 'LAVINIA', 'FLORES', 'GUTIERREZ', 'Masculino', '7147000220153357', '14541136', '2009-03-31', 126),
(1495, 'JAVIER', 'GARCIA', 'ESCOBAR', 'Masculino', '8098003220145572', '9624317', '2008-08-29', 126),
(1496, 'LUIS ANGEL', 'HEREDIA', 'MOLINA', 'Masculino', '8098001920143369', '13893704', '2008-05-19', 126),
(1497, 'JAZMIN', 'INOCENTE', 'TOAQUE', 'Masculino', '4090000520141440', '14447505', '2009-03-19', 126),
(1498, 'WENS ABNER', 'JIMENEZ', 'SOLIZ', 'Masculino', '4090001220144408', '12968825', '2008-11-26', 126),
(1499, 'JUAN JHOEL', 'LIMACHI', 'TACURI', 'Masculino', '4090000520141484', '14263612', '2008-09-30', 126),
(1500, 'ZENAIDA', 'MAMANI', 'ORTIZ', 'Masculino', '8098003820141611', '13944702', '2008-12-11', 126),
(1501, 'LEONARDO DAVID', 'MENESES', 'GUTIERREZ', 'Masculino', '4090000520126555', '14835418', '2008-08-09', 126),
(1502, 'JHON SAUL', 'MORALES', 'ROCHA', 'Masculino', '4090000520136314', '14512896', '2008-03-30', 126),
(1503, 'AYDE', 'OLGUIN', 'REJAS', 'Femenino', '4090000520142333', '12713133', '2009-03-01', 126),
(1504, 'ESTRELLA ELEONOR', 'OROPEZA', 'GERONIMO', 'Femenino', '4090000272014438', '13894459', '2008-09-17', 126),
(1505, 'HERNAN ALEJANDRO', 'OTALORA', 'GUTIERREZ', 'Masculino', '4090000520141344', '14394710', '2007-12-27', 126),
(1506, 'DIANA GABRIELA', 'PEREZ', 'SALAZAR', 'Masculino', '4090000520227005', '9508180', '2009-03-16', 126),
(1507, 'GROBER', 'PINEDO', 'ROCHA', 'Masculino', '70930004201368', '13824898', '2006-11-09', 126),
(1508, 'SUSAN', 'QUISPE', 'AGUILAR', 'Masculino', '409000270146242', '13235942', '2008-03-30', 126),
(1509, 'SANTIAGO ISRAEL', 'REVOLLO', 'MONTAÑO', 'Masculino', '4090000420138438A', '12524763', '2008-09-17', 126),
(1510, 'LETICIA', 'VARGAS', 'CONDORI', 'Masculino', '4090000520137439', '15099743', '2007-12-03', 126),
(1511, 'INES', 'VARGAS', 'TOMAS', 'Femenino', '4090000520137465', '16148095', '2007-07-27', 126),
(1512, 'JHESON', 'VELIZ', 'MENESES', 'Masculino', '4090000520141264', '15077099', '2008-05-21', 126),
(1513, 'YOSELIN LUCERO', 'VERA', 'CHOQUE', 'Femenino', '4090000520142575', '9429739', '2009-03-20', 126),
(1545, 'JOEL', 'ALVAREZ', 'MAMANI', 'Masculino', '6090000352018124', '13096832', '2008-03-26', 127),
(1546, 'MADAY DANIA', 'BUSTAMANTE', 'VELIZ', 'Masculino', '4090000520141431', '13379027', '2009-03-08', 127),
(1547, 'NILTON', 'CABRERA', 'MONTECINOS', 'Masculino', '409000052014324', '15078636', '2008-12-25', 127),
(1548, 'JHOAN ANDY', 'CHOQUE', 'CESPEDES', 'Masculino', '60900005201324', '9392757', '2008-07-18', 127),
(1549, 'NOEL DAVID', 'CHOQUE', 'CHIRI', 'Masculino', '409000052014350', '14843595', '2009-03-23', 127),
(1550, 'MAYCOL', 'CRESPO', 'HERRERA', 'Masculino', '409000052014366', '15077035', '2009-02-04', 127),
(1551, 'ELIZABETH', 'FATTY', 'LAUREANO', 'Femenino', '409000052014387', '14886028', '2009-03-14', 127),
(1552, 'NOELIA', 'FERREL', 'QUIROZ', 'Masculino', '409000052014121', '15962994', '2008-08-19', 127),
(1553, 'JESSICA', 'FLORES', 'GARCIA', 'Masculino', '409000182013825', '14328258', '2008-03-24', 127),
(1554, 'RONALD', 'FLORES', 'NINA', 'Masculino', '809800462014310', '13718083', '2007-09-25', 127),
(1555, 'ABEL', 'FUENTES', 'VALENCIA', 'Femenino', '8089003520132722', '14070848', '2006-09-08', 127),
(1556, 'CARLOS JHOAN', 'GALARZA', 'ESCOBAR', 'Masculino', '40900005201440A', '17118778', '2008-08-07', 127),
(1557, 'ALEX ANGEL', 'GUZMAN', 'POMA', 'Femenino', '4098000232012718', '13066204', '2008-04-18', 127),
(1558, 'ELIANA', 'INOCENTE', 'COCA', 'Femenino', '409000052014163', '14123161', '2008-08-03', 127),
(1559, 'ROSMERY', 'INOCENTE', 'CUISARA', 'Masculino', '409000052014158', '14783882', '2008-05-20', 127),
(1560, 'FABIOLA', 'IQUISE', 'MAMANI', 'Masculino', '812300162013135', '7405016', '2008-05-16', 127),
(1561, 'CARMEN', 'MAMANI', 'FLORES', 'Masculino', '40900005201419A', '9474975', '2008-07-23', 127),
(1562, 'CINTHIA', 'MAMANI', 'SANCHEZ', 'Masculino', '409000052014207', '14852812', '2008-04-22', 127),
(1563, 'ANABEL', 'QUISPE', 'GARCIA', 'Femenino', '407304562014482A', '9733126', '2009-02-10', 127),
(1564, 'ANA SOLEDAD', 'ROTALES', 'SOLIZ', 'Femenino', '809803522013580', '13999471', '2008-09-23', 127),
(1565, 'ALISON BRITANNY', 'SALAS', 'AGUILAR', 'Femenino', '409000052014249', '16304257', '2008-07-16', 127),
(1566, 'SOLEDAD', 'TECILLO', 'VALERIANO', 'Masculino', '8123027520135888', '15698852', '2009-01-16', 127),
(1567, 'JUAN DAVID', 'TERCEROS', 'CARRASCO', 'Masculino', '4090000520161142', '14447003', '2006-05-13', 127),
(1568, 'YARA ARLETH', 'TICONA', 'PORCE', 'Femenino', '809803120141023', '10817646', '2009-05-13', 127),
(1569, 'LEONARDO FABIO', 'VELIZ', 'ROCHA', 'Masculino', '409000062013482', '14446592', '2009-03-14', 127),
(1570, 'NEYDA AMELY', 'VERA', 'TARIFA', 'Masculino', '409000042013362', '15077026', '2008-08-04', 127),
(1571, 'AMILCAR', 'VILLARROEL', 'ALMANZA', 'Femenino', '409000052014548', '9457972', '2008-10-08', 127),
(1576, 'JHOSMAR WILLIAM', NULL, 'ROCHA', 'Masculino', '409000052011506A', '15081303', '2006-04-10', 128),
(1577, 'LUCIANA', NULL, 'SANCARI', 'Masculino', '809805152013251', '13719429', '2007-12-01', 128),
(1578, 'MIGUEL ANGEL', 'ALANOCA', 'LAZO', 'Masculino', '407301972012634', '13872297', '2007-10-19', 128),
(1579, 'MAYTE', 'ALBA', 'ALMANZA', 'Masculino', '4090000520136170', '14834693', '2007-10-30', 128),
(1580, 'JESUS MIGUEL', 'ALVAREZ', 'GONZALES', 'Masculino', '4090000520136405', '14514778', '2007-07-29', 128),
(1581, 'RODRIGO', 'ALVAREZ', 'RODRIGUEZ', 'Masculino', '80961002001280', '13745414', '2007-10-23', 128),
(1582, 'JHONATAN', 'APAZA', 'MAMANI', 'Masculino', '4090000520125837', '14264161', '2006-08-16', 128),
(1583, 'BRANDON', 'CALIZAYA', 'SALVATIERRA', 'Masculino', '4090000520136439', '16179731', '2007-12-12', 128),
(1584, 'JUAN JOSE', 'CARI CARI', 'MORCO', 'Masculino', '808900672013633', '13228591', '2008-05-29', 128),
(1585, 'LUIS FERNANDO', 'FERNANDEZ', 'REVOLLO', 'Masculino', '4090000520136458', '14058472', '2008-02-13', 128),
(1586, 'JHOSELIN', 'GARCIA', 'FERNANDEZ', 'Masculino', '5090004920125791', '15329995', '2006-07-26', 128),
(1587, 'JUAN MATEO', 'HUARA', 'ANTEZANA', 'Masculino', '4090000520136462', '16911875', '2008-02-22', 128),
(1588, 'DAVID', 'INOSENTE', 'CHARACAYO', 'Masculino', '71420044201218', '13931034', '2008-06-15', 128),
(1589, 'RODRIGO', 'INOSENTE', 'SALVATIERRA', 'Masculino', '4090000520136257', '13418709', '2007-09-10', 128),
(1590, 'FERNANDO', 'LOAYZA', 'CHAMBILLA', 'Masculino', '4090000520136481', '15086192', '2008-03-30', 128),
(1591, 'EMA', 'LOPEZ', 'ROCHA', 'Femenino', '4090000520136496', '14447148', '2008-03-04', 128),
(1592, 'KEVIN JHONATAN', 'MAMANI', 'LAZO', 'Masculino', '409000122013113A', '14859949', '2007-11-30', 128),
(1593, 'ALAIN SAUL', 'MORALES', 'PEÑA', 'Femenino', '409000052013652A', '15079669', '2008-06-03', 128),
(1594, 'CALOYERO DUSTAN', 'PEÑA', 'CORRALES', 'Masculino', '809801720114791', '13719440', '2006-09-18', 128),
(1595, 'CRISTIAN ENRIQUE', 'ROCHA', 'PEÑA', 'Masculino', '4090000520136553', '13380322', '2008-06-15', 128),
(1596, 'SHEYLA', 'RODRIGUEZ', 'INCA', 'Masculino', '8098008520122232', '15482604', '2007-01-23', 128),
(1597, 'THIAGO ROBINHO', 'TERRAZAS', 'RIVERA', 'Masculino', '809810220112131', '14581851', '2008-02-15', 128),
(1598, 'CARLA', 'VIZALLA', 'PUMA', 'Masculino', '4090000520136587', '12490435', '2007-09-09', 128),
(1607, 'JOSUE', 'ARCE', 'CAMPOS', 'Masculino', '80890062021377', '12555510', '2007-09-05', 129),
(1608, 'FREDDY', 'BARRETA', 'CRUZ', 'Masculino', '4090000520136204', '15068097', '2007-11-22', 129),
(1609, 'MARIA PAOLA', 'BLANCO', 'ALEJO', 'Masculino', '40900002120122909', '14699330', '2007-04-28', 129),
(1610, 'MARIBEL', 'CABEZAS', 'COCHI', 'Masculino', '409000052013641A', '16964006', '2007-04-28', 129),
(1611, 'CARMEN', 'CATUNTA', 'LAUREANO', 'Masculino', '711800132012446', '14669153', '2005-09-04', 129),
(1612, 'DANIEL', 'CORDOVA', 'ALVAREZ', 'Masculino', '4090000520136443', '15074928', '2008-01-09', 129),
(1613, 'ARIANA JHASMIN', 'FUENTES', 'AJATA', 'Femenino', '8098023520131207', '14834069', '2007-07-17', 129),
(1614, 'GUSTAVO', 'IQUISE', 'MAMANI', 'Masculino', '812300162013177', '7405017', '2006-06-09', 129),
(1615, 'ALEYDA', 'LAUREANO', 'CONDORI', 'Femenino', '4090000520136261', '12718407', '2008-01-25', 129),
(1616, 'ALEX', 'MAMANI', 'CRUZ', 'Femenino', '4090000520121111', '14235109', '2006-09-06', 129),
(1617, 'CRISTIAN WALDO', 'MAMANI', 'GRAGEDA', 'Masculino', '4090000520136500', '15079329', '2007-08-13', 129),
(1618, 'ALICIA GABRIEL', 'MAMANI', 'LAURA', 'Femenino', '4090000520136295', '8830896', '2008-01-22', 129),
(1619, 'HUMBERTO', 'MAMANI', 'ORTIZ', 'Masculino', '809000382012461', '13587297', '2007-06-02', 129),
(1620, 'HEYDI', 'MAMANI', 'QUENTA', 'Masculino', '8098049420114827', '9516221', '2005-10-16', 129),
(1621, 'JHENY', 'MENESES', 'PEÑA', 'Masculino', '4090000520146106', '14735089', '2008-04-25', 129),
(1622, 'AMELIA BELINDA', 'PEREZ', 'SALAZAR', 'Femenino', '4090000520227900', '9507487', '2007-04-06', 129),
(1623, 'LEONARDO SERGIO', 'PIMIENTA', 'ZAPATA', 'Masculino', '4090000520136329', '12971455', '2008-02-13', 129),
(1624, 'DAVID', 'REVOLLO', 'CONDORI', 'Masculino', '4090000520136333', '14447752', '2008-03-31', 129),
(1625, 'ALEX', 'ROJAS', 'ARUQUIPA', 'Femenino', '4090000520136348', '14235114', '2008-01-02', 129),
(1626, 'RUBEN', 'ROJAS', 'RIOJA', 'Masculino', '40900005201116032', '15470470', '2005-11-04', 129),
(1627, 'RONAL', 'SANGRERI', 'TORRES', 'Masculino', '8098051720133991', '14697646', '2007-11-22', 129),
(1628, 'DARLIN', 'SOCOMPI', 'ROCHA', 'Masculino', '4090000520136367', '14513665', '2007-09-20', 129),
(1629, 'CINTHIA PRISCILA', 'VILLARROEL', 'ALMANZA', 'Masculino', '4090000520136386', '9457970', '2007-07-23', 129);

-- --------------------------------------------------------

--
-- Estructura de tabla para la tabla `materias`
--

CREATE TABLE `materias` (
  `id_materia` int(11) NOT NULL,
  `nombre_materia` varchar(255) NOT NULL COMMENT 'Nombre de la materia, ej: Matemáticas, Física',
  `es_submateria` tinyint(1) DEFAULT 0,
  `materia_padre_id` int(11) DEFAULT NULL,
  `es_extra` tinyint(1) NOT NULL DEFAULT 0
) ENGINE=InnoDB DEFAULT CHARSET=utf8mb4 COLLATE=utf8mb4_general_ci;

--
-- Volcado de datos para la tabla `materias`
--

INSERT INTO `materias` (`id_materia`, `nombre_materia`, `es_submateria`, `materia_padre_id`, `es_extra`) VALUES
(809, 'COMUNIDAD Y SOCIEDAD', 0, NULL, 0),
(810, 'CIENCIA TECNOLOGIA Y PRODUCCION', 0, NULL, 0),
(811, 'VIDA TIERRA Y TERRITORIO', 0, NULL, 0),
(812, 'COSMOS Y PENSAMIENTO', 0, NULL, 0),
(813, 'LENGUAJE', 0, NULL, 0),
(814, 'CIENCIAS SOCIALES', 0, NULL, 0),
(815, 'EDUCACION FISICA Y DEPORTES', 0, NULL, 0),
(816, 'EDUCACION MUSICA', 0, NULL, 0),
(817, 'ARTES PLASTICAS', 0, NULL, 0),
(818, 'MATEMATICAS', 0, NULL, 0),
(819, 'TECNICA TECNOLOGIA', 0, NULL, 0),
(820, 'CIENCIAS NATURALES', 0, NULL, 0),
(821, 'VALORES ESPIRITUALIDAD Y RELIGIONES', 0, NULL, 0),
(822, 'LENGUAJE', 0, NULL, 0),
(823, 'LENGUA EXTRANGERA', 0, NULL, 0),
(824, 'CIENCIAS SOCIALES', 0, NULL, 0),
(825, 'EDUCACION FISICA Y DEPORTES', 0, NULL, 0),
(826, 'EDUCACION MUSICA', 0, NULL, 0),
(827, 'ARTES PLASTICAS', 0, NULL, 0),
(828, 'MATEMATICAS', 0, NULL, 0),
(829, 'TECNICA TECNOLOGIA GENERAL', 0, NULL, 0),
(830, 'CIENCIAS NATURALES BIOLOGIA GEOGRAFIA', 0, NULL, 0),
(831, 'COSMOVISIONES, FILOSOFIA Y SICOLOGIA', 0, NULL, 0),
(832, 'VALORES ESPIRITUALIDAD Y RELIGIONES', 0, NULL, 0),
(833, 'LENGUAJE', 0, NULL, 0),
(834, 'LENGUA EXTRANGERA', 0, NULL, 0),
(835, 'CIENCIAS SOCIALES', 0, NULL, 0),
(836, 'EDUCACION FISICA Y DEPORTES', 0, NULL, 0),
(837, 'EDUCACION MUSICA', 0, NULL, 0),
(838, 'ARTES PLASTICAS', 0, NULL, 0),
(839, 'MATEMATICAS', 0, NULL, 0),
(840, 'TECNICA TECNOLOGIA GENERAL', 0, NULL, 0),
(841, 'CIENCIAS NATURALES BIOLOGIA GEOGRAFIA', 0, NULL, 0),
(842, 'COSMOVISIONES, FILOSOFIA Y SICOLOGIA', 0, NULL, 0),
(843, 'VALORES ESPIRITUALIDAD Y RELIGIONES', 0, NULL, 0),
(844, 'CIENCIAS NATURALES', 1, 841, 0),
(845, 'FISICA', 1, 841, 0),
(846, 'QUIMICA', 1, 841, 0),
(847, 'CIENCIAS NATURALES', 1, 841, 0),
(848, 'FISICA', 1, 841, 0),
(849, 'QUIMICA', 1, 841, 0),
(850, 'LENGUA EXTRANGERA', 0, NULL, 0),
(851, 'CIENCIAS SOCIALES', 0, NULL, 0),
(852, 'EDUCACION FISICA Y DEPORTES', 0, NULL, 0),
(853, 'EDUCACION MUSICA', 0, NULL, 0),
(854, 'ARTES PLASTICAS', 0, NULL, 0),
(855, 'MATEMATICAS', 0, NULL, 0),
(856, 'TECNICA TECNOLOGIA GENERAL', 0, NULL, 0),
(857, 'CIENCIAS NATURALES BIOLOGIA GEOGRAFIA', 0, NULL, 0),
(858, 'COSMOVISIONES, FILOSOFIA Y SICOLOGIA', 0, NULL, 0),
(859, 'VALORES ESPIRITUALIDAD Y RELIGIONES', 0, NULL, 0),
(860, 'CONTABILIDAD', 0, NULL, 1),
(861, 'TRANSFORMACION DE ALIMENTOS', 0, NULL, 1),
(862, 'CIENCIAS NATURALES', 1, 857, 0),
(863, 'FISICA', 1, 857, 0),
(864, 'QUIMICA', 1, 857, 0),
(865, 'LENGUAJE', 0, NULL, 0),
(866, 'LENGUAJE', 0, NULL, 0),
(867, 'LENGUA EXTRANJERA', 0, NULL, 0),
(868, 'CIENCIAS SOCIALES', 0, NULL, 0),
(869, 'EDUCACION FISICA Y DEPORTES', 0, NULL, 0),
(870, 'EDUCACION MUSICA', 0, NULL, 0),
(871, 'ARTES PLASTICAS', 0, NULL, 0),
(872, 'MATEMATICAS', 0, NULL, 0),
(873, 'TECNICA TECNOLOGIA GENERAL', 0, NULL, 0),
(874, 'CONTABILIDAD', 0, NULL, 1),
(875, 'TRANSFORMACION DE ALIMENTOS', 0, NULL, 1),
(876, 'CIENCIAS NATURALES BIOLOGIA GEOGRAFIA', 0, NULL, 0),
(877, 'FISICA', 0, NULL, 0),
(878, 'QUIMICA', 0, NULL, 0),
(879, 'COSMOVISIONES, FILOSOFIA Y SICOLOGIA', 0, NULL, 0),
(880, 'VALORES ESPIRITUALIDAD Y RELIGIONES', 0, NULL, 0),
(881, 'LENGUAJE', 0, NULL, 0),
(882, 'LENGUA EXTRANJERA', 0, NULL, 0),
(883, 'CIENCIAS SOCIALES', 0, NULL, 0),
(884, 'EDUCACION FISICA Y DEPORTES', 0, NULL, 0),
(885, 'EDUCACION MUSICA', 0, NULL, 0),
(886, 'ARTES PLASTICAS', 0, NULL, 0),
(887, 'MATEMATICAS', 0, NULL, 0),
(888, 'TECNICA TECNOLOGIA ESPECIALIZADA-CONTABILIDAD', 0, NULL, 0),
(889, 'CIENCIAS NATURALES BIOLOGIA GEOGRAFIA', 0, NULL, 0),
(890, 'FISICA', 0, NULL, 0),
(891, 'QUIMICA', 0, NULL, 0),
(892, 'COSMOVISIONES, FILOSOFIA Y SICOLOGIA', 0, NULL, 0),
(893, 'VALORES ESPIRITUALIDAD Y RELIGIONES', 0, NULL, 0),
(894, 'LENGUAJE', 0, NULL, 0),
(895, 'LENGUA EXTRANJERA', 0, NULL, 0),
(896, 'CIENCIAS SOCIALES', 0, NULL, 0),
(897, 'EDUCACION FISICA Y DEPORTES', 0, NULL, 0),
(898, 'EDUCACION MUSICA', 0, NULL, 0),
(899, 'ARTES PLASTICAS', 0, NULL, 0),
(900, 'MATEMATICAS', 0, NULL, 0),
(901, 'TECNICA TECNOLOGIA ESPECIALIZADA-TRANSFORMACION DE ALIMENTOS', 0, NULL, 0),
(902, 'CIENCIAS NATURALES BIOLOGIA GEOGRAFIA', 0, NULL, 0),
(903, 'FISICA', 0, NULL, 0),
(904, 'QUIMICA', 0, NULL, 0),
(905, 'COSMOVISIONES, FILOSOFIA Y SICOLOGIA', 0, NULL, 0),
(906, 'VALORES ESPIRITUALIDAD Y RELIGIONES', 0, NULL, 0),
(907, 'LENGUAJE', 0, NULL, 0),
(908, 'LENGUA EXTRANJERA', 0, NULL, 0),
(909, 'CIENCIAS SOCIALES', 0, NULL, 0),
(910, 'EDUCACION FISICA Y DEPORTES', 0, NULL, 0),
(911, 'EDUCACION MUSICA', 0, NULL, 0),
(912, 'ARTES PLASTICAS', 0, NULL, 0),
(913, 'MATEMATICAS', 0, NULL, 0),
(914, 'TECNICA TECNOLOGIA ESPECIALIZADA-TRANSFORMACION DE ALIMENTOS', 0, NULL, 0),
(915, 'CIENCIAS NATURALES BIOLOGIA GEOGRAFIA', 0, NULL, 0),
(916, 'FISICA', 0, NULL, 0),
(917, 'QUIMICA', 0, NULL, 0),
(918, 'COSMOVISIONES, FILOSOFIA Y SICOLOGIA', 0, NULL, 0),
(919, 'VALORES ESPIRITUALIDAD Y RELIGIONES', 0, NULL, 0),
(920, 'HISTORIA', 1, 909, 0),
(921, 'GEOGRAFIA', 1, 909, 0),
(922, 'LENGUAJE', 0, NULL, 0),
(923, 'LENGUA EXTRANJERA', 0, NULL, 0),
(924, 'CIENCIAS SOCIALES', 0, NULL, 0),
(925, 'EDUCACION FISICA Y DEPORTES', 0, NULL, 0),
(926, 'EDUCACION MUSICA', 0, NULL, 0),
(927, 'ARTES PLASTICAS', 0, NULL, 0),
(928, 'MATEMATICAS', 0, NULL, 0),
(929, 'TECNICA TECNOLOGIA ESPECIALIZADA-CONTABILIDAD', 0, NULL, 0),
(930, 'CIENCIAS NATURALES BIOLOGIA GEOGRAFIA', 0, NULL, 0),
(931, 'FISICA', 0, NULL, 0),
(932, 'QUIMICA', 0, NULL, 0),
(933, 'COSMOVISIONES, FILOSOFIA Y SICOLOGIA', 0, NULL, 0),
(934, 'VALORES ESPIRITUALIDAD Y RELIGIONES', 0, NULL, 0),
(935, 'HISTORIA', 1, 924, 0),
(936, 'GEOGRAFIA', 1, 924, 0),
(937, 'LENGUAJE', 0, NULL, 0),
(938, 'LENGUA EXTRANJERA', 0, NULL, 0),
(939, 'CIENCIAS SOCIALES', 0, NULL, 0),
(940, 'EDUCACION FISICA Y DEPORTES', 0, NULL, 0),
(941, 'EDUCACION MUSICA', 0, NULL, 0),
(942, 'ARTES PLASTICAS', 0, NULL, 0),
(943, 'MATEMATICAS', 0, NULL, 0),
(944, 'TECNICA TECNOLOGIA ESPECIALIZADA-TRANSFORMACION DE ALIMENTOS', 0, NULL, 0),
(945, 'CIENCIAS NATURALES BIOLOGIA GEOGRAFIA', 0, NULL, 0),
(946, 'FISICA', 0, NULL, 0),
(947, 'QUIMICA', 0, NULL, 0),
(948, 'COSMOVISIONES, FILOSOFIA Y SICOLOGIA', 0, NULL, 0),
(949, 'VALORES ESPIRITUALIDAD Y RELIGIONES', 0, NULL, 0),
(950, 'HISTORIA', 1, 939, 0),
(951, 'GEOGRAFIA', 1, 939, 0),
(952, 'LENGUAJE', 0, NULL, 0),
(953, 'LENGUA EXTRANJERA', 0, NULL, 0),
(954, 'CIENCIAS SOCIALES', 0, NULL, 0),
(955, 'EDUCACION FISICA Y DEPORTES', 0, NULL, 0),
(956, 'EDUCACION MUSICA', 0, NULL, 0),
(957, 'ARTES PLASTICAS', 0, NULL, 0),
(958, 'MATEMATICAS', 0, NULL, 0),
(959, 'TECNICA TECNOLOGIA ESPECIALIZADA-CONTABILIDAD', 0, NULL, 0),
(960, 'CIENCIAS NATURALES BIOLOGIA GEOGRAFIA', 0, NULL, 0),
(961, 'FISICA', 0, NULL, 0),
(962, 'QUIMICA', 0, NULL, 0),
(963, 'COSMOVISIONES, FILOSOFIA Y SICOLOGIA', 0, NULL, 0),
(964, 'VALORES ESPIRITUALIDAD Y RELIGIONES', 0, NULL, 0),
(965, 'HISTORIA', 1, 954, 0),
(966, 'GEOGRAFIA', 1, 954, 0);

-- --------------------------------------------------------

--
-- Estructura de tabla para la tabla `personal`
--

CREATE TABLE `personal` (
  `id_personal` int(11) NOT NULL,
  `nombres` varchar(255) NOT NULL,
  `apellidos` varchar(255) NOT NULL,
  `celular` varchar(20) DEFAULT NULL COMMENT 'Ej: Número de contacto del usuario',
  `carnet_identidad` varchar(20) NOT NULL,
  `id_rol` int(11) NOT NULL COMMENT 'FK a roles',
  `password` varchar(255) NOT NULL
) ENGINE=InnoDB DEFAULT CHARSET=utf8mb4 COLLATE=utf8mb4_general_ci;

--
-- Volcado de datos para la tabla `personal`
--

INSERT INTO `personal` (`id_personal`, `nombres`, `apellidos`, `celular`, `carnet_identidad`, `id_rol`, `password`) VALUES
(1, 'Juan', 'Pérez', '789456123', '1234567', 1, '$2y$10$C88jhml0/lcEWvwpaSsSl.tBSEc.Gsa0y8Dw4f1ZbigfeYBEKX68i'),
(703, 'CLAUDIA ROMINA', 'ACHA AUCA', '76960279', '700844', 2, '$2y$10$C88jhml0/lcEWvwpaSsSl.tBSEc.Gsa0y8Dw4f1ZbigfeYBEKX68i'),
(704, 'GABY EUGENIA', 'ARISPE GONZALES', '71711440', '3773503', 2, '$2y$10$C88jhml0/lcEWvwpaSsSl.tBSEc.Gsa0y8Dw4f1ZbigfeYBEKX68i'),
(705, 'NATIVIDAD MILENKA', 'AYALA PACHECO', '71443440', '6405399', 2, '$2y$10$C88jhml0/lcEWvwpaSsSl.tBSEc.Gsa0y8Dw4f1ZbigfeYBEKX68i'),
(706, 'SUSI SOLEDAD', 'CALLE CALLE', '67682116', '5284717', 2, '$2y$10$C88jhml0/lcEWvwpaSsSl.tBSEc.Gsa0y8Dw4f1ZbigfeYBEKX68i'),
(707, 'JUAN', 'CARO COCA', '65343738', '661005', 2, '$2y$10$C88jhml0/lcEWvwpaSsSl.tBSEc.Gsa0y8Dw4f1ZbigfeYBEKX68i'),
(708, 'JOSÉ NICANOR', 'CESPEDES PATICU', NULL, '2222222', 2, '$2y$10$C88jhml0/lcEWvwpaSsSl.tBSEc.Gsa0y8Dw4f1ZbigfeYBEKX68i'),
(709, 'RITA', 'CESPEDES JAIMES', '77976614', '6508642', 2, '$2y$10$C88jhml0/lcEWvwpaSsSl.tBSEc.Gsa0y8Dw4f1ZbigfeYBEKX68i'),
(710, 'LORENZO', 'CHONONO MOCORO', '67512155', '1738638', 2, '$2y$10$C88jhml0/lcEWvwpaSsSl.tBSEc.Gsa0y8Dw4f1ZbigfeYBEKX68i'),
(711, 'JUAN CARLOS', 'ECHEVERRIA CLAURE', NULL, '3794225', 2, '$2y$10$C88jhml0/lcEWvwpaSsSl.tBSEc.Gsa0y8Dw4f1ZbigfeYBEKX68i'),
(712, 'CECILIA', 'ENCINAS BUSTAMANTE', '69468979', '3771879', 2, '$2y$10$C88jhml0/lcEWvwpaSsSl.tBSEc.Gsa0y8Dw4f1ZbigfeYBEKX68i'),
(713, 'AMANDA LUZ', 'ESPINOZA MONTAÑO', '72775025', '3333333', 2, '$2y$10$C88jhml0/lcEWvwpaSsSl.tBSEc.Gsa0y8Dw4f1ZbigfeYBEKX68i'),
(714, 'JUSTA', 'GARCIA PEÑARRIETA', '77424540', '987868', 2, '$2y$10$C88jhml0/lcEWvwpaSsSl.tBSEc.Gsa0y8Dw4f1ZbigfeYBEKX68i'),
(715, 'MARIA TERESA', 'GOYTIA SERRANO', '77491158', '3089987', 2, '$2y$10$C88jhml0/lcEWvwpaSsSl.tBSEc.Gsa0y8Dw4f1ZbigfeYBEKX68i'),
(716, 'JOSE LUIS', 'GRANADO VALVERDE', '70370328', '3569867', 2, '$2y$10$C88jhml0/lcEWvwpaSsSl.tBSEc.Gsa0y8Dw4f1ZbigfeYBEKX68i'),
(717, 'DAYANA', 'GUTIERREZ VIRREYRA', NULL, '5746100', 2, '$2y$10$C88jhml0/lcEWvwpaSsSl.tBSEc.Gsa0y8Dw4f1ZbigfeYBEKX68i'),
(718, 'NORKA VILMA', 'MALDONADO ROCHA', '79796319', '3078015', 2, '$2y$10$C88jhml0/lcEWvwpaSsSl.tBSEc.Gsa0y8Dw4f1ZbigfeYBEKX68i'),
(719, 'SILVIA EUGENIA', 'MAMANI HUARACHI', '74300367', '7964434', 2, '$2y$10$C88jhml0/lcEWvwpaSsSl.tBSEc.Gsa0y8Dw4f1ZbigfeYBEKX68i'),
(720, 'ESTHER', 'MAMANI QUISPE', '72769455', '4472153', 2, '$2y$10$C88jhml0/lcEWvwpaSsSl.tBSEc.Gsa0y8Dw4f1ZbigfeYBEKX68i'),
(721, 'YERSON', 'MENDOZA REA', '74357351', '8718840', 2, '$2y$10$C88jhml0/lcEWvwpaSsSl.tBSEc.Gsa0y8Dw4f1ZbigfeYBEKX68i'),
(722, 'NIRUSBA PATRICIA', 'MERIDA PEREZ', NULL, '3539428', 2, '$2y$10$C88jhml0/lcEWvwpaSsSl.tBSEc.Gsa0y8Dw4f1ZbigfeYBEKX68i'),
(723, 'JHERSON HAROL', 'MERIDA ACUÑA', NULL, '8059677', 2, '$2y$10$C88jhml0/lcEWvwpaSsSl.tBSEc.Gsa0y8Dw4f1ZbigfeYBEKX68i'),
(724, 'MARIA VALENTINA', 'BERRIOS', NULL, '4444444', 2, '$2y$10$C88jhml0/lcEWvwpaSsSl.tBSEc.Gsa0y8Dw4f1ZbigfeYBEKX68i'),
(725, 'DELIA', 'MOLINA RICALDI', '65333215', '3510957', 2, '$2y$10$C88jhml0/lcEWvwpaSsSl.tBSEc.Gsa0y8Dw4f1ZbigfeYBEKX68i'),
(726, 'ARACELY', 'MONTERO HERBAS', '79732128', '7908874', 2, '$2y$10$C88jhml0/lcEWvwpaSsSl.tBSEc.Gsa0y8Dw4f1ZbigfeYBEKX68i'),
(727, 'OSEAS', 'MORALES ARZE', '76484846', '5183181', 2, '$2y$10$C88jhml0/lcEWvwpaSsSl.tBSEc.Gsa0y8Dw4f1ZbigfeYBEKX68i'),
(728, 'CAROL', 'ORELLANA FERNANDEZ', '67578688', '5218074', 2, '$2y$10$C88jhml0/lcEWvwpaSsSl.tBSEc.Gsa0y8Dw4f1ZbigfeYBEKX68i'),
(729, 'GINA', 'PACHECO BALTAZAR', '72290566', '4078354', 2, '$2y$10$C88jhml0/lcEWvwpaSsSl.tBSEc.Gsa0y8Dw4f1ZbigfeYBEKX68i'),
(730, 'JANNETTE', 'PADILLA ARAUCO', '76933282', '6405198', 2, '$2y$10$C88jhml0/lcEWvwpaSsSl.tBSEc.Gsa0y8Dw4f1ZbigfeYBEKX68i'),
(731, 'SANDRA LAURA', 'PEREDO FERRUFINO', '79350801', '3739743', 2, '$2y$10$C88jhml0/lcEWvwpaSsSl.tBSEc.Gsa0y8Dw4f1ZbigfeYBEKX68i'),
(732, 'ELENA MARCIA', 'PEREDO VEZAGA', '60798005', '4194441', 2, '$2y$10$C88jhml0/lcEWvwpaSsSl.tBSEc.Gsa0y8Dw4f1ZbigfeYBEKX68i'),
(733, 'GLADYS', 'PINAYA LUNA', '72768461', '3520974', 2, '$2y$10$C88jhml0/lcEWvwpaSsSl.tBSEc.Gsa0y8Dw4f1ZbigfeYBEKX68i'),
(734, 'VALERIANO', 'PINAYA FERNANDEZ', NULL, '3506935', 2, '$2y$10$C88jhml0/lcEWvwpaSsSl.tBSEc.Gsa0y8Dw4f1ZbigfeYBEKX68i'),
(735, 'HENRY ALBER', 'RIVERO SEJAS', '70756019', '5311823', 2, '$2y$10$C88jhml0/lcEWvwpaSsSl.tBSEc.Gsa0y8Dw4f1ZbigfeYBEKX68i'),
(736, 'GERVAN', 'ROJAS PALMA', '71404750', '4498768', 2, '$2y$10$C88jhml0/lcEWvwpaSsSl.tBSEc.Gsa0y8Dw4f1ZbigfeYBEKX68i'),
(737, 'ELY', 'ROMAN ACHA', '79998614', '6484436', 2, '$2y$10$C88jhml0/lcEWvwpaSsSl.tBSEc.Gsa0y8Dw4f1ZbigfeYBEKX68i'),
(738, 'JHANNET', 'ROSALES VEIZAGA', '76455237', '4406919', 2, '$2y$10$C88jhml0/lcEWvwpaSsSl.tBSEc.Gsa0y8Dw4f1ZbigfeYBEKX68i'),
(739, 'JHOVANA DARMA', 'ROSSEL COLQUE', NULL, '3977199', 2, '$2y$10$C88jhml0/lcEWvwpaSsSl.tBSEc.Gsa0y8Dw4f1ZbigfeYBEKX68i'),
(740, 'ERIKA', 'SALAZAR VIDAURRE', NULL, '6546457', 2, '$2y$10$C88jhml0/lcEWvwpaSsSl.tBSEc.Gsa0y8Dw4f1ZbigfeYBEKX68i'),
(741, 'RILMA', 'SALAZAR ANTEZANA', '79709788', '3027702', 2, '$2y$10$C88jhml0/lcEWvwpaSsSl.tBSEc.Gsa0y8Dw4f1ZbigfeYBEKX68i'),
(742, 'PAOLA MARCELA', 'SIÑANIZ ZAMBRANA', '72263293', '3793276', 2, '$2y$10$C88jhml0/lcEWvwpaSsSl.tBSEc.Gsa0y8Dw4f1ZbigfeYBEKX68i'),
(743, 'SIMÓN', 'SORIA ROQUE', NULL, '956523', 2, '$2y$10$C88jhml0/lcEWvwpaSsSl.tBSEc.Gsa0y8Dw4f1ZbigfeYBEKX68i'),
(744, 'ELIAZAR', 'TORRICO ESTEVES', '74829105', '7980872', 2, '$2y$10$C88jhml0/lcEWvwpaSsSl.tBSEc.Gsa0y8Dw4f1ZbigfeYBEKX68i'),
(745, 'CRISTHIAN', 'UREY BECERRA', '61599280', '6478715', 2, '$2y$10$C88jhml0/lcEWvwpaSsSl.tBSEc.Gsa0y8Dw4f1ZbigfeYBEKX68i'),
(746, 'ISAAC', 'URIONA LÓPEZ', NULL, '5376554', 2, '$2y$10$C88jhml0/lcEWvwpaSsSl.tBSEc.Gsa0y8Dw4f1ZbigfeYBEKX68i'),
(747, 'ALICIA', 'VALENZUELA VALERIO', '79957041', '5920138', 2, '$2y$10$C88jhml0/lcEWvwpaSsSl.tBSEc.Gsa0y8Dw4f1ZbigfeYBEKX68i'),
(748, 'MARIA CLEOFE', 'VASQUEZ TORRICO', '67199510', '3147456', 2, '$2y$10$C88jhml0/lcEWvwpaSsSl.tBSEc.Gsa0y8Dw4f1ZbigfeYBEKX68i'),
(749, 'MARTHA', 'VASQUEZ CLAROS', '71406477', '4395770', 2, '$2y$10$C88jhml0/lcEWvwpaSsSl.tBSEc.Gsa0y8Dw4f1ZbigfeYBEKX68i'),
(750, 'LISSET TANIA', 'GARCÍA', '72740022', '6400440', 2, '$2y$10$C88jhml0/lcEWvwpaSsSl.tBSEc.Gsa0y8Dw4f1ZbigfeYBEKX68i'),
(751, 'MERY MAGDALENA', 'MALLCU FLORES', NULL, '4754861', 2, '$2y$10$C88jhml0/lcEWvwpaSsSl.tBSEc.Gsa0y8Dw4f1ZbigfeYBEKX68i');

-- --------------------------------------------------------

--
-- Estructura de tabla para la tabla `profesores_materias_cursos`
--

CREATE TABLE `profesores_materias_cursos` (
  `id_profesor_materia_curso` int(11) NOT NULL,
  `id_personal` int(11) NOT NULL COMMENT 'FK a personal (profesor)',
  `id_curso_materia` int(11) NOT NULL COMMENT 'FK a cursos_materias',
  `estado` enum('FALTA','CARGADO') NOT NULL DEFAULT 'FALTA'
) ENGINE=InnoDB DEFAULT CHARSET=utf8mb4 COLLATE=utf8mb4_general_ci;

--
-- Volcado de datos para la tabla `profesores_materias_cursos`
--

INSERT INTO `profesores_materias_cursos` (`id_profesor_materia_curso`, `id_personal`, `id_curso_materia`, `estado`) VALUES
(1012, 739, 945, 'CARGADO'),
(1013, 739, 948, 'CARGADO'),
(1014, 739, 942, 'CARGADO'),
(1015, 743, 943, 'CARGADO'),
(1016, 739, 944, 'CARGADO'),
(1017, 739, 941, 'CARGADO'),
(1018, 739, 946, 'CARGADO'),
(1019, 739, 947, 'CARGADO'),
(1020, 710, 949, 'CARGADO'),
(1021, 750, 914, 'CARGADO'),
(1022, 750, 913, 'CARGADO'),
(1023, 750, 916, 'CARGADO'),
(1024, 750, 915, 'CARGADO');

-- --------------------------------------------------------

--
-- Estructura de tabla para la tabla `roles`
--

CREATE TABLE `roles` (
  `id_rol` int(11) NOT NULL,
  `nombre_rol` varchar(50) NOT NULL COMMENT 'Ej: Administrador, Profesor, Secretario'
) ENGINE=InnoDB DEFAULT CHARSET=utf8mb4 COLLATE=utf8mb4_general_ci;

--
-- Volcado de datos para la tabla `roles`
--

INSERT INTO `roles` (`id_rol`, `nombre_rol`) VALUES
(1, 'Administrador'),
(2, 'Profesor'),
(3, 'Secretario');

--
-- Índices para tablas volcadas
--

--
-- Indices de la tabla `anuncios`
--
ALTER TABLE `anuncios`
  ADD PRIMARY KEY (`id`);

--
-- Indices de la tabla `bimestres_activos`
--
ALTER TABLE `bimestres_activos`
  ADD PRIMARY KEY (`id`);

--
-- Indices de la tabla `calificaciones`
--
ALTER TABLE `calificaciones`
  ADD PRIMARY KEY (`id_calificacion`),
  ADD UNIQUE KEY `id_estudiante` (`id_estudiante`,`id_materia`,`bimestre`),
  ADD KEY `id_materia` (`id_materia`);

--
-- Indices de la tabla `configuracion_sistema`
--
ALTER TABLE `configuracion_sistema`
  ADD PRIMARY KEY (`id`);

--
-- Indices de la tabla `cursos`
--
ALTER TABLE `cursos`
  ADD PRIMARY KEY (`id_curso`);

--
-- Indices de la tabla `cursos_materias`
--
ALTER TABLE `cursos_materias`
  ADD PRIMARY KEY (`id_curso_materia`),
  ADD KEY `id_curso` (`id_curso`),
  ADD KEY `id_materia` (`id_materia`);

--
-- Indices de la tabla `estudiantes`
--
ALTER TABLE `estudiantes`
  ADD PRIMARY KEY (`id_estudiante`),
  ADD KEY `id_curso` (`id_curso`);

--
-- Indices de la tabla `materias`
--
ALTER TABLE `materias`
  ADD PRIMARY KEY (`id_materia`);

--
-- Indices de la tabla `personal`
--
ALTER TABLE `personal`
  ADD PRIMARY KEY (`id_personal`),
  ADD UNIQUE KEY `carnet_identidad` (`carnet_identidad`),
  ADD KEY `id_rol` (`id_rol`);

--
-- Indices de la tabla `profesores_materias_cursos`
--
ALTER TABLE `profesores_materias_cursos`
  ADD PRIMARY KEY (`id_profesor_materia_curso`),
  ADD UNIQUE KEY `id_personal` (`id_personal`,`id_curso_materia`),
  ADD KEY `id_curso_materia` (`id_curso_materia`);

--
-- Indices de la tabla `roles`
--
ALTER TABLE `roles`
  ADD PRIMARY KEY (`id_rol`);

--
-- AUTO_INCREMENT de las tablas volcadas
--

--
-- AUTO_INCREMENT de la tabla `anuncios`
--
ALTER TABLE `anuncios`
  MODIFY `id` int(11) NOT NULL AUTO_INCREMENT, AUTO_INCREMENT=14;

--
-- AUTO_INCREMENT de la tabla `bimestres_activos`
--
ALTER TABLE `bimestres_activos`
  MODIFY `id` int(11) NOT NULL AUTO_INCREMENT, AUTO_INCREMENT=4;

--
-- AUTO_INCREMENT de la tabla `calificaciones`
--
ALTER TABLE `calificaciones`
  MODIFY `id_calificacion` int(11) NOT NULL AUTO_INCREMENT, AUTO_INCREMENT=1335;

--
-- AUTO_INCREMENT de la tabla `configuracion_sistema`
--
ALTER TABLE `configuracion_sistema`
  MODIFY `id` int(11) NOT NULL AUTO_INCREMENT, AUTO_INCREMENT=2;

--
-- AUTO_INCREMENT de la tabla `cursos`
--
ALTER TABLE `cursos`
  MODIFY `id_curso` int(11) NOT NULL AUTO_INCREMENT, AUTO_INCREMENT=130;

--
-- AUTO_INCREMENT de la tabla `cursos_materias`
--
ALTER TABLE `cursos_materias`
  MODIFY `id_curso_materia` int(11) NOT NULL AUTO_INCREMENT, AUTO_INCREMENT=1311;

--
-- AUTO_INCREMENT de la tabla `estudiantes`
--
ALTER TABLE `estudiantes`
  MODIFY `id_estudiante` int(11) NOT NULL AUTO_INCREMENT, AUTO_INCREMENT=1638;

--
-- AUTO_INCREMENT de la tabla `materias`
--
ALTER TABLE `materias`
  MODIFY `id_materia` int(11) NOT NULL AUTO_INCREMENT, AUTO_INCREMENT=967;

--
-- AUTO_INCREMENT de la tabla `personal`
--
ALTER TABLE `personal`
  MODIFY `id_personal` int(11) NOT NULL AUTO_INCREMENT, AUTO_INCREMENT=752;

--
-- AUTO_INCREMENT de la tabla `profesores_materias_cursos`
--
ALTER TABLE `profesores_materias_cursos`
  MODIFY `id_profesor_materia_curso` int(11) NOT NULL AUTO_INCREMENT, AUTO_INCREMENT=1025;

--
-- AUTO_INCREMENT de la tabla `roles`
--
ALTER TABLE `roles`
  MODIFY `id_rol` int(11) NOT NULL AUTO_INCREMENT, AUTO_INCREMENT=4;

--
-- Restricciones para tablas volcadas
--

--
-- Filtros para la tabla `calificaciones`
--
ALTER TABLE `calificaciones`
  ADD CONSTRAINT `calificaciones_ibfk_1` FOREIGN KEY (`id_estudiante`) REFERENCES `estudiantes` (`id_estudiante`) ON DELETE CASCADE ON UPDATE CASCADE,
  ADD CONSTRAINT `calificaciones_ibfk_2` FOREIGN KEY (`id_materia`) REFERENCES `materias` (`id_materia`) ON DELETE CASCADE ON UPDATE CASCADE;

--
-- Filtros para la tabla `cursos_materias`
--
ALTER TABLE `cursos_materias`
  ADD CONSTRAINT `cursos_materias_ibfk_1` FOREIGN KEY (`id_curso`) REFERENCES `cursos` (`id_curso`) ON DELETE CASCADE ON UPDATE CASCADE,
  ADD CONSTRAINT `cursos_materias_ibfk_2` FOREIGN KEY (`id_materia`) REFERENCES `materias` (`id_materia`) ON DELETE CASCADE ON UPDATE CASCADE;

--
-- Filtros para la tabla `estudiantes`
--
ALTER TABLE `estudiantes`
  ADD CONSTRAINT `estudiantes_ibfk_1` FOREIGN KEY (`id_curso`) REFERENCES `cursos` (`id_curso`) ON DELETE SET NULL ON UPDATE CASCADE;

--
-- Filtros para la tabla `personal`
--
ALTER TABLE `personal`
  ADD CONSTRAINT `personal_ibfk_1` FOREIGN KEY (`id_rol`) REFERENCES `roles` (`id_rol`) ON UPDATE CASCADE;

--
-- Filtros para la tabla `profesores_materias_cursos`
--
ALTER TABLE `profesores_materias_cursos`
  ADD CONSTRAINT `profesores_materias_cursos_ibfk_1` FOREIGN KEY (`id_personal`) REFERENCES `personal` (`id_personal`) ON DELETE CASCADE ON UPDATE CASCADE,
  ADD CONSTRAINT `profesores_materias_cursos_ibfk_2` FOREIGN KEY (`id_curso_materia`) REFERENCES `cursos_materias` (`id_curso_materia`) ON DELETE CASCADE ON UPDATE CASCADE;
COMMIT;

/*!40101 SET CHARACTER_SET_CLIENT=@OLD_CHARACTER_SET_CLIENT */;
/*!40101 SET CHARACTER_SET_RESULTS=@OLD_CHARACTER_SET_RESULTS */;
/*!40101 SET COLLATION_CONNECTION=@OLD_COLLATION_CONNECTION */;
