-- phpMyAdmin SQL Dump
-- version 5.2.0
-- https://www.phpmyadmin.net/
--
-- Servidor: 127.0.0.1
-- Tiempo de generación: 25-05-2025 a las 00:39:00
-- Versión del servidor: 10.4.24-MariaDB
-- Versión de PHP: 8.1.6

SET SQL_MODE = "NO_AUTO_VALUE_ON_ZERO";
START TRANSACTION;
SET time_zone = "+00:00";


/*!40101 SET @OLD_CHARACTER_SET_CLIENT=@@CHARACTER_SET_CLIENT */;
/*!40101 SET @OLD_CHARACTER_SET_RESULTS=@@CHARACTER_SET_RESULTS */;
/*!40101 SET @OLD_COLLATION_CONNECTION=@@COLLATION_CONNECTION */;
/*!40101 SET NAMES utf8mb4 */;

--
-- Base de datos: `bd_edufile3`
--

-- --------------------------------------------------------

--
-- Estructura de tabla para la tabla `courses`
--

CREATE TABLE `courses` (
  `id` bigint(20) NOT NULL,
  `level_id` bigint(20) DEFAULT NULL,
  `grade` int(11) NOT NULL,
  `parallel` enum('A','B','C') NOT NULL
) ENGINE=InnoDB DEFAULT CHARSET=utf8mb4;

--
-- Volcado de datos para la tabla `courses`
--

INSERT INTO `courses` (`id`, `level_id`, `grade`, `parallel`) VALUES
(1, 1, 1, 'A'),
(2, 1, 1, 'B'),
(3, 1, 1, 'C'),
(4, 1, 2, 'A'),
(5, 1, 2, 'B'),
(6, 1, 2, 'C'),
(7, 2, 1, 'A'),
(8, 2, 1, 'B'),
(9, 2, 1, 'C'),
(10, 2, 2, 'A'),
(11, 2, 2, 'B'),
(12, 2, 2, 'C'),
(13, 2, 3, 'A'),
(14, 2, 3, 'B'),
(15, 2, 3, 'C'),
(16, 2, 4, 'A'),
(17, 2, 4, 'B'),
(18, 2, 4, 'C'),
(19, 2, 5, 'A'),
(20, 2, 5, 'B'),
(21, 2, 5, 'C'),
(22, 2, 6, 'A'),
(23, 2, 6, 'B'),
(24, 2, 6, 'C'),
(25, 3, 1, 'A'),
(26, 3, 1, 'B'),
(27, 3, 1, 'C'),
(28, 3, 2, 'A'),
(29, 3, 2, 'B'),
(30, 3, 2, 'C'),
(31, 3, 3, 'A'),
(32, 3, 3, 'B'),
(33, 3, 3, 'C'),
(34, 3, 4, 'A'),
(35, 3, 4, 'B'),
(36, 3, 4, 'C'),
(37, 3, 5, 'A'),
(38, 3, 5, 'B'),
(39, 3, 5, 'C'),
(40, 3, 6, 'A'),
(41, 3, 6, 'B'),
(42, 3, 6, 'C');

-- --------------------------------------------------------

--
-- Estructura de tabla para la tabla `levels`
--

CREATE TABLE `levels` (
  `id` bigint(20) NOT NULL,
  `name` varchar(255) NOT NULL
) ENGINE=InnoDB DEFAULT CHARSET=utf8mb4;

--
-- Volcado de datos para la tabla `levels`
--

INSERT INTO `levels` (`id`, `name`) VALUES
(1, 'Inicial'),
(2, 'Primario'),
(3, 'Secundario');

-- --------------------------------------------------------

--
-- Estructura de tabla para la tabla `students`
--

CREATE TABLE `students` (
  `id` bigint(20) NOT NULL,
  `first_name` varchar(255) NOT NULL,
  `last_name_father` varchar(255) NOT NULL,
  `last_name_mother` varchar(255) NOT NULL,
  `gender` varchar(50) NOT NULL,
  `rude_number` varchar(20) NOT NULL,
  `identity_card` varchar(9) NOT NULL,
  `birth_date` date NOT NULL,
  `guardian_first_name` varchar(255) DEFAULT NULL,
  `guardian_last_name` varchar(255) DEFAULT NULL,
  `guardian_identity_card` varchar(9) DEFAULT NULL,
  `guardian_phone_number` varchar(15) DEFAULT NULL,
  `guardian_relationship` enum('padre','madre','tutor') DEFAULT NULL
) ENGINE=InnoDB DEFAULT CHARSET=utf8mb4;

--
-- Volcado de datos para la tabla `students`
--

INSERT INTO `students` (`id`, `first_name`, `last_name_father`, `last_name_mother`, `gender`, `rude_number`, `identity_card`, `birth_date`, `guardian_first_name`, `guardian_last_name`, `guardian_identity_card`, `guardian_phone_number`, `guardian_relationship`) VALUES
(130, 'YEIMI LUNA', 'AGUILAR', 'SALAZAR', 'F', '4090000520247A', '16400177', '2020-03-02', 'ANGELICA', 'SALAZAR MEDRANO', '7905127', '', 'madre'),
(131, 'NICOL', 'ANGULO', 'RUIZ', 'F', '409000052024559', '16413450', '2020-03-10', 'JUAN  CARLOS ', 'ANGULO ', '', '60727258', 'padre'),
(132, 'JOSUE ABDIEL', 'APAZA', 'ALVARADO', 'M', '409000052024384', '16016115', '2019-07-15', NULL, NULL, NULL, NULL, NULL),
(133, 'GAEL JORDY', 'BURGULLA', 'FLORES', 'M', '4090000520249451', '16432544', '2020-04-12', 'ISAIAS', 'BURGULLA', '', '68515412', 'padre'),
(135, 'ELISEO', 'CHAMBI', 'VICENTE', 'M', '4090000520242762', '16409124', '2020-03-08', 'JULIA ', 'VICNTE', '', '67549580', 'madre'),
(136, 'ELIAZAR KALEP', 'CHIPANA', 'MAMANI', 'M', '4090000520243640', '16438797', '2020-04-29', '', '', '', '', 'padre'),
(137, 'DARELL EDRIK', 'CHOQUE', 'CESPEDES', 'M', '4090000520248259', '16581382', '2020-01-04', NULL, NULL, NULL, NULL, NULL),
(138, 'MARIO ROMAN', 'CONDORI', 'ROCHA', 'M', '4090000520243349', '16432713', '2020-04-13', 'ELVIRA ', 'ROCHA ', '', '71498754', 'madre'),
(139, 'BIDANEYRA ANNDY', 'CRUZ', 'GUTIERREZ', 'F', '4090000520245488', '16238242', '2019-11-15', 'DAYANA', 'GUTIERREZ', '', '', 'padre'),
(140, 'NIJAN ZOE', 'ESCOBAR', 'PINTO', 'F', '4090000520248881', '16900871', '2020-06-14', NULL, NULL, NULL, NULL, NULL),
(142, 'IAN JHAIR', 'GARCIA', 'REINAGA', 'M', '4090000520249896', '16303079', '2020-01-04', 'LUZ MARIELA ', 'REINAGA MONTECINOS', '7896621', '69439609', 'madre'),
(143, 'ALEX JHUNIOR', 'GUTIERREZ', 'MARTINEZ', 'M', '4090000520244227', '16002651', '2019-07-10', 'CARNEN ROSA', 'MARTINEZ', '10531082', '', 'madre'),
(144, 'ZOE LUCIA', 'LIZARAZU', 'FLORES', 'F', '4090000520248852', '16461800', '2020-06-27', NULL, NULL, NULL, NULL, NULL),
(145, 'LUCAS THIAGO', 'LUIZAGA', 'VEDIA', 'M', '4090000520241040', '16222297', '2019-08-02', 'NATALY', 'VEDIA', '', '77941031', 'madre'),
(146, 'BRITTANY BRIANA', 'MAMANI', 'GARCIA', 'F', '409000052024741A', '16253952', '2019-09-30', NULL, NULL, NULL, NULL, NULL),
(147, 'YADIL', 'MAMANI', 'TACURI', 'M', '4090000520248670', '16596235', '2019-09-27', 'FELICIDAD ', 'VARGAS DE TACURI', '6647579', '', 'tutor'),
(148, 'DAYER ALTES', 'MAMANI', 'VILLARROEL', 'M', '409000052024834A', '16618074', '2019-11-05', '', '', '', '', 'padre'),
(149, 'MIA NAYELY', 'MARCA', 'OYARDO', 'F', '4090000520246548', '17307123', '2020-05-26', 'MAYDA', 'OYARDO QUISPE', '7003528', '68845231', 'madre'),
(150, 'JEICOB MARCELINO', 'MARCANI', 'ESCOBAR', 'M', '4090000520247273', '16392199', '2020-02-20', 'ROSA ROSMERY ', 'CARRILLO', '', '62645906', 'madre'),
(152, 'RAZIEL AITANA', 'PALLA', 'CONDORI', 'F', '409000052024497A', '16432737', '2020-04-13', '', '', '', '', 'padre'),
(155, 'MADILIN ZULEYKA', 'SOLIZ', 'ROCHA', 'F', '4090000520241479', '16137004', '2019-09-16', NULL, NULL, NULL, NULL, NULL),
(156, 'DIANA GENESIS', 'TABOADA', 'SAAVEDRA', 'F', '4090000520247387', '16626010', '2020-01-27', 'ALBERTO ', 'TABOADA', '', '75495623', 'padre'),
(159, 'EDSON MAGMET', 'VALVERDE', 'MORALES', 'M', '4090000520249542', '17111264', '2019-08-30', NULL, NULL, NULL, NULL, NULL),
(160, 'VALENTINA TATIANA', 'VELIZ', 'AIRA', 'F', '4090000520242607', '16451783', '2020-06-03', NULL, NULL, NULL, NULL, NULL),
(162, 'JORGE MISAEL', 'ZURITA', 'VERA', 'M', '4090000520242727', '16419078', '2020-03-11', NULL, NULL, NULL, NULL, NULL),
(164, 'DEBRAN', 'CABALLERO', 'SILVA', 'M', '4090000520231656', '15457558', '2018-10-13', NULL, NULL, NULL, NULL, NULL),
(165, 'CARLOS DILAN', 'CARRILLO', 'QUISPE', 'M', '4090000520235574', '17211447', '2018-07-18', 'EDGAR', 'CARRILLO', '', '79719666', 'padre'),
(166, 'MATIAS EZEQUIEL', 'CARRILLO', 'VILLARROEL', 'M', '4090000520247329', '15362400', '2018-08-07', 'ELBA', 'VILLARROEL ', '', '76945977', 'madre'),
(167, 'VALERIA HAEL', 'COCA', 'LEDEZMA', 'F', '4090000520237409', '16677436', '2018-12-13', '', '', '', '', 'padre'),
(168, 'DAVID', 'CORDOVA', 'MOSQUEZ', 'M', '4090000520231542', '15524089', '2018-11-29', 'ANA', 'MOZQUEZ', '', '69534332', 'madre'),
(169, 'FRANCO', 'CRUZ', 'CHAMBI', 'M', '4090000520233276', '15959929', '2018-12-14', NULL, NULL, NULL, NULL, NULL),
(170, 'BRYANA RAFAELA', 'CRUZ', 'HERNANDEZ', 'F', '4090000520235266', '15432265', '2018-09-30', 'ADRIANA', 'HERNANDEZ', '', '62713153', 'madre'),
(172, 'PABLO AURELIO', 'FLORES', 'ESCOBAR', 'M', '4090000520241148', '15472680', '2018-10-19', NULL, NULL, NULL, NULL, NULL),
(173, 'DILAN KAEL', 'FUENTES', 'GASPAR', 'M', '409000062023729A', '15484516', '2018-10-25', '', '', '', '', 'padre'),
(174, 'ERICK RUBEN', 'HEREDIA', 'MOLINA', 'M', '4090000520244165', '15655611', '2019-01-31', 'VANEZA', 'MOLINA', '9324601', '', 'madre'),
(175, 'IBETH', 'MAMANI', 'ORTIZ', 'F', '4090000520239502', '15700573', '2019-02-22', 'ISIDORA', 'ORTIZ', '', '72288471', 'madre'),
(176, 'NEIMAR JHOAN', 'MONTECINOS', 'CUBA', 'M', '4090000520239200', '15375935', '2018-08-17', 'SIMONA ', 'RAMIREZ ', '', '', 'madre'),
(177, 'ISMAEL', 'MORALES', 'PEÑA', 'M', '409000052023827', '15494129', '2018-11-02', '', '', '', '', 'padre'),
(180, 'SALVADOR ESTEBAN', 'ROCHA', 'YANA', 'M', '8090002420236197', '15594809', '2019-01-15', 'MAURICIO ', 'ROCHA', '', '77929401', 'padre'),
(181, 'JAZRETH EVANGELYN', 'ROCHA', 'NIETO', 'F', '4090000520232540', '15887220', '2019-05-14', NULL, NULL, NULL, NULL, NULL),
(182, 'CAMILA', 'ROJAS', 'VILLARROEL', 'F', '4090000520233059', '15767522', '2018-09-24', NULL, NULL, NULL, NULL, NULL),
(183, 'YENIFER', 'TORREZ', 'TOAQUE', 'F', '409000052023817A', '15354233', '2018-07-26', 'DONATA', 'TOAQUE', '', '67581159', 'madre'),
(184, 'CAMILA SHANDIRA', 'VASQUEZ', 'CARRILLO', 'F', '4090000520236657', '15733085', '2019-01-07', 'EMMA FLAVIA ', 'CARRILLO', '12344369', '69473495', 'madre'),
(185, 'DAVID FRANCO', 'VILLARROEL', 'MAMANI', 'M', '4090000520239269', '15874717', '2019-01-11', 'HEYDI', 'MAMANI', '', '75340834', 'madre'),
(186, 'ANYELO MATEO', 'VILLARROEL', 'PINTO', 'M', '4090000920229004', '15871028', '2017-11-13', 'ARMINDA', 'AGUILAR VILLARROEL', '', '65729386', 'tutor'),
(187, 'CARMEN TERESA', 'ALEGRE', 'GONZALES', 'F', '4090000520233185', '15466137', '2018-10-18', 'ROLANDO', 'GONZALES ', '', '69519307', 'padre'),
(189, 'EYDEN ASBEL', 'ALIAGA', 'MEDINA', 'M', '4090000520245990', '', '2018-08-30', 'MARIBEL ', 'MARTINEZ GARCIA', '6808868', '77422508', 'madre'),
(190, 'JHISSEL ANTHONELA', 'CARATA', 'LAUREANO', 'F', '409000052024566', '15953658', '2019-06-12', 'EULALIA', 'LAUREANO', '', '73789028', 'madre'),
(191, 'SANTIAGO', 'CORDOVA', 'HERBAS', 'M', '4090000520248304', '15468991', '2018-10-19', 'ROSSIO ', 'HERBAS RIFARICHI', '8011790', '', 'madre'),
(192, 'JOSUE', 'DIAS', 'VARGAS', 'M', '4090000520233578', '15538286', '2018-01-14', '', '', '', '', 'padre'),
(193, 'RUTH NOEMI', 'ESTRADA', 'ESTRADA', 'F', '409000052024567', '15551132', '2018-12-27', NULL, NULL, NULL, NULL, NULL),
(195, 'EIDAN RIDER', 'INOCENTE', 'SOTO', 'M', '4090000520249195', '15935521', '2019-06-02', 'MIRIAN ', 'SOTO', '', '64864247', 'madre'),
(196, 'NICOLETTE GLORIA', 'JANCO', 'AYALA', 'F', '409000052023586A', '15564859', '2019-01-02', 'LEIDY', 'AYALA  CALIZAYA', '7396200', '78611381', 'madre'),
(197, 'LIA DANITZA', 'LIZARAZU', 'FLORES', 'F', '4090000520236839', '', '2019-02-06', '', '', '', '', 'padre'),
(198, 'DILAVER', 'LOPEZ', 'VERA', 'M', '8123000720231360', '15734229', '2018-07-30', 'VILMA ', 'VERA', '', '72731480', 'madre'),
(199, 'JHEICO MATIAS', 'MENECES', 'CARRILLO', 'M', '4090000520243150', '17746671', '2019-06-01', 'SONIA', 'CARRILLO', '', '71009076', 'madre'),
(200, 'RAMIRO', 'MICACIO', 'GERONIMO', 'M', '4090000520247306', '15490575', '2018-10-30', NULL, NULL, NULL, NULL, NULL),
(201, 'HECTOR JHAIR', 'OTALORA', 'SALAZAR', 'M', '8098031120233266', '15833138', '2019-04-18', NULL, NULL, NULL, NULL, NULL),
(202, 'DENNIS LEYDI', 'POMA', 'ALBA', 'F', '4090000520248567', '16241440', '2018-12-17', 'LORENA ', 'ALBA  ALMANZA', '15082350', '62676703', 'madre'),
(203, 'IAN MATIAS', 'QUISPE', 'MAITA', 'M', '4090000920234163', '15698462', '2019-02-21', NULL, NULL, NULL, NULL, NULL),
(204, 'GUSTAVO', 'QUISPE', 'MARTINEZ', 'M', '4090000520248784', '15571961', '2019-01-06', NULL, NULL, NULL, NULL, NULL),
(206, 'ZAIDA', 'RIOS', 'LUIZAGA', 'F', '8087004820232523', '15356968', '2018-07-30', NULL, NULL, NULL, NULL, NULL),
(207, 'ABEL', 'ROCHA', 'PEÑA', 'M', '4090000520248920', '15827594', '2019-04-17', 'JULIA ELENA', 'PEÑA', '9349189', '78676957', 'madre'),
(208, 'MIGUEL ANGEL', 'ROJAS', 'QUECAÑA', 'M', '4090000520241952', '15378392', '2018-08-18', '', '', '', '', 'padre'),
(210, 'NIJAN JHAMILET', 'VARGAS', 'MONTECINOS', 'F', '4090000520248453', '15647265', '2019-02-02', NULL, NULL, NULL, NULL, NULL),
(211, 'EDUARS ANDRES', 'VERA', 'CHOQUE', 'M', '4090000520235289', '15533310', '2018-12-07', 'ISABEL ', 'CHOQUE', '', '76455137', 'madre'),
(212, 'MELANY ASHLEY', 'ALBA', 'SALVATIERRA', 'F', '4090000520221918', '16303481', '2017-08-09', 'HERNAN ', 'ALBA SARAVIA', '', '76745815', 'padre'),
(213, 'MEGAN LUANA', 'ALBA', 'VERA', 'F', '8090011620227243', '15752849', '2018-03-02', NULL, NULL, NULL, NULL, NULL),
(214, 'JHONATAN', 'ARCE', 'CAMPOS', 'M', '8089006020235059', '15744385', '2018-05-21', NULL, NULL, NULL, NULL, NULL),
(215, 'ABIGAIL MIA', 'AVILA', 'HUARITO', 'F', '4090000520229417', '16270837', '2018-02-21', 'ISABEL ', 'HUARITO', '', '72752899', 'padre'),
(216, 'CRISTAL MISHEL', 'BUSTAMANTE', 'ROCHA', 'F', '8090004020227732', '16928232', '2017-08-15', 'reina ', 'rocha  vera', '8816951', '77940649', 'madre'),
(217, 'KEVIN', 'CASILLA', 'UGARTE', 'M', '409000052023751', '15719915', '2017-09-20', 'MARIA', 'UGARTE GUTIERREZ', '', '68595191', 'madre'),
(218, 'AARON', 'CHAMBI', 'VICENTE', 'M', '4090000520222432', '16606834', '2018-04-04', 'JULIA ', 'VICENTE', '', '67549580', 'madre'),
(219, 'NIRA LALE', 'CRUZ', 'CAYARA', 'F', '4090001820234569', '16990408', '2018-02-04', 'ELVIRA', 'CAYARA', '', '62609991', 'madre'),
(220, 'JOSUE ABDIEL', 'EDUARDO', 'MAMANI', 'M', '4090000420229688', '16116437', '2018-03-14', 'MERY ', 'MAMANI', '', '67214488', 'madre'),
(221, 'DEAN ADDIEL', 'GALLEGO', 'CHUCA', 'M', '8144010120225050', '15703628', '2018-03-12', NULL, NULL, NULL, NULL, NULL),
(222, 'JHONATAN', 'HUARA', 'GOMEZ', 'M', '409000052023208A', '15742605', '2018-06-07', NULL, NULL, NULL, NULL, NULL),
(223, 'DYLAN NAITAN', 'LAUREANO', 'CABRERA', 'M', '4090000520224633', '17233945', '2018-05-13', NULL, NULL, NULL, NULL, NULL),
(224, 'ITAMI ANIFER', 'LIMA', 'CONDORI', 'F', '8198067520232565', '17303769', '2018-01-29', 'VICTORIA ', 'CONDORI', '', '78525724', 'madre'),
(225, 'ARLET LIESEL', 'LUQUE', 'CHALAR', 'F', '6090002820225174', '15523671', '2017-12-18', '', '', '', '', 'padre'),
(226, 'YEICOB DOMINIC', 'MALDONADO', 'ALAVE', 'M', '4090000520227735', '15719702', '2018-01-28', 'RANDIRA ', 'ALAVE', '', '65310462', 'madre'),
(227, 'MATHEUS', 'MENESES', 'ACHO', 'M', '4090003520228156', '15187554', '2018-02-17', 'VIVIANA ', 'ACHO', '', '72743722', 'madre'),
(228, 'NELSON', 'OLGUIN', 'REJAS', 'M', '4090000520225323', '15468966', '2017-07-08', '', '', '', '', 'padre'),
(229, 'EZEQUIEL YAIR', 'OTALORA', 'CHOQUE', 'M', '409000052022672', '16833184', '2017-10-03', 'SUSY ', 'CHOQUE', '', '77432716', 'madre'),
(230, 'MARCELO', 'PEREZ', 'ROCA', 'M', '4090000520237301', '15264993', '2017-09-15', 'ORIANA ', 'PEREZ', '', '70732635', 'madre'),
(232, 'SANTIAGO', 'REVOLLO', 'VERA', 'M', '409000052022204A', '15466296', '2018-02-27', 'JHAQUELIN ', 'VERA', '', '62624330', 'madre'),
(233, 'JESUS ROLANDO', 'ROCHA', 'ALEGRE', 'M', '4090000520232842', '17501567', '2017-08-13', 'PABLO ', 'ROCHA', '', '', 'tutor'),
(234, 'LIAM EVANS', 'RODRIGUEZ', 'BEDOYA', 'M', '8098036420236479', '15886927', '2017-11-23', NULL, NULL, NULL, NULL, NULL),
(235, 'IAN JHOHAN', 'RODRIGUEZ', 'ALACORE', 'M', '4090000520224017', '15851456', '2017-09-07', 'LILIBETH ', 'ALACORE POZO', '', '79396615', 'madre'),
(237, 'NATHALY ALBA', 'TICONA', 'PORCE', 'F', '4090000520224536', '15552679', '2017-08-16', NULL, NULL, NULL, NULL, NULL),
(238, 'JHOANA JASMIN', 'VARGAS', 'MORALES', 'F', '4090000420227036', '15093902', '2017-10-27', 'ANA LIA', 'MORALES', '', '62667881', 'madre'),
(241, 'SEBASTIAN IBRAHIM', 'ANDRADE', 'VASQUEZ', 'M', '8048005920215681', '15885017', '2017-05-26', NULL, NULL, NULL, NULL, NULL),
(242, 'JALDY XANDER', 'BELTRAN', 'HUANCA', 'M', '4090000520239366', '16244137', '2017-10-12', 'CAROLINA', 'HUANCA', '', '60765121', 'madre'),
(243, 'ELIANOR ESCARLET', 'CARATA', 'LAUREANO', 'F', '409000052023281', '16833643', '2017-11-08', 'EULALIA', 'LAUREANO', '', '73789028', 'madre'),
(244, 'VALENTINA LORENA', 'COCA', 'OTALORA', 'F', '4090000920222396', '15701768', '2017-10-14', NULL, NULL, NULL, NULL, NULL),
(245, 'MARIA LIZ', 'COPA', 'SOLIZ', 'F', '4090000520235090', '15611822', '2018-04-02', NULL, NULL, NULL, NULL, NULL),
(246, 'JHEREMY', 'COPALI', 'CAMACHO', 'M', '409000052022371A', '15916826', '2017-05-22', 'MARIAN ', 'CAMACHO', '', '76944153', 'madre'),
(247, 'LINETH', 'FATTY', 'VELLIZ', 'F', '40900005202391', '15643456', '2018-03-25', 'EUSEBIA ', 'VELLIZ', '', '63936066', 'madre'),
(248, 'SANTIAGO', 'FERRUFINO', 'CALI', 'M', '409000052022601', '16536494', '2017-11-03', 'JULIETA', 'CALI', '', '76498080', 'madre'),
(249, 'ARIEL GUSTAVO', 'HERRERA', 'CRUZ', 'M', '4090000520221862', '15311973', '2018-06-26', 'NORITA', 'CRUZ', '', '76481818', 'madre'),
(250, 'YHULITZA KHATERIN', 'HUIZA', 'ANGULO', 'F', '4090000520221736', '16319098', '2018-03-24', 'ROSSE MARY ', 'ANGULO', '', '', 'madre'),
(252, 'SHAIRA GEORGINA', 'LOZA', 'PEREZ', 'F', '8098056620221698', '15315006', '2017-09-19', NULL, NULL, NULL, NULL, NULL),
(253, 'BRAYAN EHITAN', 'MENECES', 'QUISPE', 'M', '4090000520221184', '16240632', '2016-12-23', NULL, NULL, NULL, NULL, NULL),
(254, 'AYDA', 'MICACIO', 'GERONIMO', 'F', '4090000520225865', '15604318', '2016-02-05', NULL, NULL, NULL, NULL, NULL),
(255, 'MILTON JHUNIOR', 'NUÑEZ', 'HERBOSO', 'M', '4090000520228483', '16625988', '2016-08-24', NULL, NULL, NULL, NULL, NULL),
(256, 'ALEJANDRA', 'QUINTEROS', 'QUINTEROS', 'F', '4090000520235642', '', '2017-10-26', NULL, NULL, NULL, NULL, NULL),
(258, 'NICOL', 'REVOLLO', 'CONDORI', 'F', '4090000520239548', '15832635', '2017-11-04', 'DAMIANA', 'CONDORI', '', '74377384', 'madre'),
(259, 'JHOSNEL YONIER', 'RIVERO', 'CHAPPY', 'M', '4090000520231912', '15751287', '2018-06-30', 'ANGEL ', 'RIVERO MATENES', '', '68959114', 'padre'),
(261, 'JHOISY ZEYNEP', 'ROJAS', 'ROMAN', 'F', '4090000520233857', '15322032', '2018-01-15', NULL, NULL, NULL, NULL, NULL),
(262, 'JOSE LUIS', 'SALVATIERRA', 'ROJAS', 'M', '4090000520223236', '15291900', '2018-06-05', '', '', '', '', 'padre'),
(263, 'PAOLA', 'SOLIZ', 'CONDORI', 'F', '4090000520233065', '15718256', '2017-07-29', 'FELIX', 'SOLIZ', '', '', 'padre'),
(265, 'MAXIMILIANO', 'UREÑA', 'GUZMAN', 'M', '8090012820223663', '15303448', '2018-06-15', NULL, NULL, NULL, NULL, NULL),
(266, 'LUIS BRANDON', 'VILLARROEL', 'LIQUEN', 'M', '409000052022503', '16767713', '2017-07-05', 'SHIRLEY ', 'LIQUEN ', '', '61608360', 'madre'),
(267, 'MARIAM EYSAN', 'VILLCA', 'ALA', 'F', '409000052023645', '15692091', '2018-01-08', 'SONIA', 'ALA SOTO', '', '60788350', 'padre'),
(268, 'DYLAN RODRIGO', 'GONZALES', '', 'M', '409000042021429A', '16321167', '2017-02-13', 'ROLANDO', 'GONZALES ', '', '69519307', 'padre'),
(270, 'NAYELI', 'AVILA', 'PADILLA', 'F', '409000052022699A', '17526222', '2017-03-23', 'ANACLETA ', 'PADILLA', '', '', 'madre'),
(271, 'MATIAS GERSON', 'CABRERA', 'MONTECINOS', 'M', '4090000520229851', '15665143', '2017-04-25', '', '', '', '', 'padre'),
(272, 'EMILY LINETH', 'CARRILLO', 'VILLARROEL', 'F', '4090000420217852', '15803803', '2017-05-15', 'ELBA ', 'VILLARROEL ', '', '76945977', 'madre'),
(273, 'DAIANA', 'ESTRADA', 'VENEGAS', 'F', '4090000520222620', '15182483', '2016-11-30', NULL, NULL, NULL, NULL, NULL),
(274, 'ANGHELO ARIEL', 'FLORES', 'QUIROGA', 'M', '6090003220227484', '15722060', '2017-06-14', 'LISBETH ', 'QUIROGA', '', '72717006', 'madre'),
(275, 'HENRY', 'GALINDO', 'MITA', 'M', '4090000520221389', '15674610', '2017-04-13', 'JUANA', 'MITA', '', '72686799', 'madre'),
(276, 'ADOLFO', 'GARCIA', 'TECILLO', 'M', '4090000520225745', '16016718', '2016-07-13', 'CARMEN', 'TECILLO', '', '68595199', 'padre'),
(277, 'ELIZABET', 'GUIZADA', 'AVILA', 'F', '4090000520224627', '16720691', '2016-11-06', 'MARIBEL', 'AVILA', '', '64160553', 'madre'),
(278, 'JAIRON', 'GUTIERREZ', 'HERRERA', 'M', '4090000520224480', '16833832', '2017-01-04', '', '', '', '', 'padre'),
(279, 'DENISE ASHELEN', 'GUZMAN', 'AYALA', 'F', '4090000520222997', '14539695', '2016-07-02', 'NATIVIDAD', 'AYALA', '', '71443440', 'madre'),
(280, 'BENJAMIN', 'LAUREANO', 'CONDORI', 'M', '409000052021236A', '15720036', '2016-06-06', '', '', '', '', 'padre'),
(281, 'JASMIN CELENA', 'LONASCO', 'RUIZ', 'F', '4090000520226983', '15705376', '2017-06-22', 'NANCY ', 'RUIZ', '', '74236148', 'madre'),
(282, 'ESTEFAN LUCAS', 'MAMANI', 'MENECES', 'M', '4090003520226987', '16152548', '2017-02-12', 'DANIELA ', 'MENESES', '', '63857997', 'madre'),
(283, 'DAMARIS SARAHI', 'MAMANI', 'JAILLITA', 'F', '4090000520227119', '15613949', '2017-05-10', NULL, NULL, NULL, NULL, NULL),
(285, 'BISMAR ANGEL', 'NUÑEZ', 'FUENTES', 'M', '4090003520218846', '16529630', '2016-10-22', 'DANIELA', 'FUENTES', '', '60747785', 'madre'),
(286, 'XIOMARA NATALIA', 'SOLIZ', 'ROCHA', 'F', '8098011520218549', '16245552', '2016-08-09', NULL, NULL, NULL, NULL, NULL),
(287, 'JOEL OBERMAIER', 'SOLIZ', 'ROCHA', 'M', '8098011520214118', '17045891', '2016-08-09', NULL, NULL, NULL, NULL, NULL),
(288, 'LIZBETH GRACIELA', 'TECILLO', 'VALERIANO', 'F', '4090000520228967', '15698859', '2016-11-16', 'FABIO ', 'TECILLO', '', '72476317', 'padre'),
(289, 'KIMBERLY KAROLAY', 'VILLARROEL', 'LIQUEN', 'F', '809800172020030', '16767704', '2016-02-13', 'SHIRLEY ', 'LIQUEN', '', '61608360', 'madre'),
(290, 'JHUDIT MARLLOLY', 'VILLARROEL', 'ESCOBAR', 'F', '4090000520218346', '16219367', '2016-05-30', 'DAYSI', 'ESCOBAR CARRILLO', '8783703', '65391282', 'madre'),
(292, 'JHUAN', 'ALVAREZ', 'GONZALES', 'M', '4090000520226892', '16368036', '2017-03-01', 'HECTOR ', 'ALVAREZ', '', '77930803', 'tutor'),
(293, 'JAMIL NEYMAR', 'CABALLERO', 'SILVA', 'M', '4090000420214504', '15720218', '2016-08-04', NULL, NULL, NULL, NULL, NULL),
(294, 'LUZ JEYLI', 'CABEZAS', 'JUÑES', 'F', '4090000520229076', '15826014', '2017-06-11', 'VIVIANA ', 'JUÑEZ', '', '67318890', 'madre'),
(295, 'ANGHELO ALAN', 'CALDERON', 'LOPEZ', 'M', '409000052022290A', '17257084', '2014-10-26', 'ROSALIA', 'LOPEZ', '', '76988295', 'madre'),
(296, 'JHOEL', 'CALI', 'VELIZ', 'M', '4090000520223629', '15693663', '2017-05-18', 'CONSTANTINA', 'VELLIZ', '', '', 'madre'),
(297, 'AYLEN AMBAR', 'CHOQUE', 'CESPEDES', 'F', '409000352021903A', '15182869', '2016-07-15', NULL, NULL, NULL, NULL, NULL),
(298, 'ELENA', 'CHUQUIMIA', 'COPA', 'F', '409000052024436A', '17617705', '2015-08-30', '', '', '', '', 'padre'),
(299, 'XAVI JUVENAL', 'CORONEL', 'MAMANI', 'M', '408701052021814A', '16868297', '2016-12-27', 'MARIA ELENA', 'MAMANI', '', '7037', 'madre'),
(300, 'BRAYAN ALEJANDRO', 'CRUZ', 'HERNANDEZ', 'M', '8098001720214359', '15785820', '2016-05-12', 'ADRIANA ', 'HERNANDEZ', '', '62713153', 'madre'),
(301, 'KEVIN JAIRO', 'FUENTES', 'AJATA', 'M', '409000052022744A', '17152297', '2016-10-06', '', '', '', '', 'padre'),
(302, 'OLIVER JAIME', 'FLORES', 'CHURA', 'M', '808901162020031', '', '2014-12-24', NULL, NULL, NULL, NULL, NULL),
(304, 'MIGUEL ANGEL', 'MAMANI', 'ALBA', 'M', '4090000520214577', '16832363', '2015-12-02', NULL, NULL, NULL, NULL, NULL),
(305, 'MELIA ANALY', 'MENECES', 'CARRILLO', 'F', '4090000520217993', '17746698', '2016-02-04', 'SONIA', 'CARRILLO', '', '71009076', 'madre'),
(306, 'IKER', 'MOLLO', 'CHURQUI', 'M', '8111002020215289', '14963277', '2016-12-26', '', '', '', '', 'padre'),
(307, 'OLIVER CHRISTHIAN', 'ORELLANA', 'CHOQUE', 'M', '4090000520221223', '15166441', '2016-09-27', 'ISABEL ', 'CHOQUE', '', '76455137', 'madre'),
(308, 'GUADALUPE MARIETA', 'ROCHA', 'YANA', 'F', '8090002420228432', '14854041', '2017-03-24', 'MAURICIO', 'ROCHA', '', '77929401', 'padre'),
(309, 'MELANI ARIELI', 'RODRIGUEZ', 'MENESES', 'F', '4090000520211349', '', '2016-05-07', 'FIORELA', 'MENESES', '', '76984992', 'madre'),
(311, 'DELICIA', 'TINTA', 'VARGAS', 'F', '409000052020015', '13478164', '2015-04-20', 'NORA ', 'VARGAS', '', '72286717', 'padre'),
(312, 'JOSE MANUEL', 'TOLA', 'PILLCO', 'M', '4090000520236874', '17736140', '2015-12-28', 'olg ', 'pILLCO', '13569659', '72771885', 'madre'),
(313, 'ALEXANDER', 'VARGAS', 'QUIROGA', 'M', '7137004020217164', '16520179', '2017-03-24', '', '', '', '', 'padre'),
(314, 'EMILY BRIANA', 'VERA', 'PADILLA', 'F', '409000352021846A', '16570495', '2016-10-27', 'SOLEDAD ', 'PADILLA', '', '77989542', 'madre'),
(316, 'DARSON', 'VILLARROEL', 'ALMANZA', 'M', '4090000520221087', '15698094', '2017-05-12', 'CINTHIA', 'ALMANZA', '', '64948322', 'madre'),
(317, 'DAINOR', 'VILLARROEL', 'ALMANZA', 'M', '4090000520222598', '15698042', '2017-05-12', 'CINTHIA ', 'ALMANZA', '', '64948322', 'madre'),
(318, 'PAMELA', 'ALBA', 'ALMANZA', 'F', '409000052021204', '14834718', '2015-08-07', 'LORENA', 'ALBA ALMANZA', '', '62676703', 'tutor'),
(320, 'JHONATAN', 'CALI', 'ESPINOZA', 'M', '4090000520211868', '16425624', '2016-06-12', 'NANCY ', 'ESPINOZA', '', '64931687', 'madre'),
(321, 'MATEO', 'CHAMBI', 'VICENTE', 'M', '4090000520215546', '16414746', '2016-06-16', 'JULIA ', 'VICENTE', '', '67549580', 'madre'),
(322, 'SAMMAEL RUDDY', 'COPA', 'GANDARILLAS', 'M', '809804962020084', '16328534', '2015-08-17', '', '', '', '', 'padre'),
(323, 'ALEX LEONARDO', 'COPA', 'TITO', 'M', '409000092020036', '15621317', '2016-02-20', 'AIDE ', 'TITO', '', '74837399', 'madre'),
(324, 'ALEXSANDER', 'CORIA', 'VILLARROEL', 'M', '409000272020030', '16780191', '2015-10-08', NULL, NULL, NULL, NULL, NULL),
(325, 'BRITANI ASHLEY', 'CRESPO', 'HERRERA', 'F', '4090000520219042', '16833870', '2016-04-22', '', '', '', '', 'padre'),
(326, 'MIKEL', 'ESCALERA', 'TOLA', 'M', '6090001420219425', '15896955', '2015-12-04', NULL, NULL, NULL, NULL, NULL),
(327, 'JHESICA', 'FERNANDEZ', 'REVOLLO', 'F', '4090000520218985', '14864930', '2016-06-14', 'JUAN ', 'REVOLLO', '', '', 'madre'),
(328, 'JOSE DAVID', 'GUTIERREZ', 'SIACARI', 'M', '809804972020012', '15319487', '2015-06-11', 'FIDEL ', 'GUTIERREZ', '', '73808204', 'padre'),
(329, 'MARIA BELINDA', 'INOCENTE', 'SOTO', 'F', '409000332020038', '15369524', '2014-08-27', 'MIRIAN ', 'SOTO', '', '64864247', 'madre'),
(330, 'JOSE', 'LAZARO', 'ATAHUICHI', 'M', '8098004520211624', '14147270', '2015-09-02', '', '', '', '', 'padre'),
(331, 'YANNICK', 'LEON', 'REQUE', 'M', '4090000520215922', '16621839', '2016-05-10', 'MARTHA ', 'REQUE', '', '77767713', 'madre'),
(332, 'JHORDI', 'LIMA', 'ESPINOZA', 'M', '4090000520212039', '16425649', '2016-02-06', 'MARISABEL', 'ESPINOZA', '', '68648959', 'madre'),
(333, 'JHON EDUAR', 'LIMACHI', 'TACURI', 'M', '409000052021577A', '16131886', '2015-10-13', 'MARIBEL ', 'TACURI', '', '68487971', 'madre'),
(334, 'HENRY JHOJAN', 'MAMANI', 'ROMAN', 'M', '8098055820213377', '15033618', '2016-05-23', NULL, NULL, NULL, NULL, NULL),
(335, 'ARON', 'MAMANI', 'JAILLITA', 'M', '4090000520217451', '15613938', '2015-08-20', NULL, NULL, NULL, NULL, NULL),
(336, 'EMILY', 'MANUEL', 'OYARDO', 'F', '4090000520218683', '15111007', '2015-08-20', 'JUANA ', 'OYARDO', '', '72723454', 'madre'),
(337, 'HEYDY PILAR', 'MARCA', 'TARQUI', 'F', '409000272020008', '16315565', '2015-02-01', 'MARITZA', 'TARQUI', '', '63443386', 'madre'),
(338, 'KEYLA', 'MENDOZA', 'MAMANI', 'F', '4090000520217912', '15697059', '2016-02-01', 'SORAIDA', 'MAMANI', '', '67538954', 'madre'),
(339, 'PAUL', 'MORALES', 'PEÑA', 'M', '4090000520212113', '15767664', '2016-01-07', '', '', '', '', 'padre'),
(340, 'AXEL', 'NINAVIA', 'REVOLLO', 'M', '4090000520213020', '16275711', '2016-04-26', 'TRIFONIA', 'REVOLLO', '', '67511876', 'tutor'),
(341, 'DANA JAZMIN', 'PACHECO', 'MENECES', 'F', '409000312020010', '16831579', '2015-08-12', NULL, NULL, NULL, NULL, NULL),
(342, 'ROBERTO OLIVER', 'QUENTA', 'QUENTA', 'M', '4073024920223529', '14675732', '2015-09-06', 'JHENNY OLIVIA', 'QUENTA MAMANI', '', '72088508', 'madre'),
(343, 'DANAHE REBECA', 'QUIROZ', 'MAMANI', 'F', '809801242020006', '15771328', '2015-10-12', '', '', '', '', 'padre'),
(346, 'BRIANNA EMILY', 'VELIZ', 'AIRA', 'F', '4090000720216164', '15835657', '2015-10-06', NULL, NULL, NULL, NULL, NULL),
(347, 'WILLIAMS', 'ACHO', 'VASQUEZ', 'M', '8098043120215729', '15403307', '2016-02-17', 'LIDIA', 'VASQUEZ', '', '64919840', 'madre'),
(348, 'ALEXIS', 'ALVAREZ', 'HINOJOSA', 'M', '4090000520218112', '16675398', '2015-07-21', '', '', '', '', 'padre'),
(350, 'BRAYAN', 'CHALLAPA', 'PADILLA', 'M', '4090000520217302', '16514007', '2015-07-06', 'ANACLETA ', 'PADILLA', '', '', 'madre'),
(352, 'ISMAEL', 'COPA', 'SOLIZ', 'M', '4090000520211475', '15611805', '2016-02-07', NULL, NULL, NULL, NULL, NULL),
(353, 'JADE', 'ESPINOZA', 'HERNANDEZ', 'F', '8098001720214040', '16687224', '2016-06-02', 'DANITZA ', 'HERNANDEZ ', '', '76912227', 'madre'),
(354, 'VISMAR', 'ESPINOZA', 'ALMANZA', 'M', '4090000720212856', '15730996', '2015-09-18', 'JUAN DE DIOS ', 'ESPINOZA', '', '69458990', 'padre'),
(355, 'JHOJAN JAEL', 'FATTY', 'LAUREANO', 'M', '409000352020900', '', '2015-11-21', 'ROXANA ', 'LAUREANO', '', '79383508', 'madre'),
(356, 'YAIR ANDRE', 'FERNANDEZ', 'VILLARROEL', 'M', '809801682020036', '15447721', '2015-08-13', 'LIZETH ', 'VILLARROEL', '', '60731913', 'madre'),
(357, 'AMAIRANY', 'FERREL', 'QUIROZ', 'M', '4090000520214742', '15962981', '2016-04-12', 'MARGARITA', 'QUIROZ', '', '76910181', 'madre'),
(359, 'BRYANA', 'MAMANI', 'IQUISE', 'F', '812303102018042', '15744509', '2014-05-21', 'MATILDE', 'IQUISE', '', '68461905', 'madre'),
(360, 'ADAIR GAEL', 'MAMANI', 'VILLARROEL', 'M', '409000272020034', '15736172', '2016-05-04', '', '', '', '', 'padre'),
(361, 'JHORDDY', 'MAMANI', 'REVOLLO', 'M', '40900005202129A', '16594665', '2015-06-30', 'JUANA', 'REVOLLO', '', '', 'madre'),
(362, 'ANDRES', 'MERCADO', 'QUISPE', 'M', '409000042020011', '16325388', '2015-09-03', NULL, NULL, NULL, NULL, NULL),
(364, 'KEYLA JANEL', 'OTALORA', 'SALAZAR', 'F', '409000272020056', '16833132', '2016-01-24', NULL, NULL, NULL, NULL, NULL),
(365, 'JHEFFERSON YHAIR', 'QUIROZ', 'SOLIZ', 'M', '4090000520214252', '17054936', '2015-12-31', NULL, NULL, NULL, NULL, NULL),
(366, 'ERICK', 'REINAGA', 'MONTECINOS', 'M', '4090000520211965', '15992944', '2015-10-01', 'JUAN CARLOS', 'REINAGA', '', '70350149', 'padre'),
(367, 'GUADALUPE ADRIANA', 'ROMERO', 'MEDILES', 'F', '809800852020035', '16782193', '2016-04-14', NULL, NULL, NULL, NULL, NULL),
(368, 'ABRAHAM LUIS', 'TICONA', 'CONDORI', 'M', '409000092018028', '16627228', '2013-09-16', 'MARIO', 'TICONA', '', '76943347', 'padre'),
(369, 'VALENTINA', 'VIDAURRE', 'VILLCA', 'F', '4090000520217782', '16128118', '2016-06-04', NULL, NULL, NULL, NULL, NULL),
(370, 'ANDEL ALEXANDER', 'ZEGARRA', 'PADILLA', 'M', '4090003520207905', '15715575', '2016-05-02', 'GABRIELA', 'PADILLA', '', '77408714', 'madre'),
(371, 'YANCARLA', 'ALA', 'SOTO', 'F', '409000052020016', '15216381', '2014-12-13', NULL, NULL, NULL, NULL, NULL),
(372, 'DELIA', 'BARRETA', 'CRUZ', 'F', '409000052020013', '17012399', '2014-08-17', 'EULOGIO', 'BARRETA', '', '67497773', 'padre'),
(373, 'DIVER GROVER', 'CABEZAS', 'JUÑES', 'M', '409000052020004', '15825962', '2015-04-20', 'VIVIANA', 'JUÑEZ', '', '67318890', 'madre'),
(374, 'ADRIAN SANTIAGO', 'CADENA', 'SARAVIA', 'M', '809804552019009', '14853168', '2015-03-05', '', '', '', '', 'padre'),
(375, 'JOEL ESTEBAN', 'CLAROS', 'MARIN', 'M', '409000052020005', '15637428', '2014-11-15', 'DARIA', 'MARIN', '', '', 'madre'),
(376, 'CAMILA CELESTE', 'CORO', 'GUTIERREZ', 'F', '409000062019048', '14775380', '2014-11-24', 'MARIAN', 'CAMACHO', '', '76944553', 'madre'),
(377, 'JHOSEP GAEL', 'ESPINOZA', 'AIRA', 'M', '409000062019013', '14384425', '2014-11-24', 'MIRIAN ', 'AIRA', '', '69533854', 'madre'),
(378, 'YURI', 'ESPINOZA', 'AGUILAR', 'M', '409000052020008', '15715404', '2014-07-15', 'NIEVES ', 'AGUILAR', '', '75930442', 'madre'),
(379, 'ABIGAIL', 'ESTRADA', 'VENEGAS', 'F', '409000052020017', '15182435', '2014-12-03', NULL, NULL, NULL, NULL, NULL),
(380, 'ALEXANDER', 'FATTY', 'TOCO', 'M', '409000052020006', '14121616', '2014-10-12', NULL, NULL, NULL, NULL, NULL),
(382, 'LUZ JHENNY', 'LLAMPA', 'BORDA', 'F', '609000052019046', '16935862', '2014-12-08', 'senovia ', 'borda herrera', '13416671', '73343766', 'madre'),
(383, 'LESLY BIANCA', 'MAMANI', 'IQUISE', 'F', '812303102017500A', '15744425', '2012-12-25', 'MATILDE', 'IQUISE', '', '68461905', 'madre'),
(384, 'JUAN MARCOS', 'MENDOZA', 'MAMANI', 'M', '808900202020057', '15697124', '2014-08-03', 'SORAIDA ', 'MAMANI', '', '67538954', 'madre'),
(385, 'LISBETH', 'OLGUIN', 'REJAS', 'F', '409000052020014', '14817692', '2014-11-19', '', '', '', '', 'padre'),
(386, 'LUCIANA YANDI', 'OTALORA', 'SALAZAR', 'F', '409000272019011', '16833157', '2014-09-08', NULL, NULL, NULL, NULL, NULL),
(387, 'JHONY MATHIAS', 'PINTO', 'AGUILAR', 'M', '809000242019112', '16190259', '2015-04-16', 'ARMINDA', 'AGUILAR VILLARROEL', '', '65729386', 'madre'),
(388, 'JHON NEYMAR', 'POMA', 'CONDORI', 'M', '409000052020009', '15630971', '2014-11-09', 'MAGDALENA', 'CONDORI', '', '67505838', 'madre'),
(389, 'AVIMAEL', 'ROCHA', 'ESCOBAR', 'M', '409000052020019', '16641122', '2014-11-05', '', '', '', '', 'padre'),
(390, 'ELISA', 'RODRIGUEZ', 'PANIAGUA', 'F', '409000062019026', '15478895', '2014-09-13', 'MELVI', 'PANIAGUA', '', '74315570', 'madre'),
(391, 'PAOLA ALEJANDRA', 'VARGAS', 'MONTECINOS', 'F', '409000052020011', '14512973', '2015-01-16', NULL, NULL, NULL, NULL, NULL),
(392, 'ALEXIS', 'VERA', 'PADILLA', 'M', '4090003520205084', '16570470', '2015-05-08', 'SOLEDAD', 'PADILLA', '', '77989542', 'madre'),
(393, 'AYELEN JHULIET', 'VILLARROEL', 'CESPEDES', 'F', '809000442020004', '16575491', '2015-02-25', 'MARIBEL ', 'CESPEDES GUSMAN', '9309700', '71768991', 'madre'),
(394, 'JHEYSON', 'VIZALLA', 'PUMA', 'M', '409000052020001', '16833238', '2015-04-21', 'TOMASA', 'PÚMA', '', '67586908', 'madre'),
(395, 'MONICA CONNIE', '', 'YUJRA', 'F', '409000052021614', '14077795', '2014-09-11', 'MONICA ', 'YUJARA', '', '', 'madre'),
(396, 'ZURIA CELESTE', '', 'ESCOBAR', 'F', '409000052019025', '16888911', '2014-01-22', 'ROSA ROSMERY', 'CARRILLO', '', '62645969', 'madre'),
(397, 'CRISTIAN', 'CASILLA', 'UGARTE', 'M', '809802352020108', '15720055', '2015-06-03', 'MARIA', 'UGARTE GUTIERREZ ', '8854967', '68595191', 'madre'),
(398, 'EGBERTO GROVER', 'CHIPANA', 'MAMANI', 'M', '409000042019055', '16195113', '2014-08-31', '', '', '', '', 'padre'),
(399, 'ANAHI SELENA', 'GUTIERREZ', 'HERRERA', 'F', '409000052020028', '16833854', '2014-11-22', '', '', '', '', 'padre'),
(400, 'MICAELA', 'GUTIERREZ', 'MARTINEZ', 'F', '814801592019009', '15429081', '2014-08-05', NULL, NULL, NULL, NULL, NULL),
(401, 'CAMILA ALEJANDRA', 'GUZMAN', 'POMA', 'F', '819805022019991A', '17586050', '2014-09-04', 'CHRISTIAN JOSE', 'BERNAL POMA', '8822693', '68546096', 'tutor'),
(402, 'BRISA KELLY', 'GUZMAN', 'ENCINAS', 'F', '409000222020032', '17020901', '2014-09-26', '', '', '', '', 'padre'),
(403, 'CAMILA SAORI', 'GUZMAN', 'POMA', 'F', '8198050220192166', '17586051', '2014-09-04', 'CHRISTIAN JOSE', 'BERNAL  POMA', '8822693', '68546096', 'tutor'),
(405, 'LUIS MIGUEL', 'MAMANI', 'ORTIZ', 'M', '4090003520201319', '15616928', '2015-05-19', 'ISIDORA', 'ORTIZ', '', '72288471', 'madre'),
(406, 'THIAGO JULIAN', 'MEDRANO', 'RODRIGUEZ', 'M', '809800452019114', '14700440', '2014-12-26', 'SANDRA ', 'RODRIGUEZ', '', '62676248', 'madre'),
(407, 'ALINA', 'MERIDA', 'QUIROZ', 'F', '808600752020046', '15929303', '2015-06-18', 'LUCIA ', 'QUIROZ', '', '63844095', 'madre'),
(408, 'MARJHOLI', 'PEDRO', 'HERRERA', 'F', '409000052020030', '16126447', '2015-02-06', 'CLAUDIA', 'HERRERA', '', '76493155', 'madre'),
(409, 'LIA MELANY', 'PEREZ', 'ALACORE', 'F', '409000052020010', '15608455', '2015-06-28', 'GLORIA ', 'CHAMBI', '', '76923386', 'tutor'),
(410, 'JENNIFER', 'RAMIREZ', 'PEREDO', 'F', '409000052020012', '16527835', '2014-11-09', NULL, NULL, NULL, NULL, NULL),
(411, 'JHOEL', 'ROJAS', 'QUECAÑA', 'M', '409000052020024', '16833574', '2015-05-06', NULL, NULL, NULL, NULL, NULL),
(412, 'VICTOR ALEJANDRO', 'SANDOVAL', 'VILLARROEL', 'M', '409000062019031', '14735074', '2014-09-08', 'VUENAVENTURA', 'SANDOVAL ', '', '76433206', 'padre'),
(414, 'JHESSICA', 'TOLA', 'PILLCO', 'F', '409000052020025', '17256755', '2014-07-12', 'OLG', 'pILLCO', '13569659', '72771885', 'madre'),
(415, 'ALEX', 'VARGAS', 'TOMAS', 'M', '709000762020029', '16700109', '2014-08-09', 'FERMIN ', 'VARGAS', '', '63919770', 'padre'),
(416, 'AINHOA VALENTINA', 'ZURITA', 'VERA', 'F', '409000272019017', '15068529', '2014-12-20', NULL, NULL, NULL, NULL, NULL),
(417, 'SANTIAGO', 'ALCOCER', 'LIMACHI', 'M', '4073027520185865', '14948874', '2014-03-30', 'FILOMENA ', 'CACHI DE LIMACHI', '2317315', '73510675', 'tutor'),
(418, 'SAMUEL', 'APAZA', 'MAMANI', 'M', '409000052019021', '15698455', '2014-02-22', 'BASILIA', 'MAMANI', '', '63979553', 'madre'),
(419, 'SAUL', 'APAZA', 'MAMANI', 'M', '409000052019040', '15698447', '2014-02-22', 'BASILIA', 'MAMANI', '', '63979553', 'madre'),
(420, 'JOSE ANGEL', 'AVILA', 'PADILLA', 'M', '409000052018062', '17526206', '2013-01-08', 'ANACLETA ', 'PADILLA', '', '', 'madre'),
(421, 'ROSALIA', 'CABRERA', 'MONTECINOS', 'M', '409000052019037', '16834521', '2013-07-17', '', '', '', '', 'padre'),
(422, 'DANIELA', 'CARRILLO', 'PADILLA', 'F', '409000052019012', '', '2013-11-13', NULL, NULL, NULL, NULL, NULL),
(423, 'ANTONELLA MATILDA', 'CLAURE', 'MONTAÑO', 'F', '609000262018024', '15476349', '2013-12-18', 'EUNICE', 'MONTAÑO', '', '78006096', 'madre'),
(424, 'BEIMAR', 'COCA', 'CALLAHUARA', 'M', '409000052019033', '15726564', '2014-03-25', NULL, NULL, NULL, NULL, NULL),
(425, 'RODRIGO', 'COTARI', 'JIMENEZ', 'M', '409000052019018', '16495938', '2013-08-26', NULL, NULL, NULL, NULL, NULL),
(426, 'DENNISE PEITON', 'ESPINOZA', 'HERNANDEZ', 'F', '809800172019038', '16687221', '2013-12-19', 'DANITZA', 'HERNANDEZ', '', '76912227', 'madre'),
(427, 'JOSE LUIS', 'FATTY', 'NICASIO', 'M', '409000052019039', '15589685', '2014-03-07', 'EPIFANIA ', 'NICACIO', '', '72715366', 'madre'),
(428, 'SAMEER CRISTOFER', 'GARCIA', 'CHOQUE', 'M', '609500202018073', '15028080', '2013-09-11', NULL, NULL, NULL, NULL, NULL),
(429, 'JESSICA', 'HERRERA', 'OYARDO', 'F', '806100362017003', '15666854', '2011-12-25', 'MAYDA', 'OYARDO QUISPE', '7003528', '63495062', 'madre'),
(430, 'ARIEL', 'HINOJOSA', 'VILLARROEL', 'M', '409000052019048', '15714740', '2014-04-04', 'MARTINA', 'VILLARROEL', '', '72790679', 'madre'),
(431, 'MARCO', 'HUANCA', 'CRESPO', 'M', '809000062019071', '16092353', '2014-02-19', NULL, NULL, NULL, NULL, NULL),
(432, 'JUAN ABAD', 'INOCENTE', 'CUISARA', 'M', '409000052019032', '15646918', '2014-01-10', NULL, NULL, NULL, NULL, NULL),
(433, 'LEONIDAS SANTIAGO', 'JANCO', 'AYALA', 'M', '812302032017045', '15382796', '2013-06-12', 'LEIDY', 'AYALA  CALLIZAYA', '7396200', '', 'madre'),
(434, 'JOSUE', 'LIMA', 'ESPINOZA', 'M', '409000052019023', '16425619', '2014-03-04', 'MARISABEL ', 'ESPINOZA', '', '68648959', 'madre'),
(436, 'DILMAR EDUARDO', 'LONASCO', 'RUIZ', 'M', '409000052019044', '15705362', '2014-03-23', 'NANCY ', 'RUIZ', '', '74236148', 'madre'),
(437, 'DEIMAR', 'LOZA', 'MEDRANO', 'M', '409000042018028', '15798323', '2014-03-21', 'MERY', 'MEDRANO', '', '72729748', 'madre'),
(439, 'SANTIAGO CRISTOFER', 'MENDEZ', 'QUINTEROS', 'M', '809800322018009', '15689950', '2013-12-19', 'FABIOLA', 'QUINTEROS', '', '60394409', 'madre'),
(440, 'SHEYLA GRACIELA', 'MERINO', 'PANAMA', 'F', '409000042018010', '17021603', '2013-10-20', 'DALCY', 'PANAMA', '', '69520984', 'madre'),
(441, 'DANIEL', 'PAREDES', 'LIQUEN', 'M', '409000052018001', '16767693', '2011-08-08', 'SHIRLEY ', 'LIQUEN ', '', '61608360', 'madre'),
(442, 'DILAN NEYDER', 'PEÑA', 'MENESES', 'M', '409000052018034', '15799003', '2013-01-09', 'FIORELA', 'MENESES', '', '', 'madre'),
(443, 'BELINDA', 'PEREZ', 'TOAQUE', 'F', '409000052019056', '14850766', '2014-05-27', NULL, NULL, NULL, NULL, NULL),
(444, 'JHENIFER ESDENKA', 'QUENTA', 'QUENTA', 'F', '809802132019089', '13844241', '2013-10-05', 'JHENNY OLIVIA ', 'QUENTA  MAMANI', '', '72088508', 'madre'),
(445, 'NEYMAR', 'RAMIREZ', 'LEON', 'M', '409000052019027', '15589067', '2014-03-27', NULL, NULL, NULL, NULL, NULL),
(446, 'JHISSELA', 'ROJAS', 'ROJAS', 'F', '809804012019017', '15530764', '2014-06-01', 'GERVAN ', 'ROJAS', '', '71404750', 'padre'),
(447, 'DAYANA BELEN', 'ROJAS', 'QUECAÑA', 'F', '409000052019035', '16833601', '2013-12-03', '', '', '', '', 'padre'),
(448, 'DAEL ALBERTH', 'SOLA', 'COPA', 'M', '409000272019046', '16104123', '2013-12-15', 'DANIELA ', 'COPA', '', '74758703', 'madre'),
(449, 'JOSE LUIS', 'VARGAS', 'ATAHUICHI', 'M', '409000042018025', '13436482', '2013-07-21', NULL, NULL, NULL, NULL, NULL),
(450, 'JOEL JHASMANI', 'VERA', 'ROCHA', 'M', '409000052019015', '15834516', '2013-10-23', 'HILDA ', 'ROCHA TERCEROS ', '', '4378580', 'madre'),
(451, 'WENDY JHOANA', 'ARGOTE', 'ANGULO', 'F', '409000052019011', '17189574', '2014-05-17', 'ROSSE MARY ', 'ANGULO', '', '', 'madre'),
(452, 'AYLIN', 'BRAVO', 'AVALOS', 'F', '409000062018066', '15546996', '2014-04-19', '', '', '', '', 'padre'),
(453, 'ISAAC JHIMY', 'BURGULLA', 'FLORES', 'M', '809800172018008', '15620181', '2014-04-02', 'ISAIAS ', 'BURGULLA', '', '68515412', 'padre'),
(454, 'MARY YSABEL', 'CABEZAS', 'HUANCA', 'F', '409000052019005', '16964026', '2014-06-20', 'REYNALDO ', 'CABEZAS', '', '78312297', 'padre'),
(455, 'LIZETH', 'CALI', 'VELIZ', 'F', '409000052019009', '15193840', '2013-09-24', 'CONSTANTINA', 'VELLIZ', '', '', 'madre'),
(456, 'JOSE LUIS', 'CASILLA', 'UGARTE', 'M', '809802352017113', '15719970', '2013-01-25', 'MARIA ', 'UGARTE GUTIERREZ', '', '68595191', 'padre'),
(457, 'ANDREA SOFIA', 'CASTELLON', 'RIVERA', 'F', '6090005720195831', '16892612', '2013-11-10', 'JHONNY ', 'CASTELLANO', '', '60758415', 'padre'),
(458, 'ROY NELSON', 'CHIPATA', 'CABEZAS', 'M', '409000042019011', '14195509', '2013-10-21', NULL, NULL, NULL, NULL, NULL),
(459, 'JOSE ARIEL', 'CONDORI', 'ROCHA', 'M', '706400012019081', '17000155', '2013-11-07', 'ELVIRA ', 'ROCHA', '', '71498754', 'madre'),
(460, 'MATHIAS', 'FLORES', 'HERRERA', 'M', '809801072019006', '16323337', '2014-01-30', NULL, NULL, NULL, NULL, NULL),
(461, 'WILBER', 'GARCIA', 'TECILLO', 'M', '409000052019054', '16016651', '2014-02-19', 'CARMEN ', 'TECILLO', '', '68595199', 'madre'),
(462, 'LUZ CLARITA', 'GARCIA', 'PADILLA', 'F', '409000052019050', '17524677', '2014-06-01', 'ALEJANDRA ', 'GARCIA', '', '64922115', 'tutor'),
(463, 'ROSELINDA', 'GOMEZ', 'CABEROS', 'F', '409000052020032', '13588764', '2014-06-09', 'SABINA ', 'CABEROS', '', '72194703', 'madre'),
(464, 'JOSE LUIS', 'GUARAYO', 'HUMEREZ', 'M', '409000052018014', '16249655', '2013-06-13', 'FABIANA ', 'HUMEREZ', '', '67555911', 'madre'),
(465, 'DAYANA', 'GUTIERREZ', 'MAQUERA', 'F', '407304572018027', '15220897', '2014-02-14', NULL, NULL, NULL, NULL, NULL),
(466, 'THIAGO YAIR', 'HUARACHI', 'APAZA', 'M', '809800682018073', '16010652', '2013-08-19', 'CECILIA ', 'APAZA', '', '69868986', 'madre'),
(467, 'LESLY', 'MAMANI', 'ALBA', 'F', '409000042017072', '16832382', '2012-10-09', NULL, NULL, NULL, NULL, NULL),
(468, 'DAVID DEYMAR', 'MAMANI', 'CHOQUE', 'M', '809802892018034', '16087243', '2013-11-20', 'edgar ', 'mamani', '8261318', '71231881', 'padre'),
(469, 'JHONN JAIRO', 'MENDOZA', 'VERA', 'M', '409000042018015', '14090279', '2014-01-27', NULL, NULL, NULL, NULL, NULL),
(470, 'LUCIANA', 'MENESES', 'ROJAS', 'F', '409000252018002', '17030472', '2013-09-19', NULL, NULL, NULL, NULL, NULL),
(471, 'DELIA', 'MICACIO', 'GERONIMO', 'F', '409000052018018', '15609305', '2013-06-18', NULL, NULL, NULL, NULL, NULL),
(473, 'BRIANA KATERIN', 'NUÑEZ', 'FUENTES', 'F', '809802352018041', '16409004', '2014-03-12', 'DANIELA ', 'FUENTES', '', '60747785', 'padre'),
(474, 'ERICK', 'NUÑEZ', 'HERBOSO', 'M', '409000052020033', '16625970', '2013-10-16', NULL, NULL, NULL, NULL, NULL),
(475, 'KEYLA MARIANA', 'OROSCO', 'ROCHA', 'F', '409000272018014', '14094575', '2014-01-21', NULL, NULL, NULL, NULL, NULL),
(476, 'THIAGO MIJAHIL', 'QUISPE', 'MAITA', 'M', '409000092018068', '15598616', '2013-11-26', 'VALERIA ', 'MAYTA', '', '70306431', 'madre'),
(478, 'GRICEL', 'ROCHA', 'PEÑA', 'F', '409000052019045', '15644288', '2013-10-24', 'JULIA ELENA', 'PEÑA', '9349189', '78676957', 'madre'),
(479, 'DAMARIS DIANA', 'SALVATIERRA', 'ACHO', 'F', '409000052019006', '15783906', '2014-06-19', 'VIVIANA', 'ACHO', '', '72743722', 'madre'),
(480, 'KAMILY GABRIELA', 'SANDOVAL', 'ROJAS', 'F', '809800852019133', '16964341', '2013-10-09', 'CLAUDIA ', 'ROJAS', '', '62471669', 'madre'),
(481, 'JHEYSON', 'SOLIZ', 'FERRUFINO', 'M', '409000072020062', '16203662', '2014-06-13', 'ISIDORA', 'FERRUFINO', '', '71786071', 'madre'),
(482, 'VICTORIA', 'ULUNQUE', 'SALVATIERRA', 'F', '409000062018023', '16834116', '2013-07-18', 'MARGARITA ', 'SALVATIERRA', '', '76406087', 'madre'),
(483, 'JOSE LUIS', 'VERA', 'FUENTES', 'M', '409000052019051', '15839223', '2014-05-11', NULL, NULL, NULL, NULL, NULL),
(484, 'BELEN', 'VIZALLA', 'PUMA', 'F', '409000052019031', '15129374', '2013-03-12', 'TOMASA', 'PUMA', '', '67586908', 'madre'),
(485, 'BORIS', 'ACHU', 'LAZARO', 'M', '409000052017030', '15689708', '2011-06-07', NULL, NULL, NULL, NULL, NULL),
(486, 'NOELIA NATALY', 'ALVARADO', 'LAUREANO', 'F', '409000052018040', '12623437', '2012-10-22', 'REYNALDA ', 'LAUREANO ', '', '71708850', 'madre'),
(487, 'JUAN', 'ALVAREZ', 'GONZALES', 'M', '409000052017022', '14829206', '2012-04-10', 'HECTOR ', 'ALVAREZ', '', '77930803', 'tutor'),
(488, 'DAVID', 'ARCE', 'CAMPOS', 'M', '808900602018013', '15202034', '2013-03-11', NULL, NULL, NULL, NULL, NULL),
(489, 'MATEO AGUSTIN', 'BELTRAN', 'HUANCA', 'M', '809800832018005', '16244107', '2013-03-21', 'CAROLINA ', 'HUANCA', 'A', '60765121', 'madre'),
(490, 'JOSE LUIS', 'CALI', 'VELIZ', 'M', '409000052017044', '14856734', '2011-08-11', 'CONSTANTINA ', 'VELIZ', '', '', 'madre'),
(491, 'PEDRO PABLO', 'CALIZAYA', 'SALVATIERRA', 'M', '409000052018015', '16179792', '2012-09-22', 'ROXANA', 'SALVATIERRA', '', '68041040', 'madre'),
(492, 'KEVIN', 'CHOQUE', 'ROJAS', 'M', '809804662015107', '13099467', '2011-02-17', 'PRUDENCIA ', 'ROJAS', '', '74369203', 'madre'),
(493, 'JHISU JHASMIN', 'CHOQUEHUANCA', 'VASQUEZ', 'F', '509000042018009', '14235744', '2013-01-19', NULL, NULL, NULL, NULL, NULL),
(494, 'SULEYDA', 'COCA', 'CALLAHUARA', 'F', '409000302017027', '15726485', '2012-07-04', NULL, NULL, NULL, NULL, NULL),
(495, 'DANIEL', 'COPA', 'SOLIZ', 'M', '409000052018063', '14833723', '2012-10-05', NULL, NULL, NULL, NULL, NULL),
(496, 'MILER', 'CRESPO', 'HERRERA', 'M', '409000052018057', '16833844', '2013-04-24', '', '', '', '', 'padre'),
(497, 'JADE', 'ESPINOZA', 'AGUILAR', 'F', '409000052018038', '15587751', '2012-07-25', 'NIEVES', 'AGUILAR', '', '75930442', 'madre'),
(498, 'MAGDYEL GABRIELA', 'FERRUFINO', 'MAIZO', 'F', '409000052018035', '15364524', '2013-02-25', 'JIMENA ', 'MAIZO', '', '76454420', 'madre'),
(499, 'LUZ KAREN', 'FLORES', 'CHURA', 'F', '804802912017017', '15621664', '2012-12-16', 'EDUARDA', 'CHURA COLQUE', '6634651', '75992588', 'madre'),
(501, 'DAVID ELOY', 'GUTIERREZ', 'MARTINEZ', 'M', '814800472017050', '14755413', '2012-11-25', NULL, NULL, NULL, NULL, NULL),
(502, 'MARIANA', 'INOSENTE', 'SALVATIERRA', 'F', '409000052018036', '13418710', '2012-07-15', 'PAULINA', 'ESPINOZA', '', '', 'tutor'),
(503, 'JHASMIN', 'JANKORI', 'DELGADILLO', 'F', '409000052019003', '16249468', '2013-02-10', 'VIVIANA ', 'DELGADILLO B', '', '63979069', 'madre'),
(504, 'NEIMAR', 'JORA', 'VENEGAS', 'M', '409000052018046', '14856182', '2012-12-27', NULL, NULL, NULL, NULL, NULL),
(505, 'JAZEL SOFFI', 'LUQUE', 'CHALAR', 'F', '609000282017056', '13622936', '2013-04-25', '', '', '', '', 'padre'),
(507, 'FERNANDO', 'MAMANI', 'PACO', 'M', '409000052018037', '15718323', '2012-11-23', NULL, NULL, NULL, NULL, NULL),
(508, 'MAX TAYRON', 'MENDEZ', 'RODRIGUEZ', 'M', '719800622017003', '17005869', '2012-09-06', 'JHANETH ', 'RODRIGUEZ', '', '', 'madre'),
(509, 'YHEYSON', 'NOGALES', 'MORALES', 'M', '409000052018050', '14829288', '2012-12-16', NULL, NULL, NULL, NULL, NULL),
(510, 'SONIA', 'OJEDA', 'VALERIANO', 'F', '814500742017001', '15629179', '2012-07-22', '', '', '', '', 'padre'),
(511, 'NOEMI', 'OLGUIN', 'REJAS', 'F', '409000052018047', '13347219', '2012-09-30', '', '', '', '', 'padre'),
(512, 'EDUARD DILAN', 'OTALORA', 'CHOQUE', 'M', '409000052018056', '15409147', '2013-04-24', 'SUSY ', 'CHOQUE', '', '77432719', 'madre'),
(514, 'JUAN RAMIRO', 'PADILLA', 'ROSAS', 'M', '409000052018053', '12776017', '2012-07-17', 'VALENTINA', 'ESPINOZA', '', '77498224', 'madre'),
(515, 'RAFAELA', 'PEREZ', 'ROCA', 'F', '809804682018013', '14095613', '2013-03-19', NULL, NULL, NULL, NULL, NULL),
(516, 'MAURICIO JAVIER', 'QUIROZ', 'SOLIZ', 'M', '409000052016016', '', '2011-03-20', NULL, NULL, NULL, NULL, NULL),
(517, 'ALEX ANTONIO', 'RIVERA', 'NOZA', 'M', '809804662016087', '', '2011-10-25', NULL, NULL, NULL, NULL, NULL),
(518, 'AYLEN MARIA', 'ROCHA', 'AYALA', 'F', '409000052018039', '12873609', '2012-08-06', 'NATIVIDAS', 'AYALA', '', '71443440', 'madre'),
(519, 'ALEJANDRA', 'ROCHA', 'PEÑA', 'F', '409000052016033', '15079922', '2010-12-08', 'JULIA ELENA', 'PEÑA', '9349189', '78676957', 'madre'),
(521, 'JHOVANA', 'SALVATIERRA', 'ROJAS', 'F', '409000052018032', '16628648', '2012-11-08', '', '', '', '', 'padre'),
(522, 'DEYSI', 'SANGRERI', 'MARCANI', 'F', '409000052018044', '14831262', '2013-05-27', 'ROXANA ', 'MARCANI', '', '63944212', 'madre'),
(523, 'JHEXON', 'SOLIZ', 'CONDORI', 'M', '409000052018045', '15718356', '2012-11-19', 'FELIX', 'SOLIZ', '', '', 'padre'),
(524, 'YASMANI', 'TINTA', 'VARGAS', 'M', '409000052017027', '13478163', '2011-12-05', 'NORA', 'VARGAS', '', '72286717', 'madre'),
(525, 'CRISTIAN', 'TOLA', 'PILLCO', 'M', '409000052019014', '17256724', '2012-10-31', 'OLG', 'pILLCO', '13569659', '72771885', 'madre'),
(526, 'MARIA ISABEL', '', 'ESTRADA', 'F', '409000052018016', '16832896', '2013-01-31', NULL, NULL, NULL, NULL, NULL),
(527, 'JHON ARLIN', 'ALANOCA', 'LAZO', 'M', '407302632017061', '14884367', '2013-03-22', NULL, NULL, NULL, NULL, NULL),
(528, 'JHON ISRAEL', 'BUSTOS', 'MARTINEZ', 'M', '409000302017025', '13588169', '2012-07-08', NULL, NULL, NULL, NULL, NULL),
(529, 'FERNANDA LUZ', 'CALDERON', 'LOPEZ', 'F', '409000052019002', '17257113', '2012-04-26', 'ROSALIA ', 'LOPEZ', '', '76988295', 'madre'),
(530, 'EVELIZ', 'CATUNTA', 'LAUREANO', 'F', '409000052018031', '16833700', '2012-07-14', 'EULALIA ', 'LAUREANO', '', '73789028', 'madre'),
(531, 'ISAI JOAS', 'CHOQUE', 'ESCOBAR', 'M', '40900005201477', '16219338', '2009-02-27', 'DAYSI', 'ESCOBAR CARRILLO', '8783703', '65391282', 'padre'),
(534, 'BELINDA JARUSI', 'COCA', 'SANDOVAL', 'F', '409000052018017', '15727470', '2013-03-24', NULL, NULL, NULL, NULL, NULL),
(535, 'DAVID', 'CONDORI', 'SANCARI', 'M', '409000052018055', '15997302', '2012-12-15', 'MARGARITA ', 'SANCARI', '', '68553949', 'madre'),
(536, 'KIMBERLY CELESTE', 'CORONEL', 'MAMANI', 'F', '408701052017004', '16309764', '2013-03-24', 'MARIA ELENA ', 'MAMANI', '', '70370947', 'madre'),
(537, 'ISRAEL ISAAC', 'COSSIO', 'VIDAL', 'M', '819805722018050', '16951628', '2012-09-30', NULL, NULL, NULL, NULL, NULL),
(539, 'OSMAR LEANDRO', 'FERRUFINO', 'LEDEZMA', 'M', '409000272017531A', '14603935', '2012-11-14', 'MARIA JULIA', 'LEDEZMA', '', '73781138', 'madre'),
(540, 'MAGDIEL NAYELI', 'FUENTES', 'AJATA', 'F', '409000062017026', '16833082', '2013-01-16', '', '', '', '', 'padre'),
(541, 'JOSE ELIO', 'GARCIA', 'FERNANDEZ', 'M', '509000492017010', '14983126', '2012-03-12', 'TOMASINA', 'FERNANDEZ', '', '71707480', 'madre'),
(542, 'KEVIN RAMIRO', 'GONZALES', 'SORIA', 'M', '409000042017073', '14193374', '2012-07-28', 'ROLANDO ', 'GONZALES ', '', '69519307', 'padre'),
(543, 'GROVER', 'INOCENTE', 'COCA', 'M', '409000052018023', '16235387', '2012-10-22', 'MAURA ', 'COCA', '', '', 'madre'),
(544, 'BELINDA', 'IQUISE', 'MAMANI', 'F', '409000052019013', '17677586', '2011-12-27', NULL, NULL, NULL, NULL, NULL),
(545, 'LUIS FABIAN', 'LIMACHI', 'TACURI', 'M', '409000052018009', '14266313', '2013-06-30', 'MARIBEL ', 'TACURI', '', '68487971', 'madre'),
(547, 'MATIAS EYBRAJAN', 'MENDEZ', 'QUINTEROS', 'M', '809800322017052', '15689975', '2012-08-18', 'FABIOLA', 'QUINTEROS', '', '60394409', 'madre'),
(548, 'RUDY NEYMAR', 'MENECES', 'CARRILLO', 'M', '409000052017057', '', '2011-11-26', 'SONIA', 'CARRILLO', '', '71009076', 'madre'),
(549, 'YERALDINA', 'NOZA', 'MORALES', 'F', '508700082016001', '15160476', '2011-09-11', 'EDWIN', 'VALVERDE', '', '78353217', 'tutor'),
(550, 'EMILY KIARA', 'ORELLANA', 'VERA', 'F', '409000272017040', '15798207', '2012-07-28', NULL, NULL, NULL, NULL, NULL),
(551, 'ALEJANDRA', 'PAI', 'CONDORI', 'F', '409000052018012', '13420510', '2013-03-13', 'VICTORIA ', 'CONDORI', '', '78525724', 'tutor'),
(552, 'ANDERSON', 'PEDRO', 'HERRERA', 'M', '409000052016029', '13825936', '2011-04-14', 'CLAUDIA ', 'HERRERA ', '', '76493155', 'madre'),
(554, 'JHONATHAN ALEXANDER', 'SALAS', 'AGUILAR', 'M', '409000052018054', '16304271', '2013-02-20', NULL, NULL, NULL, NULL, NULL),
(556, 'ARIANA STEFANY', 'TICONA', 'PORCE', 'F', '809804772017025', '15003838', '2012-07-02', NULL, NULL, NULL, NULL, NULL),
(557, 'MOISES PERCY', 'VARGAS', 'CARRILLO', 'M', '409000052017055', '16339806', '2011-10-27', NULL, NULL, NULL, NULL, NULL),
(558, 'MARIA LUZ', 'VARGAS', 'TOMAS', 'F', '7090007620173564', '16148058', '2012-12-02', 'FERMIN ', 'VARGAS', '', '63919770', 'padre'),
(559, 'MARY CARMEN', 'VELA', 'BATALLANOS', 'F', '409000042017045', '16048778', '2012-07-07', NULL, NULL, NULL, NULL, NULL),
(560, 'JASMIN PILAR', 'VILLARROEL', 'ALMANZA', 'F', '409000052018028', '15697992', '2012-07-11', 'CHINTIA ', 'ALMANZA', '', '64948322', 'madre'),
(562, 'ANAHI', '', 'CUSI', 'F', '409000052017064', '15084476', '2011-06-16', 'VICTORIA', '', 'CUSI', '71414238', 'madre'),
(563, 'JHAMIR JOSE', 'ALMANZA', 'HERRERA', 'M', '4090001820186407', '16328830', '2011-07-15', 'JHESENIA ', 'ALMANZA ', '', '76495439', 'tutor'),
(564, 'DANA MAGDIEL', 'CABALLERO', 'SILVA', 'F', '406100262016002', '14625335', '2012-03-05', NULL, NULL, NULL, NULL, NULL),
(565, 'BEYMAR', 'CABRERA', 'MONTECINOS', 'M', '409000052017028', '15665107', '2011-08-26', '', '', '', '', 'padre');
INSERT INTO `students` (`id`, `first_name`, `last_name_father`, `last_name_mother`, `gender`, `rude_number`, `identity_card`, `birth_date`, `guardian_first_name`, `guardian_last_name`, `guardian_identity_card`, `guardian_phone_number`, `guardian_relationship`) VALUES
(566, 'GABRIEL', 'CALI', 'ESPINOZA', 'M', '409000052017045', '14834062', '2012-06-18', 'NANCY', 'ESPINOZA', '', '64931687', 'madre'),
(567, 'SOLEDAD', 'CLAROS', 'MARIN', 'F', '409000062016033', '15430411', '2012-01-11', 'DARIA', 'MARIN', '', '', 'madre'),
(568, 'FABIOLA', 'ESPINOZA', 'RIVAS', 'F', '409000052017011', '14735423', '2012-04-06', '', '', '', '', 'padre'),
(569, 'CRISTIAN', 'FATTY', 'TOCO', 'M', '409000052017021', '13067115', '2012-06-17', NULL, NULL, NULL, NULL, NULL),
(570, 'GUIDO ALICIO', 'FERRUFINO', 'CASTRO', 'M', '409000052017034', '14268051', '2012-04-24', 'JULIA ', 'CASTRO', '', '68949091', 'madre'),
(571, 'ANGELICA BRIGITH', 'FLORES', 'CHURA', 'F', '804802912017003', '15621712', '2011-08-05', 'EDUARDA ', 'CHURA COLQUE', '6634651', '75992588', 'madre'),
(573, 'JHOELMA ESMERALDA', 'JANCO', 'AYALA', 'F', '812302032018002', '15382750', '2011-09-02', 'LEIDY', 'AYALA CALLISAYA', '7396200', '78611381', 'madre'),
(574, 'PAOLA', 'LAZO', 'SUXO', 'F', '407302632015962', '15917658', '2009-12-30', 'BARBARA ', 'SUJSO', '', '74684940', 'madre'),
(575, 'ANAHI PRIMITIVA', 'LLAMPA', 'BORDA', 'F', '609000052017037', '15490806', '2012-05-21', 'senovia', 'borda herrera', '13416671', '73343766', 'padre'),
(577, 'KEVIN', 'MAMANI', 'IQUISE', 'M', '8123028920152129', '15744470', '2010-12-25', 'MATILDE ', 'IQUISE', '', '68461905', 'madre'),
(578, 'AIDE', 'MENECES', 'SALVATIERRA', 'F', '409000052017007', '13417900', '2011-07-18', 'FERNANDO ', 'MENESES', '', '69492063', 'madre'),
(581, 'LUIS DANIEL', 'QUISPE', 'MAITA', 'M', '409000042016027', '14421357', '2011-07-25', NULL, NULL, NULL, NULL, NULL),
(582, 'ALEJANDRO', 'ROCA', 'MORALES', 'M', '619500652014173', '15160446', '2009-09-22', 'EDWIN', 'VALVERDE', '', '78353217', 'tutor'),
(584, 'JHONATAN', 'TERCEROS', 'CARRASCO', 'M', '409000052014506', '14440891', '2009-06-26', NULL, NULL, NULL, NULL, NULL),
(586, 'LUZ RIHANNA', 'VALENCIA', 'CALLE', 'F', '809800782017135', '13590823', '2011-07-13', 'LUCIA ', 'CALLE', '', '', 'madre'),
(587, 'BRANDON', 'VARGAS', 'QUISPE', 'M', '4090000520176802', '14470438', '2010-11-11', '', '', '', '', 'padre'),
(588, 'JESUS NOEL', 'VELASCO', 'VILLARROEL', 'M', '409000272016025', '16780204', '2011-12-25', 'MARICRUZ ', 'VILLARROEL VERA', '9356304', '73196342', 'madre'),
(589, 'ABDIAS', 'ZENTENO', 'CRESPO', 'M', '409000042017012', '15352535', '2012-04-06', 'ROBERTO ', 'ZENTENO CONDORI', '3457792', '72702162', 'padre'),
(590, 'ARACELY', '', 'ESTRADA', 'F', '409000052017058', '16832654', '2011-10-21', NULL, NULL, NULL, NULL, NULL),
(592, 'DANIELA', 'ANGULO', 'QUIROZ', 'F', '409000052017041', '15068307', '2012-06-01', 'AGUSTINA ', 'QUIROZ', '', '67486586', 'madre'),
(593, 'ADRIAN DEIMAR', 'APAZA', 'CHOQUE', 'M', '809802352016013', '15163007', '2012-02-17', 'CECILIA ', 'APAZA', '', '69868986', 'tutor'),
(594, 'CAMILA NOHEMI', 'BAYA', 'COPA', 'F', '809800852016007', '14038293', '2012-06-12', 'JOSE ', 'BAYA', '', '75468968', 'padre'),
(595, 'ANGELINA ANDREA', 'CACERES', 'JALDIN', 'F', '409000072017030', '15798411', '2012-02-20', 'CLAUDIA ', 'JALDIN', '', '62747321', 'madre'),
(596, 'JHANETH MAJHELI', 'CALLEJAS', 'VEIZAGA', 'F', '409000042016048', '16565586', '2011-07-09', '', '', '', '', 'padre'),
(597, 'BENJAMIN', 'CHOQUE', 'AGUAYO', 'M', '409000052017043', '15954429', '2011-12-02', 'RUFINA ', 'AGUAYO', '', '76967225', 'madre'),
(598, 'ELIAS JHOEL', 'CORDOVA', 'ALVAREZ', 'M', '409000052017037', '15075044', '2012-05-26', 'SILVIO', 'CORDOVA', '', '75935427', 'padre'),
(600, 'JUAN DAVID', 'FATTY', 'VELLIZ', 'M', '409000052017019', '12491618', '2011-07-29', 'EUSEBIA ', 'VELLIZ ', '', '63936066', 'madre'),
(601, 'GHILMAR', 'FLORES', 'GUTIERREZ', 'M', '809800172017001', '15657764', '2011-07-27', 'ISAIAS ', 'BURGULLA', '', '68515412', 'padre'),
(602, 'SOFIA', 'GARCIA', 'TECILLO', 'F', '409000052017047', '16016751', '2011-11-22', 'CARMEN', 'TECILLO', '', '68595199', 'padre'),
(603, 'RODRIGO', 'GUTIERREZ', 'HERRERA', 'M', '409000052017026', '15066077', '2012-01-28', '', '', '', '', 'padre'),
(604, 'JUANA ROSA', 'INOSENTE', 'CHARACAYO', 'F', '409000052017048', '15081468', '2011-09-20', 'MAXIMA ', 'CHARACAYO', '', '67496492', 'madre'),
(605, 'REBECA JHANET', 'LAUREANO', 'FATY', 'F', '409000052017049', '14515575', '2012-05-13', 'XIMENA ', 'LAUREANO', '', '73767693', 'tutor'),
(606, 'KATERIN LEYDA', 'LONASCO', 'RUIZ', 'F', '409000052017012', '15317679', '2011-07-12', 'NANCY ', 'RUIZ', '', '74236148', 'madre'),
(607, 'ANET', 'LUCIO', 'PANIAGUA', 'F', '4090000720158549', '', '2010-05-09', 'MELVI ', 'PANIAGUA', '', '74315570', 'madre'),
(608, 'JHOSELIN', 'MAMANI', 'ORTIZ', 'F', '809000382016015', '14512173', '2011-01-26', 'ISIDORA ', 'ORTIZ', '', '72288471', 'madre'),
(609, 'JHOEL', 'NINAVIA', 'REVOLLO', 'M', '409000052017036', '14997601', '2011-10-29', 'TRIFONIA', 'REVOLLO', '', '67511876', 'tutor'),
(610, 'MARLENE JHANJAIRA', 'NUÑEZ', 'HERBOSO', 'F', '4090000520152404', '16625948', '2009-07-25', NULL, NULL, NULL, NULL, NULL),
(611, 'JHADIEL JOSTIN', 'PARDO', 'GARCIA', 'M', '409000052017020', '14381683', '2011-08-17', NULL, NULL, NULL, NULL, NULL),
(612, 'LUCIANA MASSIEL', 'PERICON', 'COSSIO', 'F', '409000092016032', '13226156', '2012-04-28', NULL, NULL, NULL, NULL, NULL),
(613, 'DAIANE', 'QUISPE', 'GARCIA', 'F', '809802872018002', '16250310', '2010-07-30', NULL, NULL, NULL, NULL, NULL),
(614, 'JHON', 'REVOLLO', 'CONDORI', 'M', '409000052016002', '14515875', '2011-05-25', 'DAMIANA', 'CONDORI', '', '74377384', 'madre'),
(615, 'CAMILA', 'SAAVEDRA', 'ROJAS', 'F', '409000052017063', '15718853', '2010-10-29', NULL, NULL, NULL, NULL, NULL),
(617, 'MARIBEL', 'SANGRERI', 'TORRES', 'F', '809805172017062', '15708614', '2012-06-11', 'ROXANA', 'MARCANI', '', '63944212', 'tutor'),
(618, 'CAMILA', 'TOLA', 'PILLCO', 'F', '409000052017008', '15065968', '2011-09-13', 'OLG', 'pillco', '13569659', '72771885', 'madre'),
(619, 'RAUL', 'TORREZ', 'ALEJO', 'M', '409000182015200', '14122669', '2011-06-05', NULL, NULL, NULL, NULL, NULL),
(620, 'THIAGO JOAQUIN', 'VARGAS', 'MORALES', 'M', '409000052017025', '17080174', '2012-03-20', 'ANA LIA', 'MORALES', '', '62667881', 'madre'),
(621, 'ABNER', 'ZENTENO', 'CRESPO', 'M', '409000042017013', '15352514', '2012-04-06', 'ROBERTO ', 'ZENTENO CONDORI', '3457792', '72702162', 'padre'),
(623, 'MIGUEL ANGEL', 'ACHO', 'VASQUEZ', 'M', '808600752016008', '13840576', '2011-03-30', 'LIDIA', 'VASQUEZ', '', '64919840', 'madre'),
(624, 'IVER', 'ACHU', 'LAZARO', 'M', '409000052014296', '14381612', '2008-11-02', NULL, NULL, NULL, NULL, NULL),
(625, 'JHON OLIVER', 'ALVARADO', 'LAUREANO', 'M', '409000052016008', '12623434', '2011-03-17', 'JHONNY ', 'ALVARADO  PIRAPE', '', '67458167', 'padre'),
(626, 'ALLISON', 'ANGULO', 'RODRIGUEZ', 'F', '409000052016018', '15224720', '2011-03-10', 'NICOLAS', 'ANGULO', '', '78672186', 'padre'),
(627, 'MIRIAM', 'BARRETA', 'CRUZ', 'F', '409000052016020', '15068119', '2011-06-21', 'EULOGIO ', 'BARRETA', '', '67497773', 'padre'),
(628, 'ERICK', 'CALIZAYA', 'SALVATIERRA', 'M', '409000052015272A', '16179746', '2009-12-16', 'ROXANA ', 'SALVATIERRA', '', '68041040', 'madre'),
(629, 'NEYMAR ALEXIS', 'CORONEL', 'MAMANI', 'M', '408700922016031', '16309814', '2011-05-18', 'MARIA ELENA ', 'MAMANI', '', '70370947', 'madre'),
(631, 'ELVI LIZBETH', 'LAZARO', 'CONDORI', 'F', '409000052016006', '13994292', '2011-06-19', 'NELSY ', 'LAZARO', '', '63961696', 'tutor'),
(632, 'KAREN', 'LIMA', 'ESPINOZA', 'F', '409000052016014', '15077270', '2011-03-20', 'MARISABEL ', 'ESPINOZA', '', '68648959', 'madre'),
(633, 'JHULIANA', 'LIMACHI', 'TACURI', 'F', '409000052016021', '14266314', '2010-09-12', 'MARIBEL', 'TACURI', '', '68487971', 'madre'),
(634, 'JONAS', 'LIMACHI', 'DELGADILLO', 'M', '409000052017059', '15081398', '2010-11-12', 'VIVIANA ', 'DELGADILLO B', '', '639790690', 'madre'),
(635, 'JOEL', 'MARTINEZ', 'MAMANI', 'M', '409000052016015', '14121532', '2010-08-22', NULL, NULL, NULL, NULL, NULL),
(636, 'DAVID', 'MARTINEZ', 'VIZALLA', 'M', '4090000520152825', '15142566', '2009-09-26', NULL, NULL, NULL, NULL, NULL),
(637, 'DAYANA', 'MERCADO', 'MONTECINOS', 'F', '409000052016013', '14512670', '2010-07-17', NULL, NULL, NULL, NULL, NULL),
(639, 'KATERIN DIANA', 'REVOLLO', 'VERA', 'F', '409000052016001', '14383772', '2010-08-15', 'JHAQUELIN ', 'VERA', '', '62624330', 'madre'),
(640, 'ELVIS', 'RODRIGUEZ', 'VENEGAS', 'M', '80920009201573', '15919874', '2010-03-08', NULL, NULL, NULL, NULL, NULL),
(641, 'JOSUE GERMAIDER', 'ROJAS', 'ROJAS', 'M', '809804012016026', '15530788', '2010-09-13', 'GERVAN ', 'ROJAS', '', '71404750', 'madre'),
(642, 'JUAN JOSE', 'ROTALES', 'SOLIZ', 'M', '809803522015613', '13994972', '2010-11-18', 'OFELIA ', 'SOLIZ ', '', '72241940', 'madre'),
(643, 'JOSE DANIEL', 'VERA', 'ROCHA', 'M', '409000052016043', '12464934', '2011-02-08', 'HILDA', 'ROCHA TERCEROS', '', '4378580', 'madre'),
(644, 'RUDY ANGEL', 'VILLARROEL', 'MAMANI', 'M', '809804182015647', '14971255', '2010-09-22', 'HEYDI ', 'MAMANI', '', '75340834', 'madre'),
(645, 'EVELYN', 'YAPARI', 'MAMANI', 'F', '409000052016005', '15077081', '2010-09-11', NULL, NULL, NULL, NULL, NULL),
(646, 'JHOSELIN', 'ALVAREZ', 'GONZALES', 'F', '4090000520152677', '16367989', '2009-11-27', 'HECTOR ', 'ALVAREZ', '', '7793', 'tutor'),
(647, 'ESNAYDER', 'CALICHO', 'ARNEZ', 'M', '8189011120151582', '13302256', '2011-02-17', 'MILTON ', 'CALICHO', '', '68484732', 'padre'),
(648, 'JOSUEL', 'CARRILLO', 'PADILLA', 'M', '4090000520152442', '15077082', '2009-08-12', NULL, NULL, NULL, NULL, NULL),
(649, 'AIDEE', 'CARRILLO', 'PADILLA', 'F', '409000052016030', '15077248', '2011-05-29', NULL, NULL, NULL, NULL, NULL),
(650, 'JHONATAN', 'CATUNTA', 'LAUREANO', 'M', '7118001320152843', '16833675', '2010-03-08', 'EULALIA', 'CATUNTA', '', '73789028', 'madre'),
(651, 'IKER', 'CHIPATA', 'CABEZAS', 'M', '409000042016002', '14195508', '2011-03-10', NULL, NULL, NULL, NULL, NULL),
(652, 'ISAIAS FREDDY', 'COSSIO', 'VIDAL', 'M', '8198049820145388', '14011832', '2010-09-14', NULL, NULL, NULL, NULL, NULL),
(653, 'JUAN DAVID', 'CUELLAR', 'MAMANI', 'M', '409000052016032', '16214732', '2010-11-04', 'REYNA', 'MICO', '', '64877838', 'madre'),
(654, 'ANALIA', 'ESCOBAR', 'CARRILLO', 'F', '4090000520152639', '14834568', '2010-02-25', 'ROSA ROSMERY', 'CARRILLO', '', '62645969', 'madre'),
(655, 'MOISES WILLIAN', 'ESPINOZA', 'CALI', 'M', '409000052016041', '14722147', '2010-09-08', 'MARINA', 'CALI PELAEZ', '8021539', '', 'madre'),
(657, 'RUSSELL ANDRE', 'GUEVARA', 'CASANOVA', 'M', '809000242014799', '16639776', '2010-03-20', 'MARIA LIDIA', 'GUEVARA CORRALES', '3754945', '77936365', 'tutor'),
(658, 'JAVIER', 'GUTIERREZ', 'SIACARI', 'M', '6090002420152428', '13260636', '2011-01-20', 'FIDEL ', 'GUTIERREZ', '', '73808204', 'padre'),
(659, 'HECTOR', 'INOCENTE', 'SOTO', 'M', '4090000720146022', '12403426', '2009-01-30', 'MIRIAN ', 'SOTO', '', '64864247', 'madre'),
(660, 'AMELIA DAYANA', 'JUYARI', 'NINA', 'F', '811700282015642', '14146628', '2011-05-31', NULL, NULL, NULL, NULL, NULL),
(661, 'JHOSTIN FAVIAN', 'MAMANI', 'JAILLITA', 'M', '409000052016044', '12524293', '2010-10-01', NULL, NULL, NULL, NULL, NULL),
(662, 'BRITHANNY DAYANA', 'MEDINA', 'GUTIERREZ', 'F', '4090002020152650', '15833211', '2010-11-12', 'DAYANA', 'GUTIERREZ', '', '', 'padre'),
(663, 'ORIANA', 'MENDEZ', 'RODRIGUEZ', 'F', '719800622016006', '17005929', '2010-07-27', 'JHANETH ', 'RODRIGUEZ', '', '', 'madre'),
(664, 'ELVIS JAMIL', 'MENECES', 'CARRILLO', 'M', '4090000520152366', '17257360', '2009-07-14', 'SONIA', 'CARRILLO', '', '71009076', 'madre'),
(665, 'DENIS', 'MOLINA', 'SORIA', 'M', '7090001220151377', '', '2010-01-23', 'JORGE ', 'MOLINA', '', '68518395', 'padre'),
(666, 'GABRIEL', 'MONTECINOS', 'ROJAS', 'M', '809800772015158A', '14834663', '2010-08-14', 'ERNESTO ', 'MENDEZ', '', '77938913', 'tutor'),
(667, 'WILMAR', 'MUÑOS', 'DELGADILLO', 'M', '409000052016036', '14512211', '2009-09-16', NULL, NULL, NULL, NULL, NULL),
(668, 'LIZ VANIA', 'ROJAS', 'QUECAÑA', 'F', '409000052017062', '17606027', '2011-01-28', 'NORA', 'QUECAÑA', '', '62682554', 'madre'),
(669, 'CAMILA ESTEFANI', 'SILES', 'MENDOZA', 'F', '409000092015608A', '16262652', '2010-12-02', 'EDWIN ', 'SILES', '', '72732580', 'padre'),
(670, 'JHEREMY', 'TORRES', 'ROCHA', 'M', '409000052016007', '15079277', '2010-09-23', 'LIZETH MERY', 'ROCHA ESCOBAR', '6539955', '69533658', 'madre'),
(671, 'DANIEL', 'TOLA', 'PILLCO', 'M', '4090000520152916', '15079330', '2010-01-07', 'olg ', 'OILLCO', '13569659', '72771885', 'madre'),
(672, 'ELVIS CRISTIAN', 'TRIVEÑO', 'PADILLA', 'M', '409000052016028', '16059467', '2011-04-10', 'ANACLETA ', 'PADILLA', '', '', 'tutor'),
(674, 'KEVIN IVAN', 'ALACORE', 'CHAMBI', 'M', '40900005201425', '12492908', '2008-12-26', 'GLORIA ', 'CHAMBI', '', '76923386', 'madre'),
(675, 'DANIEL', 'ALANOCA', 'LAZO', 'M', '4073026320141378', '13815871', '2010-01-12', 'ROSMERY ', 'LAZO', '', '73213906', 'madre'),
(676, 'JHANET', 'ALBA', 'ALMANZA', 'F', '4090000520152662', '15082353', '2009-10-01', 'LORENA', 'ALBA ALMANZA', '', '62676703', 'tutor'),
(677, 'JUAN MIGUEL', 'AYAVIRI', 'MICO', 'M', '8148020020141809', '12813126', '2008-08-02', 'JULIA ELENA', 'PEÑA', '9349189', '78676957', 'madre'),
(678, 'FERNANDA MICHEL', 'BAYA', 'COPA', 'F', '809800852014381', '14038292', '2009-09-14', 'JOSE ', 'BAYA', '', '75468968', 'padre'),
(679, 'MARLENI', 'CALI', 'ESPINOZA', 'F', '4090000520152715', '14834547', '2010-06-06', 'NANCY ', 'ESPINOZA', '', '64931687', 'madre'),
(680, 'ALEX', 'CARI CARI', 'MORCO', 'M', '80890067201462', '13227914', '2009-11-16', NULL, NULL, NULL, NULL, NULL),
(681, 'NATALY', 'CARRILLO', 'ESPINOZA', 'F', '4090000520152624', '15077348', '2010-06-29', 'ROSSI CRUZ', 'ESPINOZA FERRUFINO', '8034448', '76997911', 'madre'),
(682, 'ALEYDA', 'CASILLA', 'UGARTE', 'F', '809802352015693', '9513156', '2010-05-30', 'MARIA ', 'UGARTE GUTIERREZ', '8854967', '68595191', 'madre'),
(683, 'NEISA', 'CHOQUE', 'CAYARA', 'F', '8198122120157357', '16990439', '2009-10-06', 'ELVIRA', 'CAYARA', '', '62609991', 'madre'),
(684, 'JOEL', 'CHOQUE', 'AGUAYO', 'M', '4090000520152749', '15079486', '2010-02-04', 'RUFINA ', 'AGUAYO', '', '76967225', 'madre'),
(685, 'YANINA CAMILA', 'CHOQUE', 'CESPEDES', 'F', '6090000520142240', '15476072', '2010-04-28', NULL, NULL, NULL, NULL, NULL),
(686, 'KEVIN', 'CLAROS', 'CONDORI', 'M', '40900007201511214', '14834549', '2010-03-06', 'VICTORIA', 'CODORI', '', '78525724', 'tutor'),
(687, 'JOSUE ISAIAS', 'COSSIO', 'VIDAL', 'M', '8198049820143992', '14011775', '2008-08-09', NULL, NULL, NULL, NULL, NULL),
(688, 'LEONEL ANDRE', 'COCA', 'LEDEZMA', 'M', '6089003220142690', '14233573', '2009-09-17', '', '', '', '', 'padre'),
(689, 'VICTOR MANUEL', 'GARCIA', 'VILLARROEL', 'M', '409000272014246', '15075085', '2009-11-27', NULL, NULL, NULL, NULL, NULL),
(690, 'VICTORIA', 'GARCIA', 'TECILLO', 'F', '409000052014415', '14834548', '2009-04-27', 'CARMEN ', 'TECILLO', '', '68595199', 'padre'),
(691, 'MIGUEL ANGEL', 'GUTIERREZ', 'HERRERA', 'M', '4090000520152586', '15079693', '2009-07-04', '', '', '', '', 'padre'),
(692, 'JUAN DE DIOS', 'IRIARTE', 'QUINTEROS', 'M', '4090002420151038', '13225123', '2007-06-08', '', '', '', '', 'padre'),
(693, 'NADIENKA ANA', 'LA TORRE', 'MERIDA', 'F', '8123012520141678', '13124609', '2010-05-06', 'NIRUSBA ', 'MERIDA', '', '', 'padre'),
(694, 'JHEYSON', 'LIMA', 'ESPINOZA', 'M', '409000052014179', '15077265', '2009-02-22', 'MAIRABEL ', 'ESPINOZA', '', '68648959', 'madre'),
(695, 'ARON ISRAEL', 'MANTILLA', 'MAMANI', 'M', '809802892014656', '13375162', '2009-11-15', 'MERY ', 'MAMANI', '', '67214488', 'madre'),
(696, 'MARIA RENE', 'PALLA', 'CONDORI', 'F', '8117002720141352', '14146804', '2010-04-05', '', '', '', '', 'padre'),
(697, 'HIERKO ALEJANDRO', 'QUELCA', 'CONDORI', 'M', '4090000520152423', '15896802', '2010-03-18', 'VLADIMIR ', 'QUELCA ', '', '63943002', 'padre'),
(698, 'MAIRA CELESTE', 'QUISPE', 'HINOJOSA', 'F', '4090000520152476', '14357977', '2009-10-10', NULL, NULL, NULL, NULL, NULL),
(699, 'MAXIMO', 'RAMIREZ', 'LEON', 'M', '4090000520152552', '15027740', '2010-03-19', NULL, NULL, NULL, NULL, NULL),
(700, 'FELIX', 'RAMIREZ', 'LEON', 'M', '4090000520152567', '15027734', '2010-03-19', NULL, NULL, NULL, NULL, NULL),
(701, 'BRITANI MELANI', 'SANTA MARIA', 'CONDORI', 'F', '4090000520152882', '10720201', '2009-07-27', 'VICTORIA', 'CONDORI', '', '78525724', 'tutor'),
(702, 'MARIANA', 'SOCOMPI', 'ROCHA', 'F', '409000052015239A', '15077273', '2010-05-14', '', '', '', '', 'padre'),
(703, 'JUAN FLAVIO', 'VEGA', 'ANCASI', 'M', '4090000520152514', '14582812', '2009-10-23', '', '', '', '', 'padre'),
(704, 'ALEJANDRO ULICES', 'VELIZ', 'LEON', 'M', '409000052015294A', '14722299', '2009-11-26', NULL, NULL, NULL, NULL, NULL),
(705, 'DILAN ANTHONY', 'ALVARADO', 'MARTINEZ', 'M', '8089001520155133', '16718288', '2010-01-09', 'ELIZABETH ', 'MARTINEZ', '', '60703314', 'madre'),
(706, 'JHOSET SILENY', 'CABALLERO', 'SILVA', 'F', '409000042015372', '14625334', '2009-10-12', NULL, NULL, NULL, NULL, NULL),
(707, 'CESAR', 'COLQUE', 'ZEBALLOS', 'M', '8098000720145238', '13378854', '2009-12-20', 'CELESTINO ', 'COLQUE', '', '62639812', 'padre'),
(708, 'JOSE SANDRO', 'GARCIA', 'FERNANDEZ', 'M', '5090004920142998', '15329576', '2009-04-08', 'TOMASINA', 'FERNANDEZ', '', '71707480', 'madre'),
(709, 'MARCO DANIEL', 'LAYME', 'NINA', 'M', '605700042013153', '13797657', '2009-03-30', NULL, NULL, NULL, NULL, NULL),
(710, 'HILARIA', 'MAMANI', 'PACO', 'F', '4090000520152810', '15082146', '2009-10-14', NULL, NULL, NULL, NULL, NULL),
(711, 'ANGELA ROSARIO', 'MAMANI', 'LAZO', 'F', '409000122014226', '16747203', '2010-03-14', '', '', '', '', 'padre'),
(712, 'CAMILA WENDY', 'MERINO', 'PANAMA', 'F', '409000042014200', '15333284', '2010-04-06', 'DALCY ', 'PANAMA', '', '69520984', 'madre'),
(713, 'JHULIETH MELANI', 'NUÑEZ', 'FUENTES', 'F', '809802352014612', '12492029', '2010-06-08', 'DANIELA ', 'FUENTES', '', '60747785', 'madre'),
(714, 'ELMER', 'QUINTEROS', 'CARRILLO', 'M', '409000052014483', '15035796', '2009-06-09', '', '', '', '', 'padre'),
(715, 'ROSARIO', 'QUINTEROS', 'CARRILLO', 'F', '409000052014478', '15039715', '2009-06-09', '', '', '', '', 'padre'),
(716, 'TAIDE DANIELA', 'QUIROGA', 'HINOJOSA', 'F', '409000272014940', '16643525', '2009-04-30', NULL, NULL, NULL, NULL, NULL),
(717, 'MIQUE EDWIN', 'QUISPE', 'HUIRACOCHA', 'M', '4090000520152859', '16091192', '2009-12-22', '', '', '', '', 'padre'),
(718, 'JOSE MIGUEL', 'ROJAS', 'LAZARTE', 'M', '8098026420126719', '15686885', '2007-06-07', NULL, NULL, NULL, NULL, NULL),
(719, 'SHEYLA NATALY', 'SALAS', 'AGUILAR', 'F', '4090000520152878', '16304315', '2009-08-05', NULL, NULL, NULL, NULL, NULL),
(721, 'ELIAS', 'SANGRERI', 'TORRES', 'M', '8098051720154419', '14697816', '2010-04-25', 'ROXANA', 'MARCANI', '', '63944212', 'madre'),
(722, 'LUZ CLARITA', 'TERCEROS', 'ANTONIO', 'F', '4090000520152901', '15062737', '2009-10-11', NULL, NULL, NULL, NULL, NULL),
(723, 'ISRAEL', 'TOLA', 'PILLCO', 'M', '4090000520153510', '15079289', '2008-03-19', 'OLG', 'pillco', '13569659', '72771885', 'madre'),
(724, 'ESTEFANY EVELYN', 'VARGAS', 'QUISPE', 'F', '4090000520172417', '10069125', '2008-11-13', '', '', '', '', 'padre'),
(725, 'JOEL', 'ALVAREZ', 'MAMANI', 'M', '609000352018124', '13096832', '2008-03-26', 'rudy ronald ', 'flores jiminez', '8855767', '77455058', 'padre'),
(727, 'MADAY DANIA', 'BUSTAMANTE', 'VELIZ', 'F', '40900005201431', '13379027', '2009-03-08', '', '', '', '', 'padre'),
(728, 'SEVERO', 'CAISINA', 'SOTO', 'M', '40900005201448', '14195846', '2009-04-22', 'MARIA ', 'SOTO MAMANI', '', '64937954', 'madre'),
(729, 'DIEGO', 'CARRILLO', 'FLORES', 'M', '40900005201460', '14722265', '2009-04-27', 'MARINA', 'FLORES', '', '69532579', 'madre'),
(730, 'ANABEL', 'COCA', 'SANDOVAL', 'F', '409000052014100', '14447810', '2009-02-18', NULL, NULL, NULL, NULL, NULL),
(731, 'DAVID', 'COCA', 'CALLAHUARA', 'M', '4090000520149A', '14235534', '2008-12-28', NULL, NULL, NULL, NULL, NULL),
(732, 'CESAR', 'ESPINOZA', 'CALI', 'M', '409000052014371', '14722048', '2008-10-21', 'MARTHA ', 'CALI PELAEZ', '8021539', '', 'madre'),
(733, 'NOELIA', 'FERREL', 'QUIROZ', 'F', '409000052014121', '15962994', '2008-08-19', 'MARGARITA ', 'QUIROZ', '', '76910181', 'madre'),
(734, 'JESSICA', 'FLORES', 'GARCIA', 'F', '409000182013825', '14328258', '2008-03-24', 'JUDITH ', 'FLORES', '', '69433358', 'tutor'),
(735, 'LAVINIA', 'FLORES', 'GUTIERREZ', 'F', '7147000220153357', '14541136', '2009-03-31', NULL, NULL, NULL, NULL, NULL),
(736, 'RONALD', 'FLORES', 'NINA', 'M', '809800462014310', '13718083', '2007-09-25', NULL, NULL, NULL, NULL, NULL),
(737, 'JAVIER', 'GARCIA', 'ESCOBAR', 'M', '8098003220145572', '9624317', '2008-08-29', 'ARMINDA ', 'ESCOBAR ', '', '67566570', 'madre'),
(738, 'ALEX ANGEL', 'GUZMAN', 'POMA', 'M', '809800232012718', '13066204', '2008-04-18', 'CHRISTIAN JOSE ', 'BERNAL POMA', '8822693', '68546096', 'tutor'),
(739, 'ROSMERY', 'INOCENTE', 'CUISARA', 'F', '409000052014158', '14783882', '2008-05-20', NULL, NULL, NULL, NULL, NULL),
(740, 'JUAN JHOEL', 'LIMACHI', 'TACURI', 'M', '409000052014184', '14266312', '2008-09-30', 'MARIBEL', 'TACURI', '', '68487971', 'madre'),
(741, 'CARMEN', 'MAMANI', 'FLORES', 'F', '40900005201419A', '9474975', '2008-07-23', 'ROSMERY ', 'FLORES', '', '71781970', 'madre'),
(742, 'AYDE', 'OLGUIN', 'REJAS', 'F', '409000052014233', '12713133', '2009-03-01', '', '', '', '', 'padre'),
(743, 'DIANA GABRIELA', 'PEREZ', 'SALAZAR', 'F', '4090000520227005', '9508180', '2009-03-16', 'ANGELICA ', 'SALAZAR', '', '75984631', 'madre'),
(745, 'ANABEL', 'QUISPE', 'GARCIA', 'F', '407304562014482A', '9733126', '2009-02-10', NULL, NULL, NULL, NULL, NULL),
(746, 'ANA SOLEDAD', 'ROTALES', 'SOLIZ', 'F', '809803522013580', '13994971', '2008-09-23', 'OFELIA', 'SOLIZ', '', '72241940', 'madre'),
(747, 'ALISON BRITANNY', 'SALAS', 'AGUILAR', 'F', '409000052014249', '16304257', '2008-07-16', NULL, NULL, NULL, NULL, NULL),
(748, 'JUAN DAVID', 'TERCEROS', 'CARRASCO', 'M', '4090000520116142', '14447003', '2006-05-13', 'OFELIA', 'SOLIZ', '', '72241940', 'tutor'),
(749, 'YARA ARLETH', 'TICONA', 'PORCE', 'F', '8098031320141023', '10817646', '2009-05-13', NULL, NULL, NULL, NULL, NULL),
(750, 'LETICIA', 'VARGAS', 'CONDORI', 'F', '409000072013309', '13943787', '2007-12-03', 'PRIMITIVA ', 'CONDORI ', '', '60366659', 'madre'),
(751, 'NEYDA AMELY', 'VERA', 'TARIFA', 'F', '409000042013362', '15077026', '2008-08-04', NULL, NULL, NULL, NULL, NULL),
(752, 'YOSELIN LUCERO', 'VERA', 'CHOQUE', 'F', '409000052014275', '9429739', '2009-01-30', 'JHAQUELIN ', 'VERA', '', '62624330', 'madre'),
(753, 'CARLOS GABRIEL', 'ACHO', 'VASQUEZ', 'M', '8086007520143111', '13840812', '2008-09-01', 'LIDIA ', 'VASQUEZ', '', '64919840', 'madre'),
(754, 'KANDY', 'AVILA', 'PADILLA', 'F', '409000052014303', '16514017', '2008-12-11', 'ANACLETA', 'PADILLA', '', '', 'tutor'),
(755, 'NILTON', 'CABRERA', 'MONTECINOS', 'M', '409000052014324', '15078636', '2008-12-25', '', '', '', '', 'padre'),
(756, 'DEYSI', 'CAISINA', 'VILLEZ', 'F', '40900005201433A', '14440357', '2008-12-22', NULL, NULL, NULL, NULL, NULL),
(757, 'ARIEL MARIO', 'CHIRI', 'TOLA', 'M', '409000052014345', '14234490', '2008-08-03', 'HONORIA', 'TOLA', '', '67454875', 'madre'),
(758, 'JHOAN ANDY', 'CHOQUE', 'CESPEDES', 'M', '60900005201324', '9392757', '2008-07-18', NULL, NULL, NULL, NULL, NULL),
(759, 'NOEL DAVID', 'CHOQUE', 'CHIRI', 'M', '409000052014350', '14834593', '2009-03-23', 'GUILLERMINA ', 'CHIRI INCA', '', '72783604', 'madre'),
(760, 'CHAIR JHILMER', 'COTARI', 'JIMENEZ', 'M', '4090000520125526', '14834467', '2007-05-31', NULL, NULL, NULL, NULL, NULL),
(761, 'MAYCOL', 'CRESPO', 'HERRERA', 'M', '409000052014366', '15077035', '2009-02-04', '', '', '', '', 'padre'),
(762, 'ALEX', 'ESPINOZA', 'PADILLA', 'M', '4090000520115457', '15936205', '2006-06-12', NULL, NULL, NULL, NULL, NULL),
(763, 'ELIZABETH', 'FATTY', 'LAUREANO', 'F', '409000052014387', '14868026', '2009-03-14', 'ROXANA', 'LAUREANO', '', '79383508', 'madre'),
(764, 'CARLOS JHOAN', 'GALARZA', 'ESCOBAR', 'M', '40900005201440A', '17118778', '2008-08-07', '', '', '', '', 'padre'),
(765, 'LUIS ANGEL', 'HEREDIA', 'MOLINA', 'M', '8098010720133069', '13893704', '2008-05-19', 'VANEZA ', 'MOLINA', '9324601', '64944296', 'madre'),
(766, 'JAZMIN', 'INOCENTE', 'TOAQUE', 'F', '409000052014420', '14447505', '2009-03-19', 'DONATA', 'TOAQUE', '', '67581159', 'madre'),
(767, 'ELIANA', 'INOCENTE', 'COCA', 'F', '409000052014163', '14123161', '2008-08-03', 'MAURA', 'COCA', '', '', 'padre'),
(768, 'FABIOLA', 'IQUISE', 'MAMANI', 'F', '812300162013135', '7405016', '2008-05-16', NULL, NULL, NULL, NULL, NULL),
(769, 'WENS ABNER', 'JIMENEZ', 'SOLIZ', 'M', '409000122014408', '12968825', '2008-11-26', 'CELIA ', 'SOLIZ', '', '71437180', 'madre'),
(770, 'ZENAIDA', 'MAMANI', 'ORTIZ', 'F', '809000382014611', '13944702', '2008-12-11', 'ISIDORA ', 'ORTIZ', '', '72288471', 'madre'),
(771, 'LEONARDO DAVID', 'MENESES', 'GUTIERREZ', 'M', '4090000520125655', '14834118', '2006-08-09', 'JUANA ', 'GUTIERREZ', '', '63857997', 'tutor'),
(772, 'JHON SAUL', 'MORALES', 'ROCHA', 'M', '4090000520136314', '14512896', '2008-03-30', NULL, NULL, NULL, NULL, NULL),
(773, 'HERNAN ALEJANDRO', 'OTALORA', 'GUTIERREZ', 'M', '809800172012235', '17099714', '2007-12-27', 'ROCIO ', 'PINTO', '', '61810542', 'tutor'),
(774, 'GROBER', 'PINEDO', 'ROCHA', 'M', '70930004201368', '13824898', '2006-11-09', 'JUAN ', 'PINEDO', '', '72292021', 'padre'),
(775, 'SANTIAGO ISRAEL', 'REVOLLO', 'MONTAÑO', 'M', '40900004201348A', '12524763', '2008-09-17', 'EUNICE ', 'MONTAÑO', '', '78006096', 'madre'),
(776, 'SOLEDAD', 'TECILLO', 'VALERIANO', 'F', '8123027520153888', '15698852', '2009-01-16', 'FAVIO ', 'TECILLO', '', '72476317', 'padre'),
(777, 'INES', 'VARGAS', 'TOMAS', 'F', '709000762015482', '16148005', '2009-01-27', 'FERMIN', 'VARGAS', '', '63919770', 'padre'),
(778, 'LEONARDO FABIO', 'VELIZ', 'ROCHA', 'M', '409000062013482', '14446592', '2009-03-14', 'ROXANA ', 'ROCHA MENESES', '5910853', '', 'padre'),
(779, 'JHEISON', 'VELIZ', 'MENECES', 'M', '40900005201426A', '15077099', '2008-11-07', 'GABRIELA ', 'MENESES', '', '64839165', 'madre'),
(780, 'AMILCAR', 'VILLARROEL', 'ALMANZA', 'M', '409000052014548', '9457972', '2008-10-08', 'CHINTIA ', 'ALMANZA', '', '64948322', 'madre'),
(781, 'MIJAEL', 'YAPARI', 'MAMANI', 'M', '4090000420131172', '15079225', '2007-10-08', NULL, NULL, NULL, NULL, NULL),
(782, 'MAYTE', 'ALBA', 'ALMANZA', 'F', '4090000520136170', '14834693', '2007-10-30', 'LORENA ', 'ALBA ALMANZA', '', '62676703', 'tutor'),
(783, 'RODRIGO', 'ALVAREZ', 'RODRIGUEZ', 'M', '80960100201280', '13745414', '2007-10-23', 'ROSE MARIA', 'ALVAREZ', '', '71609019', 'tutor'),
(784, 'JOSUE', 'ARCE', 'CAMPOS', 'M', '80890060201377', '12555510', '2007-09-05', NULL, NULL, NULL, NULL, NULL),
(785, 'FREDDY', 'BARRETA', 'CRUZ', 'M', '4090000520136204', '15068097', '2007-11-22', 'EULOGIO', 'BARRETA', '', '67497773', 'padre'),
(786, 'MARIA PAOLA', 'BLANCO', 'ALEJO', 'F', '4090002120122909', '14699330', '2007-04-28', NULL, NULL, NULL, NULL, NULL),
(787, 'CARMEN', 'CATUNTA', 'LAUREANO', 'F', '711800132012446', '14669153', '2005-09-04', 'EULALIA', 'LAURIANO', '', '73789028', 'madre'),
(788, 'ARIANA JHASMIN', 'FUENTES', 'AJATA', 'F', '8098023520131207', '14834069', '2007-07-17', '', '', '', '', 'padre'),
(789, 'GUSTAVO', 'IQUISE', 'MAMANI', 'M', '812300162013177', '7405017', '2006-06-09', NULL, NULL, NULL, NULL, NULL),
(790, 'ALEYDA', 'LAUREANO', 'CONDORI', 'F', '4090000520136261', '12718407', '2008-01-25', 'ANGELA ', 'CONDORI', '', '67498469', 'madre'),
(791, 'EMA', 'LOPEZ', 'ROCHA', 'F', '4090000520136496', '14447148', '2008-03-04', NULL, NULL, NULL, NULL, NULL),
(792, 'HEYDI', 'MAMANI', 'QUENTA', 'F', '8098049420114827', '9516221', '2005-10-16', 'JUSTINA', 'QUENTA', '', '76932176', 'madre'),
(793, 'ALEX', 'MAMANI', 'CRUZ', 'M', '409000052012111', '14235109', '2006-09-06', 'CATALINA ', 'CRUZ', '', '67427150', 'madre'),
(794, 'ALICIA GABRIEL', 'MAMANI', 'LAURA', 'F', '4090000520136295', '8830896', '2008-01-22', 'JULIA ', 'LAURA', '', '77446606', 'madre'),
(795, 'HUMBERTO', 'MAMANI', 'ORTIZ', 'M', '809000382012461', '13587297', '2007-06-02', 'ISIDORA', 'ORTIZ', '', '72288471', 'madre'),
(796, 'JHENY', 'MENECES', 'PEÑA', 'F', '4090000520146106', '14735089', '2008-04-25', 'ELENA ', 'PEÑA PADILLA', '', '77480380', 'madre'),
(797, 'AMELIA BELINDA', 'PEREZ', 'SALAZAR', 'F', '4090000520227900', '9507487', '2007-04-06', 'ANGELICA ', 'SALAZAR', '', '75984631', 'madre'),
(798, 'LEONARDO SERGIO', 'PIMIENTA', 'ZAPATA', 'M', '4090000520136329', '12971455', '2008-02-13', NULL, NULL, NULL, NULL, NULL),
(799, 'DAVID', 'REVOLLO', 'CONDORI', 'M', '4090000520136333', '14447752', '2008-03-31', 'DAMIANA', 'CONDORI', '', '74377384', 'madre'),
(800, 'RUBEN', 'ROJAS', 'RIOJA', 'M', '4090000520116032', '15470470', '2005-11-04', NULL, NULL, NULL, NULL, NULL),
(801, 'RONAL', 'SANGRERI', 'TORRES', 'M', '8098051720133991', '14697646', '2007-11-22', 'ROXANA ', 'MARCANI', '', '63944212', 'tutor'),
(802, 'DARLIN', 'SOCOMPI', 'ROCHA', 'F', '4090000520136367', '14513665', '2007-09-20', NULL, NULL, NULL, NULL, NULL),
(803, 'CINTHIA PRISCILA', 'VILLARROEL', 'ALMANZA', 'F', '4090000520136386', '9457970', '2007-07-23', 'CINTHIA ', 'ALMANZA ', '', '64948322', 'madre'),
(804, 'LUCIANA', '', 'SANCARI', 'F', '809805152013251', '13719429', '2007-12-01', 'MARGARITA ', 'SANCARI', '', '68553949', 'madre'),
(805, 'JHOSMAR WILLIAM', '', 'ROCHA', 'M', '409000052011506A', '15081303', '2006-04-10', 'IRMA ', 'ROCHA', '', '79782096', 'tutor'),
(806, 'MIGUEL ANGEL', 'ALANOCA', 'LAZO', 'M', '407301972012634', '13872297', '2007-10-19', 'ROSMERY', 'LAZO', '', '73213906', 'madre'),
(807, 'JESUS MIGUEL', 'ALVAREZ', 'GONZALES', 'M', '4090000520136405', '14514778', '2007-07-29', 'HECTOR ', 'ALVAREZ', '', '77930803', 'tutor'),
(808, 'JHONATAN', 'APAZA', 'MAMANI', 'M', '4090000520125837', '14264161', '2006-08-16', 'BASILIA ', 'MAMANI', '', '63979553', 'madre'),
(809, 'MARIBEL', 'CABEZAS', 'COCHI', 'F', '409000052013641A', '16964006', '2007-04-28', 'REYNALDO ', 'CABEZAS', '', '78312297', 'padre'),
(810, 'BRANDON', 'CALIZAYA', 'SALVATIERRA', 'M', '4090000520136439', '16179731', '2007-12-12', 'ROXANA ', 'SALVATIERRA', '', '68041040', 'madre'),
(811, 'JUAN JOSE', 'CARI CARI', 'MORCO', 'M', '808900672013633', '13228591', '2008-05-29', NULL, NULL, NULL, NULL, NULL),
(812, 'DANIEL', 'CORDOVA', 'ALVAREZ', 'M', '4090000520136443', '15074928', '2008-01-09', 'SILVIO ', 'CORDOVA', '', '75935427', 'padre'),
(813, 'LUIS FERNANDO', 'FERNANDEZ', 'REVOLLO', 'M', '4090000520136458', '14058472', '2008-02-13', 'JUANA ', 'REVOLLO', '', '', 'madre'),
(814, 'JHOSELIN', 'GARCIA', 'FERNANDEZ', 'F', '5090004920125791', '15329995', '2006-07-26', 'TOMASINA', 'FERNANDEZ', '', '71707480', 'madre'),
(815, 'JUAN MATEO', 'HUARA', 'ANTEZANA', 'M', '4090000520136462', '16911875', '2008-02-22', '', '', '', '', 'padre'),
(816, 'RODRIGO', 'INOSENTE', 'SALVATIERRA', 'M', '4090000520136257', '13418709', '2007-09-10', 'MARGARITA ', 'SALVATIERRA', '', '76406087', 'tutor'),
(817, 'DAVID', 'INOSENTE', 'CHARACAYO', 'M', '71420044201218', '13931034', '2008-06-15', 'MAXIMA ', 'CHARACAYO', '', '67496492', 'madre'),
(818, 'FERNANDO', 'LOAYZA', 'CHAMBILLA', 'M', '4090000520136481', '15068192', '2008-03-30', 'JUANA', 'CHAMBILLA', '', '62623495', 'madre'),
(819, 'KEVIN JHONATAN', 'MAMANI', 'LAZO', 'M', '40900012201331A', '14859949', '2007-11-30', '', '', '', '', 'padre'),
(820, 'CRISTIAN WALDO', 'MAMANI', 'GRAGEDA', 'M', '4090000520136500', '15079329', '2007-08-13', 'HUGO WALTER', 'MAMANI', '', '74321763', 'padre'),
(821, 'ALAIN SAUL', 'MORALES', 'PEÑA', 'M', '409000052013652A', '15079669', '2008-06-03', 'GIOVANA ', 'PEÑA', '', '76985781', 'madre'),
(822, 'CALOYERO DUSTAN', 'PEÑA', 'CORRALES', 'M', '8098001720114791', '13719440', '2006-09-18', 'EDWIN ', 'PEÑA', '', '71406888', 'padre'),
(823, 'CRISTIAN ENRRIQUE', 'ROCHA', 'PEÑA', 'M', '4090000520136553', '13380322', '2008-06-15', 'JULIA ELENA', 'PEÑA', '9349189', '78676957', 'madre'),
(824, 'SHEYLA', 'RODRIGUEZ', 'INCA', 'F', '8098008520112232', '15482640', '2007-01-23', 'HILARION ', 'RODRIGUEZ', '', '72280993', 'padre'),
(825, 'ALEX', 'ROJAS', 'ARUQUIPA', 'M', '4090000520136348', '14235114', '2008-01-02', 'LOURDES', 'ARUQUIPA CALSINA', '5296730', '', 'madre'),
(826, 'THIAGO ROBINHO', 'TERRAZAS', 'RIVERA', 'M', '809801202012311', '14581851', '2008-02-15', NULL, NULL, NULL, NULL, NULL),
(827, 'CARLA', 'VIZALLA', 'PUMA', 'F', '4090000520136587', '12490435', '2007-09-09', 'TOMASA ', 'PUMA', '', '67586908', 'madre'),
(830, 'KAELY SHARIANNE', 'LOZA', 'PEREZ', 'F', '16440245', '16440245', '2020-05-03', 'OLIVIA ', 'PEREZ FERNANDEZ', '13534552', '75928386', 'madre'),
(831, 'MATIAS ', 'CHOQUE ', 'MARTINEZ', 'M', '8098051520241485', '16433345', '2020-04-14', 'JUSTO PASTOR ', 'CHOQUE BALZAZAR', '3730296', '73787535', 'padre'),
(834, 'BRAYAN ', 'CASILLA', 'UGARTE', 'M', '3739743', '3739743', '2019-08-22', 'MARINA', 'UGARTE GUTIERREZ', '8854967', '68595191', 'madre'),
(844, 'EVELYN ', 'ZEBALLOS ', 'TUDELA', 'F', '16475359', '16475359', '2020-08-05', 'VICTOR ', 'ZEBALLOS REINAGA', '7860975', '73765589', 'padre'),
(845, 'ALESSANDRO LEON', 'BUSTAMANTE', 'ROCHA', 'M', '16604527', '16604527', '2020-12-21', 'REINAGA', 'CASTELLANO', '8039190', '77940649', 'madre'),
(846, 'MATIAS', 'FLORES', 'MAMANI', 'M', '16841750', '16841750', '2021-04-09', 'RUDY RONALD', 'FLORES JIMENEZ', '8855767', '77455058', 'padre'),
(847, 'ANGELES VALERIA ', 'LOZA', 'LAUREANO', 'F', '16464959', '16464959', '2020-07-06', 'JHOVANA ', 'LAUREANO CONDORI', '8549246', '78363776', 'madre'),
(848, 'FERMIN ', 'COLQUE', 'BORDA', 'M', '16556913', '16556913', '2020-11-19', 'SENOVIA ', 'BORDA HERRERA', '13416671', '73343766', 'madre'),
(849, 'ZOE ARLETH', 'CHOQUE ', 'ROMERO', 'F', '16471193', '16471193', '2020-07-25', 'YASMANI ', 'CHOQUE CHIRI', '7874817', '73405616', 'padre'),
(850, 'JAIR AARON ', 'FERNANDEZ ', 'FRANCO', 'M', '16586802', '16586802', '2020-12-07', 'FLORINDA', 'FRANCO CASTRI', '6519797', '78345818', 'madre'),
(851, 'AYSE CHARLOTTE', 'LEDEZMA', 'SALAZAR', 'F', '17647362', '17647362', '2021-02-16', 'MARIELA ', 'SALAZAR MEDRANO', '8847605', '62999664', 'madre'),
(852, 'ANDRES JHUNIOR ', 'MENECES ', 'QUISPE ', 'M', '16539901', '16539901', '2020-11-06', 'YESSICA ', 'QUISPE VILLCA', '9344347', '76445559', 'madre'),
(853, 'TAYLOR JAMES ', 'MENESES', 'VILLARROEL', 'M', '16922846', '16922846', '2021-05-14', 'NEMESIO LINO', 'MENESES ANGULO', '9326515', '75468756', 'padre'),
(854, 'XIOMARA ', 'REINAGA ', 'VALDA', 'F', '16685547', '16685547', '2021-02-10', 'DARLIN ', 'VALDA GARNICA', '9307816', '65705227', 'madre'),
(855, 'GABRIEL JESUS', 'REINAGA', 'REVOLLO', 'M', '16832463', '16832463', '2024-05-20', 'TRIJONIA', 'REVOLLO MONTECINOS', '5216177', '67682905', 'madre'),
(856, 'EVELYN ', 'FLORES ', 'LEON', 'F', '16519021', '16519021', '2020-02-27', 'DANIELA ', 'LEON ESCOBAR', '9411350', '75984218', 'madre'),
(857, 'JUAN ANDERSON ', 'COLQUE ', 'FLORES', 'M', '16204648', '16204648', '2019-10-16', 'MARINA ', 'FLORES VELIZ', '8760521', '69532579', 'madre'),
(858, 'ALDAIR VICENTE ', 'ALMANZA ', 'FLORES', 'M', '16343905', '16343905', '2020-01-22', 'LIZBET ', 'FLORES VELIZ', '8760581', '63904351', 'madre'),
(859, 'VICTORIA', 'SALAZAR', 'LAZARO', 'F', '6090002220216127', '16017772', '2016-09-02', 'ALEJANDRINA', 'LAZARO QUISPIA', '5756841', '72305335', 'madre'),
(860, 'PABLO EFRAIN', 'CABALLERO', 'AGUILAR', 'M', '8098005220215166', '15814296', '2017-03-13', 'ROSAURA SALOME', 'AGUILAR VILLARROEL', '5303947', '11111111', 'madre'),
(861, 'RUTH KEYLA', 'GALLEGO', 'MAMANI', 'F', '8098012420211879', '15602840', '2016-10-27', 'VICENTE MILTON', 'TITO IGNACIO', '4535501', '72727886', 'tutor'),
(865, 'NEYMAR ', 'GOMEZ', 'CABEROS', 'M', '15564563', '15564563', '2019-01-01', 'SABINA', 'CABEROS VILLARROEL', '8740159', '72194703', 'madre'),
(866, 'CRISTIAN ', 'CHOQUE', 'MARTINEZ', 'M', '809805152020020', '16248013', '2015-09-02', 'JUSTO PASTOR ', 'CHOQUE BALCAZAR', '3730296', '73787535', 'padre'),
(867, 'ISAYANA', 'ROJAS', 'ESPINOZA', 'F', '706800562017013', '13960929', '2013-05-13', 'MARITZA', 'ESPINOZA HUMEREZ', '6054852', '71231881', 'madre'),
(868, 'MARIA BELEN', 'VASQUEZ', 'CARRILLO', 'F', '409000052016034', '14514747', '2010-08-12', 'MARIELA', 'CARRILLO PINTO', '9320897', '79774649', 'madre'),
(869, 'ERLINDA', 'CHAMACA', 'CRUZ', 'F', '609000592016014', '16181082', '2011-03-09', 'REYNALDA', 'CRUZ CONDORI', '10508994', '63482243', 'madre'),
(870, 'OSMAR ', 'CORDOVA', 'ROJAS', 'M', '4090000920156568', '14759219', '2009-09-20', 'MARIA EUGENIA', 'ROJAS GUTIERREZ', '5288905', '71437197', 'madre'),
(871, 'JHON ALVEIRO', 'CABALLERO', 'AGUILAR', 'M', '40900007201511206', '13825108', '2009-08-29', 'ROSAURA SALOME', 'AGUILAR VILLARROEL', '5303947', '62993205', 'madre'),
(872, 'JUDITH LIA', 'ROJAS ', 'ESPINOZA', 'F', '606800202014354', '13960423', '2009-07-15', 'MARITZA', 'ESPINOZA HUMEREZ', '6054852', '71231881', 'madre'),
(873, 'LUIS MARIO', 'CHAMACA', 'CRUZ', 'M', '609000590145772', '1426002', '2009-04-24', 'REYNALDA', 'CRUZ CONDORI', '10508994', '63482243', 'madre'),
(878, 'NAYELI ESTRELLA', 'TICONA ', 'HINOJOSA', 'F', '16865331', '16865331', '2021-06-14', 'YELKA', 'HINOJOSA VILLARROEL', '8813380', '67415781', 'madre'),
(879, 'ALEJANDRA DENISE', 'COCA', 'OTALORA', 'F', '16599623', '16599623', '2020-08-18', 'ROCIO ELIZABETH', 'OTALORA GUTIERREZ', '9520679', '', 'madre'),
(880, 'CARMEN ROSSY', 'FATTY', 'TOCO', 'F', '16709933', '16709933', '2021-02-27', 'MELANIA', 'TOCO BARRO', '12490988', '73774317', 'madre'),
(881, 'MAYTE BELEN', 'LIMACHI', 'TACURI', 'F', '16491612', '16491612', '2020-09-10', 'MARIBEL', 'TACURI', 'VARGAS', '68487971', 'madre'),
(882, 'ALAN GONEI', 'VARGAS', 'MONTECINOS', 'M', '16483769', '16483769', '2020-08-21', 'LUCIA', 'MONTECINOS MORALES', '5239434', '63989727', 'madre'),
(883, 'MADISON ESCARLET', 'REINAGA ', 'MONTECINOS', 'F', '16480330', '16480330', '2020-08-19', 'ROGELIA', 'MONTECINOS MORALES', '7921896', '', 'madre'),
(884, 'MAYER SAID', 'AYAVIRI', 'SOCOMPI', 'M', '16578203', '16578203', '2020-12-01', 'GLADIS', 'SOCOMPI ROCHA', '9374964', '73194809', 'madre'),
(885, 'HANSSEL PABLO', 'SESPEDES', 'APAZA', 'M', '16715675', '16715675', '2021-03-03', 'MARIA CECILIA', 'APAZA CHOQUE', '9406255', '69868986', 'madre'),
(886, 'HAFID', 'LUNA', 'MAMANI', 'M', '8098046620247558', '16158273', '2019-09-28', 'JHOANA ', 'MAMANI ZEBALLOS', '7927268', '62639663', 'madre'),
(887, 'MOISES FERNANDO', 'MARTINEZ ', 'MAMANI', 'M', '8098007820245207', '16299725', '2020-01-02', 'ELEODORA', 'MAMANI SISPORO', '6650489', '74131171', 'madre'),
(888, 'BRIANA KEILA', 'CARTAGENA ', 'MERCADO', 'F', '4090000520237353', '15665522', '2019-02-11', 'CELANI VERONICA', 'MERCADO QUISPE', '14599539', '63979633', 'madre'),
(889, 'HELEN AYLEN', 'TICONA', 'HINOJOSA', 'F', '8098002020233334', '15416085', '2018-09-17', 'YELKA', 'HINOJOSA VILLARROEL', '8813380', '67415781', 'madre'),
(890, 'BRYAN MARIO', 'SOCOMPI', 'ROCHA', 'M', '409000352023364A', '16097338', '2019-03-26', 'SEGUNDINA', 'ROCHA MENECES', '5242165', '73194809', 'madre'),
(891, 'THIAGO', 'RAMIREZ ', 'PEREDO', 'M', '8083003420235664', '15914397', '2018-06-15', 'GERMANA', 'SALVATIERRA PINTO ', '3763580', '75920428', 'tutor'),
(892, 'JHEMS ANGEL', 'DELGADILLO', 'TRUJILLO', 'M', '809802112021507A', '15129805', '2016-12-30', 'PATRICIA', 'CAMACHO TRUJILLO', '7881311', '76413495', 'madre'),
(893, 'JUAN DIEGO', 'SOCOMPI', 'ROCHA', 'M', '4090003520211667', '16097302', '2016-12-05', 'SEGUNDINA', 'ROCHA MENECES', '5242165', '73194809', 'madre'),
(894, 'NEYMAR', 'ARCE', 'GUTIERREZ', 'M', '409000062019087', '13231087', '2013-11-18', 'ROSA MARIA', 'GUTIERREZ PINTO ', '8554423', '73336352', 'madre'),
(895, 'DANNY JHORDAN', 'SOCOMPI ', 'ROCHA', 'M', '409000052018020', '16097294', '2012-11-20', 'SEGUNDINA', 'ROCHA MENECES', '5242165', '73194809', 'madre'),
(896, 'ARIANA', 'DELGADILLO', 'TRUJILLO', 'F', '608700322017008', '14648420', '2013-01-14', 'PATRICIA', 'CAMACHO TRUJILLO', '7881311', '76413495', 'madre'),
(897, 'JHOSSELINE BRITTANY', 'TERRAZAS', 'RIVERO', 'F', '809801202014246', '14581643', '2009-07-23', 'MARIA RAQUEL', 'RIVERA MAMANI', '8692699', '76422682', 'madre'),
(898, 'NAILA RUBI ', 'AYALA ', 'CALLISAYA', 'F', '8123020320133727', '15383984', '2009-02-06', 'LEIDI', 'AYALA CALLISAYA', '7396200', '78612381', 'tutor'),
(900, 'luana valentina', 'sanchez', 'aban', 'F', '16487247', '16487247', '2020-09-03', 'maritza evelin ', 'aban condori', '72077618', '64484179', 'madre'),
(901, 'salome cristal ', 'padilla', 'chabarria', 'F', '16900582', '16900582', '2021-01-25', 'yobana', 'chabaarria', '9511288', '75925398', 'madre'),
(902, 'MICAEL ', 'FERRUFINO ', 'MAIZO', 'M', '16581991', '16581991', '2020-12-03', 'JIMENA ', 'MAIZO HUANCA', '7911598', '76454420', 'madre'),
(903, 'JHOANA JHOY', 'PADILLA', 'CHABARRIA', 'M', '16900454', '', '2019-09-19', 'YOBANA ', 'CHABARRIA SULLCA', '9511288', '75925398', 'madre'),
(904, 'JHON  ABDIEL ', 'CABEZAS ', 'JUÑES', 'M', '16416887', '16416887', '2019-11-28', 'VIVIANA ', 'JUÑEZ MAMANI', '9238887', '67318890', 'madre'),
(905, 'JAZMIN LIZETH', 'LEDEZMA ', 'ROCHA', 'F', '40900002720238733', '15629182', '2019-01-26', 'MARTHA ', 'ROCHA TERCEROS', '5191447', '77423328', 'madre'),
(906, 'ALEXANDER', 'FUENTES ', 'VALENCIA', 'M', '8089003520242997', '808900352', '2018-01-01', 'NOEMI', 'SOLIZ TRUJILLO', '9354278', '64932016', 'madre'),
(907, 'BISMAR', 'ZUÑIGA', 'SOLIZ', 'M', '8089003520224229', '808900352', '2017-02-14', 'NOEMI', 'SOLIZ TRUJILLO', '9354278', '76807357', 'madre'),
(908, 'ELVIS', 'ZUÑIGA', 'SOLIZ', 'M', '708700992019051', '708700992', '2014-04-09', 'NOEMI', 'SOLIZ TRUJILLO', '9354278', '76807357', 'madre'),
(909, 'ALEJANDRO', 'GONZALES', 'PACO', 'M', '808900120183243', '14816715', '2013-11-24', 'ALVINA', 'PACO MAMANI', '12522194', '72260202', 'madre'),
(910, 'NOELIA', 'FUENTES', 'VALENCIA', 'F', '808900352017006', '17515236', '2011-12-24', 'NOEMI', 'SOLIZ TRUJILLO', '9354278', '76807357', 'madre'),
(911, 'ANEIDA', 'VILLARROEL', '', 'F', '409000052017052', '409000052', '2015-01-01', 'SHECCID', 'VILLARROEL', '14152179', '', 'madre'),
(912, 'LEYDI', 'ZUÑIGA', 'SOLIZ', 'F', '708700992017049', '14543338', '2011-12-15', 'NOEMI', 'SOLIZ TRUJILLO', '9354278', '76807357', 'madre'),
(913, 'DAILIN YACIRA', 'CUSI', 'arce', 'F', '4090000620151366', '14783735', '2010-04-07', 'cresencio', 'cusi jose', '4044669', '72748306', 'padre'),
(914, 'LIZBETH', 'ZUÑIGA', 'SOLIZ', 'F', '7087009920159167', '14543337', '2009-11-03', 'NOEMI', 'SOLIZ TRUJILLO', '9354278', '76807357', 'madre'),
(915, 'ABEL', 'FUENTES', 'VALENCIA', 'M', '8089003520132722', '14070848', '2006-09-08', 'NOEMI', 'SOLIZ TRUJILLO', '9354278', '76807357', 'madre'),
(922, 'VALENTINA JAZMIN ', 'RAMIREZ', 'CAMACHO', 'F', '4090003320216649', '16563446', '2017-02-08', 'ELIZABETH ', 'CAMACHO CORIA', '9328201', '', 'madre'),
(923, 'DIEGO OLIVER', 'CUELLAR ', 'MICO', 'M', '4090000520225888', '16214665', '2017-02-15', 'REINA ', 'MICO SANCHEZ', '8646816', '', 'madre'),
(924, 'NIKEYRAGERALDINE', 'COCA', 'ROCHA', 'F', '8090003720211702', '16998597', '2016-07-10', 'TATIANA EUGENIA ', 'ROCHA BLANCO', '9411104', '61626549', 'madre'),
(925, 'JHILMAR SLIMDER', 'CUELLAR', 'MICO', 'M', '409000052020027', '16214745', '2015-01-05', 'REINA', 'MICO SANCHEZ', '8646816', '64877838', 'madre'),
(926, 'GABRIEL GROVER', '', 'VALVERDE', 'M', '409000052017039', '16715127', '2011-10-08', 'NINETH', 'VALVERDE MACHICADO', '5205333', '71437841', 'madre'),
(927, 'MARI JHANNINA', 'PAUCARA', 'CAMACHO', 'F', '409000092016029', '16563480', '2012-02-07', 'elizabeth', 'camacho coria ', '9328201', '', 'madre'),
(928, 'NAYELI ', 'NICOLAS ', 'RODRIGUEZ', 'F', '4087009720228032', '15768111', '2018-03-23', 'lucia ', 'rodriguez churata', '5930196', '63885587', 'madre'),
(931, 'ARIEL', 'MAMANI', 'VARGAS', 'M', '809805372018028', '14036533', '2012-07-24', 'SILVERIA ', 'VARGAS MOLLE', '13995912', '64946518', 'madre'),
(932, 'NEYMAR', 'MAMANI ', 'VARGAS', 'M', '809805372019022', '14036829', '2013-12-19', 'SILVERIA ', 'VARGAS MOLLE', '139', '64946518', 'madre'),
(933, 'JHOEL VIDAL', 'MAMANI ', 'VARGAS', 'M', '8098053720232296', '15183461', '2018-02-09', 'SILVERIA ', 'VARGAS MOLLE', '13995912', '64946518', 'madre'),
(935, 'BRANDON EDISON', 'SALAS', 'AGUILAR', 'M', '409000352023408A', '', '2018-01-10', 'RUTH ', 'AGUILAR LOPEZ', '', '68497903', 'madre'),
(936, 'JOSUE BENJAMIN', 'YUCRA', 'MOYA', 'M', '80900113202288A', '15553358', '2018-03-01', 'ROSA MARIBEL', 'MOYA ESPINOZA', '', '76980916', 'madre'),
(937, 'CARLOS CRISTOBAL', 'MENESES', 'GUTIERREZ', 'M', '409000052015283', '15075182', '2010-05-05', 'JUANA ', 'GUTIERREZ COCA', '', '63857997', 'madre'),
(938, 'JHOANNY CATALINA', 'TORIBIO ', 'RIVERA', 'F', '809802112023658A', '15867067', '2019-05-05', 'MELANI DAYANA ', 'RIVERA FLORES', '', '70729463', 'madre'),
(939, 'MIGUEL ANGEL ', 'ARIAS ', 'VILLARROEL ', 'M', '4090002720232786', '15433307', '2018-10-02', 'MARICRUZ', 'VILLARROEL VERA', '', '62663998', 'madre'),
(941, 'EITHAN IVAN ', 'TITO', 'PADILLA', 'M', '807305532020026', '14386064', '2015-09-04', 'VICTOR IVAN ', 'TITO', '', '72555488', 'padre'),
(942, 'LAIZ VALENTINA', 'OMONTE', 'ARACAYO', 'F', '40900002720239144', '15659528', '2018-07-20', 'JUAN ARIEL', 'OMONTE  ALBA', '', '79382963', 'padre'),
(944, 'DILAN FABRICIO', 'FRANCO', 'GONZALES', 'M', '4090000352023761', '15750797', '2018-05-16', 'LISBETH ', 'GONZALES MACHACA', '', '696450749', 'madre'),
(945, 'CINTHIA', 'FUENTES', 'VALENCIA', 'F', '8089003520217634', '15796702', '2016-03-09', '', '', '', '', 'padre'),
(946, 'SEBASTIAN ', 'CALI', 'VELIZ', 'M', '16211225', '16211225', '2019-10-21', 'CONSTANTINA ', 'VELIZ CASTELLON', '', '64876221', 'madre'),
(947, 'LIAN ZAID', 'FUENTES', 'CALI', 'M', '16431049', '16431049', '2020-04-08', 'MARIELA ', 'CALI', '', '69546562', 'madre'),
(948, 'NICOL ALISON', 'CORO', 'TOACA', 'F', '80980045201557', '14699588', '2011-05-10', 'JUANA', 'TOACA', '', '73797496', 'madre'),
(950, 'JHON ABDIL', 'SOLIZ', 'CHOQUEHUANCA', 'M', '809805762023602A', '', '2018-11-29', 'ARMANDO', 'SOLIZ', '', '75995568', 'padre'),
(951, 'ISABEL WARA', 'SOLIZ', 'CHOQUEHUANCA', 'F', '8098057620217006', '', '2017-06-05', 'ARMANDO', 'SOLIZ', '', '75995568', 'padre'),
(952, 'MAYRA YARA', 'SOLIZ', 'CHOQUEHUANCA', 'F', '809805762020019', '', '2015-12-17', 'ARMANDO', 'SOLIZ', '', '75995568', 'padre'),
(953, 'IKER ROMEL', 'SOLIZ', 'CHOQUEHUANCA', 'M', '809805762019026', '', '2014-08-10', 'ARMANDO', 'SOLIZ', '', '75995568', ''),
(954, 'ALESSANDRA MARIELA', 'CHAMBILLA', 'LLAVE', 'F', '', '16455622', '2020-06-12', 'GABRIELA', 'LLAVE', '', '74566025', 'madre'),
(955, 'ANDRES SEBASTIAN', 'CAMPOS', 'SELAYA', 'M', '', '16685986', '2021-02-10', 'CLAUDIA', 'SEÑAYA', '', '70391543', 'madre'),
(956, 'DEMIR MATIAS', 'ARIAS', 'VILLARROEL ', 'M', '', '16511091', '2020-10-08', 'MARICRUZ', 'VILLARROEL ', '', '73196342', 'madre'),
(957, 'DAMARIS', 'NICOLAS', 'RODRIGUEZ', 'F', '', '16483886', '2020-08-28', 'LUIS FERNANDO', 'NICOLAS', '', '63885587', 'padre'),
(958, 'SHEYLA  SIN FOL-NI DOC', 'CHUQUIMIA', 'COPA', 'F', '', '', '2020-02-20', '', '', '', '', ''),
(959, 'ARIANA GISSEL', 'TAPIA ', 'CHOQUE', 'F', '', '16823421', '2021-04-29', 'ELMER ', 'TAPIA COLQUE', '', '', 'padre'),
(960, 'THIAGO MANUEL ', 'RAMIREZ', 'CAMACHO', 'M', '', '16457818', '2020-06-18', 'ELIZABETH ', 'CAMACHO', '', '60789425', 'madre'),
(961, 'RONAL MOISES', 'QUISPE', 'martinez', 'M', '', '17832211', '2020-08-13', 'LEONOR ', 'MARTINEZ ', '', '64837530', 'madre'),
(962, 'BRITANI', 'REVOLLO', 'CONDORI', 'F', '', '16007432', '2019-07-10', 'DAMIANA ', 'CONDORI', '', '', 'madre'),
(963, 'DAMIAN ', 'COCA', 'GARCIA', 'M', '', '17220512', '2020-03-11', 'ALEXANDRA ', 'GARCIA PADILLA', '', '', 'tutor'),
(964, 'genesis abigail', 'mamani', 'iquise', 'F', '', '15763163', '2019-03-23', 'maTILDE ', 'IQUISE', '', '68461905', 'madre'),
(965, 'ANDREA NICOL', 'ANTONIO', 'ROMERO', 'F', '409000062019085', '16931611', '2014-04-03', 'CARLA', 'ROMERO', '', '76968793', 'madre'),
(966, 'kendra isabella', 'poma ', 'choque', 'F', '4090000272023707a', '15566803', '2019-01-02', 'iver cesar ', 'poma', '', '79373644', 'padre'),
(967, 'JUAN DANIEL', 'SOLIZ ', 'CARRILLO', 'M', '8098001720241130', '16502629', '2020-04-14', 'MARIELA', 'CARRILLO', 'PINTO', '79774649', 'madre'),
(968, 'CRISTIAN ', 'HERRERA ', 'OYARDO', 'M', '80610036201422', '11077123', '2010-03-13', 'MAYDA', 'OYARDO QUISPE', '', '', 'madre'),
(969, 'MIJAEL LEONARDO ', 'CACERES', 'YANARI', 'M', '809800522020025', '16409839', '2015-06-16', 'RICHARD ', 'CACERES', '', '70304405', 'padre'),
(970, 'LEONELA CELINA', 'FERRUFINO', 'MELGAREJO', 'F', '4090000520152772', '15077078', '2009-09-23', 'EDWIN ', 'FERRUFINO', '', '63878399', 'padre'),
(971, 'FRANKLIN ', 'GUARAYO', 'HUMEREZ', 'M', '409000052017017', '17031913	', '2011-12-06', 'FABIANA ', 'HUMEREZ', '', '67555911', 'madre'),
(972, 'MAYTE EULALIA', 'GUERRA', 'CACERES', 'F', '809800522019038', '17144104', '2013-09-06', 'ALEJANDRA', 'CACERES', '', '75906504', 'madre'),
(973, 'MISHEL KEILA', 'GUERRA', 'CACERES', 'F', '809801032022206', '17143149', '2015-12-04', 'ALEJANDRA ', 'CACERES', '', '75906504', 'madre'),
(974, 'SEBASTIAN ', 'GUERRA', 'CACERES', 'M', '8098043420233499', '15366103', '2018-08-12', 'ALEJANDRA', 'CACERES', '', '75906504', 'madre'),
(975, 'DAVID RONAL', 'HUANACO', 'CASILLA', 'M', '4090000620144190', '17023424', '2008-04-17', 'HECTOR        ', 'HUANACO', '', '67484263', 'padre'),
(976, 'EMILY DANIELA', 'QUISPE ', 'QUIROZ', 'F', '409000042019038', '16516562', '2015-06-06', 'ROSSMERY ', 'QUIROZ', '', '62981049', 'madre'),
(977, 'MARISABEL ', 'LIMACHI', 'MAMANI', 'F', '4073012620215271', '15956242', '2019-10-14', 'LUIS ', 'LIMACHI ', '', '68127493', 'padre'),
(978, 'FAVIAN ', 'LIMACHI', 'MAMANI', 'F', '407301262019042', '15956159', '2013-09-30', 'LUIS ', 'LIMACHI', '', '68127493', 'padre'),
(979, 'GABRIELA ', 'LIMACHI', 'MAMANI', 'F', '4073012620152589', '16022329', '2010-03-12', 'LUIS ', 'LIMACHI', '', '68127493', 'padre'),
(980, 'luna kathaley ', 'garcia', 'gallardo', 'F', '', '', '2020-01-08', 'luciana', 'garllardo ', '9776253', '', 'madre'),
(981, 'jhonathan rhoyl', 'garcia', 'gallardo', 'M', '', '', '2019-01-04', 'luciana', 'gallardo', '9776253', '', 'madre'),
(982, 'TATIANA ', 'ZEGARRA ', 'PADILLA', 'F', '409000052024306', '16498228', '2020-04-02', 'Gabriela ', 'padilla', '', '77408714', 'madre'),
(983, 'MARIBEL', 'SOLIZ', 'CHOQUEHUANCA', 'F', '', '', '2021-02-07', 'ARMANDO ', 'MURILLO ', '', '75995568', '');
INSERT INTO `students` (`id`, `first_name`, `last_name_father`, `last_name_mother`, `gender`, `rude_number`, `identity_card`, `birth_date`, `guardian_first_name`, `guardian_last_name`, `guardian_identity_card`, `guardian_phone_number`, `guardian_relationship`) VALUES
(984, 'limachi ', 'mamani', 'iffet', 'F', '', '', '2019-12-13', 'luis ', 'limachi', '', '', 'padre'),
(985, 'delina', 'cuyo ', 'taquichiri', 'F', '814300822015297', '15146110', '2011-01-15', 'deydi', 'taquichiri', '', '63659240', ''),
(986, 'cristian ', 'cuyo', 'taquichiri', 'M', '814300922017005', '15146051', '2012-09-20', 'deysi', 'taquichiri', '', '63659240', 'madre'),
(987, 'dilan gel ', 'vera ', 'fuentes', 'M', '4090003520219718', '16641712', '2015-09-15', '', '', '', '', ''),
(988, 'fiorela ', 'zurita ', 'rodriguez', 'F', '809805072019029', '15218699', '2014-11-25', 'ariana', 'rodriguez', '', '69021092', 'madre'),
(989, 'NAHUEL ', 'ZURITA ', 'RODRIGUEZ', 'M', '80980551201514', '', '2010-11-04', 'ARIANA ', 'RODRIGUEZ', '', '69021092', 'madre');

-- --------------------------------------------------------

--
-- Estructura de tabla para la tabla `student_courses`
--

CREATE TABLE `student_courses` (
  `student_id` bigint(20) NOT NULL,
  `course_id` bigint(20) NOT NULL,
  `status` enum('Efectivo - I','No Inscrito','Efectivo - T','Traslado','Retirado') DEFAULT 'No Inscrito'
) ENGINE=InnoDB DEFAULT CHARSET=utf8mb4;

--
-- Volcado de datos para la tabla `student_courses`
--

INSERT INTO `student_courses` (`student_id`, `course_id`, `status`) VALUES
(130, 4, 'Efectivo - I'),
(131, 4, 'Efectivo - I'),
(132, 4, 'Efectivo - I'),
(133, 4, 'Efectivo - I'),
(135, 4, 'Efectivo - I'),
(136, 4, 'Efectivo - I'),
(137, 4, 'Efectivo - I'),
(138, 4, 'Efectivo - I'),
(139, 4, 'Efectivo - I'),
(140, 4, 'Efectivo - I'),
(142, 4, 'Efectivo - I'),
(143, 4, 'Efectivo - I'),
(144, 5, 'Efectivo - I'),
(145, 4, 'Efectivo - I'),
(146, 4, 'Efectivo - I'),
(147, 4, 'Efectivo - I'),
(148, 4, 'Efectivo - I'),
(149, 4, 'Efectivo - I'),
(150, 4, 'Efectivo - I'),
(152, 4, 'Efectivo - I'),
(155, 4, 'Efectivo - I'),
(156, 5, 'Efectivo - I'),
(159, 5, 'Efectivo - I'),
(160, 4, 'Efectivo - I'),
(162, 4, 'Efectivo - I'),
(164, 7, 'Efectivo - I'),
(165, 7, 'Efectivo - I'),
(166, 7, 'Efectivo - I'),
(167, 7, 'Efectivo - I'),
(168, 7, 'Efectivo - I'),
(169, 7, 'Efectivo - I'),
(170, 7, 'Efectivo - I'),
(172, 7, 'Efectivo - I'),
(173, 7, 'Efectivo - I'),
(174, 7, 'Efectivo - I'),
(175, 7, 'Efectivo - I'),
(176, 7, 'Efectivo - I'),
(177, 7, 'Efectivo - I'),
(180, 7, 'Efectivo - I'),
(181, 7, 'No Inscrito'),
(182, 7, 'Efectivo - I'),
(183, 7, 'Efectivo - I'),
(184, 7, 'Efectivo - I'),
(185, 7, 'Efectivo - I'),
(186, 7, 'Efectivo - I'),
(187, 8, 'Efectivo - I'),
(189, 8, 'Efectivo - I'),
(190, 8, 'Efectivo - I'),
(191, 8, 'Efectivo - I'),
(192, 7, 'Efectivo - I'),
(193, 8, 'Efectivo - I'),
(195, 8, 'Efectivo - I'),
(196, 8, 'Efectivo - I'),
(197, 8, 'Efectivo - I'),
(198, 8, 'Efectivo - I'),
(199, 8, 'Efectivo - I'),
(200, 8, 'Efectivo - I'),
(201, 8, 'Efectivo - I'),
(202, 8, 'Efectivo - I'),
(203, 8, 'Efectivo - I'),
(204, 8, 'Efectivo - I'),
(206, 8, 'Efectivo - I'),
(207, 8, 'Efectivo - I'),
(208, 8, 'Efectivo - I'),
(210, 8, 'Efectivo - I'),
(211, 8, 'Efectivo - I'),
(212, 10, 'Efectivo - I'),
(213, 10, 'Efectivo - I'),
(214, 10, 'Efectivo - I'),
(215, 10, 'Efectivo - I'),
(216, 10, 'Efectivo - I'),
(217, 10, 'Efectivo - I'),
(218, 10, 'Efectivo - I'),
(219, 10, 'Efectivo - I'),
(220, 10, 'Efectivo - I'),
(221, 10, 'Efectivo - I'),
(222, 11, 'Efectivo - I'),
(223, 11, 'Efectivo - I'),
(224, 10, 'Efectivo - I'),
(225, 10, 'Efectivo - I'),
(226, 10, 'Efectivo - I'),
(227, 10, 'Efectivo - I'),
(228, 10, 'Efectivo - I'),
(229, 10, 'Efectivo - I'),
(230, 10, 'Efectivo - I'),
(232, 10, 'Efectivo - I'),
(233, 10, 'Efectivo - I'),
(234, 10, 'Efectivo - I'),
(235, 10, 'Efectivo - I'),
(237, 10, 'Efectivo - I'),
(238, 10, 'Efectivo - I'),
(241, 11, 'Efectivo - I'),
(242, 11, 'Efectivo - I'),
(243, 11, 'Efectivo - I'),
(244, 11, 'Efectivo - I'),
(245, 11, 'Efectivo - I'),
(246, 11, 'Efectivo - I'),
(247, 11, 'Efectivo - I'),
(248, 11, 'Efectivo - I'),
(249, 11, 'Efectivo - I'),
(250, 11, 'Efectivo - I'),
(252, 11, 'Efectivo - I'),
(253, 11, 'Efectivo - I'),
(254, 10, 'Efectivo - I'),
(255, 11, 'Efectivo - I'),
(256, 11, 'Efectivo - I'),
(258, 11, 'Efectivo - I'),
(259, 11, 'Efectivo - I'),
(261, 10, 'Efectivo - I'),
(262, 11, 'Efectivo - I'),
(263, 11, 'Efectivo - I'),
(265, 11, 'Efectivo - I'),
(266, 11, 'Efectivo - I'),
(267, 11, 'Efectivo - I'),
(268, 13, 'Efectivo - I'),
(270, 13, 'Efectivo - I'),
(271, 13, 'Efectivo - I'),
(272, 13, 'Efectivo - I'),
(273, 13, 'Efectivo - I'),
(274, 13, 'Efectivo - I'),
(275, 13, 'Efectivo - I'),
(276, 13, 'Efectivo - I'),
(277, 13, 'Efectivo - I'),
(278, 13, 'Efectivo - I'),
(279, 13, 'Efectivo - I'),
(280, 13, 'Efectivo - I'),
(281, 13, 'Efectivo - I'),
(282, 13, 'Efectivo - I'),
(283, 14, 'Efectivo - I'),
(285, 13, 'Efectivo - I'),
(286, 13, 'Efectivo - I'),
(287, 13, 'Efectivo - I'),
(288, 13, 'Efectivo - I'),
(289, 13, 'Efectivo - I'),
(290, 13, 'Efectivo - I'),
(292, 14, 'Efectivo - I'),
(293, 14, 'Efectivo - I'),
(294, 14, 'Efectivo - I'),
(295, 14, 'Efectivo - I'),
(296, 14, 'Efectivo - I'),
(297, 14, 'Efectivo - I'),
(298, 14, 'Efectivo - I'),
(299, 14, 'Efectivo - I'),
(300, 14, 'Efectivo - I'),
(301, 14, 'Efectivo - I'),
(302, 14, 'Efectivo - I'),
(304, 14, 'Efectivo - I'),
(305, 14, 'Efectivo - I'),
(306, 14, 'Efectivo - I'),
(307, 14, 'Efectivo - I'),
(308, 14, 'Efectivo - I'),
(309, 14, 'Efectivo - I'),
(311, 14, 'Efectivo - I'),
(312, 14, 'Efectivo - I'),
(313, 14, 'Efectivo - I'),
(314, 14, 'Efectivo - I'),
(316, 14, 'Efectivo - I'),
(317, 13, 'Efectivo - I'),
(318, 16, 'Efectivo - I'),
(320, 16, 'Efectivo - I'),
(321, 16, 'Efectivo - I'),
(322, 16, 'Efectivo - I'),
(323, 16, 'Efectivo - I'),
(324, 16, 'Efectivo - I'),
(325, 16, 'Efectivo - I'),
(326, 16, 'Efectivo - I'),
(327, 16, 'Efectivo - I'),
(328, 16, 'Efectivo - I'),
(329, 16, 'Efectivo - I'),
(330, 17, 'Efectivo - I'),
(331, 16, 'Efectivo - I'),
(332, 16, 'Efectivo - I'),
(333, 16, 'Efectivo - I'),
(334, 16, 'Efectivo - I'),
(335, 16, 'Efectivo - I'),
(336, 16, 'Efectivo - I'),
(337, 16, 'Efectivo - I'),
(338, 16, 'Efectivo - I'),
(339, 16, 'Efectivo - I'),
(340, 16, 'Efectivo - I'),
(341, 16, 'Efectivo - I'),
(342, 16, 'Efectivo - I'),
(343, 16, 'Efectivo - I'),
(346, 16, 'Efectivo - I'),
(347, 17, 'Efectivo - I'),
(348, 17, 'Efectivo - I'),
(350, 17, 'Efectivo - I'),
(352, 17, 'Efectivo - I'),
(353, 17, 'Efectivo - I'),
(354, 17, 'Efectivo - I'),
(355, 17, 'Efectivo - I'),
(356, 17, 'Efectivo - I'),
(357, 17, 'Efectivo - I'),
(359, 17, 'Efectivo - I'),
(360, 17, 'Efectivo - I'),
(361, 17, 'Efectivo - I'),
(362, 17, 'Efectivo - I'),
(364, 17, 'Efectivo - I'),
(365, 17, 'Efectivo - I'),
(366, 17, 'Efectivo - I'),
(367, 17, 'Efectivo - I'),
(368, 17, 'Efectivo - I'),
(369, 17, 'Efectivo - I'),
(370, 17, 'Efectivo - I'),
(371, 19, 'Efectivo - I'),
(372, 19, 'Efectivo - I'),
(373, 19, 'Efectivo - I'),
(374, 19, 'Efectivo - I'),
(375, 19, 'Efectivo - I'),
(376, 19, 'Efectivo - I'),
(377, 19, 'Efectivo - I'),
(378, 19, 'Efectivo - I'),
(379, 19, 'Efectivo - I'),
(380, 19, 'Efectivo - I'),
(382, 19, 'Efectivo - I'),
(383, 19, 'Efectivo - I'),
(384, 19, 'Efectivo - I'),
(385, 19, 'Efectivo - I'),
(386, 19, 'Efectivo - I'),
(387, 19, 'Efectivo - I'),
(388, 19, 'Efectivo - I'),
(389, 19, 'Efectivo - I'),
(390, 19, 'Efectivo - I'),
(391, 19, 'Efectivo - I'),
(392, 19, 'Efectivo - I'),
(393, 19, 'Efectivo - I'),
(394, 19, 'Efectivo - I'),
(395, 20, 'Efectivo - I'),
(396, 20, 'Efectivo - I'),
(397, 20, 'Efectivo - I'),
(398, 20, 'Efectivo - I'),
(399, 20, 'Efectivo - I'),
(400, 20, 'Efectivo - I'),
(401, 20, 'Efectivo - I'),
(402, 20, 'Efectivo - I'),
(403, 20, 'Efectivo - I'),
(405, 20, 'Efectivo - I'),
(406, 20, 'Efectivo - I'),
(407, 20, 'Efectivo - I'),
(408, 20, 'Efectivo - I'),
(409, 20, 'Efectivo - I'),
(410, 20, 'Efectivo - I'),
(411, 20, 'Efectivo - I'),
(412, 20, 'Efectivo - I'),
(414, 20, 'Efectivo - I'),
(415, 20, 'Efectivo - I'),
(416, 20, 'Efectivo - I'),
(417, 22, 'Efectivo - I'),
(418, 22, 'Efectivo - I'),
(419, 22, 'Efectivo - I'),
(420, 22, 'Efectivo - I'),
(421, 22, 'Efectivo - I'),
(422, 22, 'Efectivo - I'),
(423, 22, 'Efectivo - I'),
(424, 22, 'Efectivo - I'),
(425, 22, 'Efectivo - I'),
(426, 22, 'Efectivo - I'),
(427, 22, 'Efectivo - I'),
(428, 22, 'Efectivo - I'),
(429, 22, 'Efectivo - I'),
(430, 22, 'Efectivo - I'),
(431, 22, 'Efectivo - I'),
(432, 22, 'Efectivo - I'),
(433, 22, 'Efectivo - I'),
(434, 22, 'Efectivo - I'),
(436, 22, 'Efectivo - I'),
(437, 22, 'Efectivo - I'),
(439, 22, 'Efectivo - I'),
(440, 22, 'Efectivo - I'),
(441, 22, 'Efectivo - I'),
(442, 22, 'Efectivo - I'),
(443, 22, 'Efectivo - I'),
(444, 22, 'Efectivo - I'),
(445, 22, 'Efectivo - I'),
(446, 22, 'Efectivo - I'),
(447, 22, 'Efectivo - I'),
(448, 22, 'Efectivo - I'),
(449, 22, 'Efectivo - I'),
(450, 22, 'Efectivo - I'),
(451, 23, 'Efectivo - I'),
(452, 23, 'Efectivo - I'),
(453, 23, 'Efectivo - I'),
(454, 23, 'Efectivo - I'),
(455, 23, 'Efectivo - I'),
(456, 23, 'Efectivo - I'),
(457, 23, 'Efectivo - I'),
(458, 23, 'Efectivo - I'),
(459, 23, 'Efectivo - I'),
(460, 23, 'Efectivo - I'),
(461, 23, 'Efectivo - I'),
(462, 23, 'Efectivo - I'),
(463, 23, 'Efectivo - I'),
(464, 23, 'Efectivo - I'),
(465, 23, 'Efectivo - I'),
(466, 23, 'Efectivo - I'),
(467, 23, 'Efectivo - I'),
(468, 23, 'Efectivo - I'),
(469, 23, 'Efectivo - I'),
(470, 23, 'Efectivo - I'),
(471, 23, 'Efectivo - I'),
(473, 23, 'Efectivo - I'),
(474, 23, 'Efectivo - I'),
(475, 23, 'Efectivo - I'),
(476, 23, 'Efectivo - I'),
(478, 23, 'Efectivo - I'),
(479, 23, 'Efectivo - I'),
(480, 23, 'Efectivo - I'),
(481, 23, 'Efectivo - I'),
(482, 23, 'Efectivo - I'),
(483, 23, 'No Inscrito'),
(484, 23, 'Efectivo - I'),
(485, 25, 'Efectivo - I'),
(486, 25, 'Efectivo - I'),
(487, 25, 'Efectivo - I'),
(488, 25, 'Efectivo - I'),
(489, 25, 'Efectivo - I'),
(490, 25, 'Efectivo - I'),
(491, 25, 'Efectivo - I'),
(492, 25, 'Efectivo - I'),
(493, 25, 'Efectivo - I'),
(494, 25, 'Efectivo - I'),
(495, 25, 'Efectivo - I'),
(496, 25, 'Efectivo - I'),
(497, 25, 'Efectivo - I'),
(498, 25, 'Efectivo - I'),
(499, 25, 'Efectivo - I'),
(501, 25, 'Efectivo - I'),
(502, 25, 'Efectivo - I'),
(503, 25, 'Efectivo - I'),
(504, 25, 'Efectivo - I'),
(505, 25, 'Efectivo - I'),
(507, 25, 'Efectivo - I'),
(508, 25, 'Efectivo - I'),
(509, 26, 'Efectivo - I'),
(510, 26, 'Efectivo - I'),
(511, 25, 'Efectivo - I'),
(512, 25, 'Efectivo - I'),
(514, 25, 'Efectivo - I'),
(515, 25, 'Efectivo - I'),
(516, 25, 'Efectivo - I'),
(517, 25, 'Efectivo - I'),
(518, 25, 'Efectivo - I'),
(519, 25, 'Efectivo - I'),
(521, 25, 'Efectivo - I'),
(522, 25, 'Efectivo - I'),
(523, 25, 'Efectivo - I'),
(524, 25, 'Efectivo - I'),
(525, 25, 'Efectivo - I'),
(526, 26, 'Efectivo - I'),
(527, 26, 'Efectivo - I'),
(528, 26, 'Efectivo - I'),
(529, 26, 'Efectivo - I'),
(530, 26, 'Efectivo - I'),
(531, 26, 'Efectivo - I'),
(534, 26, 'Efectivo - I'),
(535, 26, 'Efectivo - I'),
(536, 26, 'Efectivo - I'),
(537, 26, 'Efectivo - I'),
(539, 26, 'Efectivo - I'),
(540, 26, 'Efectivo - I'),
(541, 26, 'Efectivo - I'),
(542, 26, 'Efectivo - I'),
(543, 26, 'Efectivo - I'),
(544, 26, 'Efectivo - I'),
(545, 26, 'Efectivo - I'),
(547, 26, 'Efectivo - I'),
(548, 26, 'Efectivo - I'),
(549, 26, 'Efectivo - I'),
(550, 26, 'Efectivo - I'),
(551, 26, 'Efectivo - I'),
(552, 25, 'Efectivo - I'),
(554, 26, 'Efectivo - I'),
(556, 26, 'Efectivo - I'),
(557, 26, 'Efectivo - I'),
(558, 26, 'Efectivo - I'),
(559, 26, 'Efectivo - I'),
(560, 26, 'Efectivo - I'),
(562, 28, 'Efectivo - I'),
(563, 28, 'Efectivo - I'),
(564, 28, 'Efectivo - I'),
(565, 29, 'Efectivo - I'),
(566, 28, 'Efectivo - I'),
(567, 28, 'Efectivo - I'),
(568, 28, 'Efectivo - I'),
(569, 28, 'Efectivo - I'),
(570, 28, 'Efectivo - I'),
(571, 28, 'Efectivo - I'),
(573, 28, 'Efectivo - I'),
(574, 28, 'Efectivo - I'),
(575, 28, 'Efectivo - I'),
(577, 28, 'Efectivo - I'),
(578, 28, 'Efectivo - I'),
(581, 28, 'Efectivo - I'),
(582, 28, 'Efectivo - I'),
(584, 28, 'Efectivo - I'),
(586, 28, 'Efectivo - I'),
(587, 28, 'Efectivo - I'),
(588, 28, 'Efectivo - I'),
(589, 28, 'Efectivo - I'),
(590, 29, 'Efectivo - I'),
(592, 29, 'Efectivo - I'),
(593, 29, 'Efectivo - I'),
(594, 29, 'Efectivo - I'),
(595, 29, 'Efectivo - I'),
(596, 29, 'Efectivo - I'),
(597, 29, 'Efectivo - I'),
(598, 29, 'Efectivo - I'),
(600, 29, 'Efectivo - I'),
(601, 29, 'Efectivo - I'),
(602, 29, 'Efectivo - I'),
(603, 29, 'Efectivo - I'),
(604, 29, 'Efectivo - I'),
(605, 29, 'Efectivo - I'),
(606, 29, 'Efectivo - I'),
(607, 29, 'Efectivo - I'),
(608, 29, 'Efectivo - I'),
(609, 29, 'Efectivo - I'),
(610, 29, 'Efectivo - I'),
(611, 29, 'Efectivo - I'),
(612, 29, 'Efectivo - I'),
(613, 29, 'Efectivo - I'),
(614, 29, 'Efectivo - I'),
(615, 29, 'Efectivo - I'),
(617, 29, 'Efectivo - I'),
(618, 29, 'Efectivo - I'),
(619, 29, 'Efectivo - I'),
(620, 29, 'Efectivo - I'),
(621, 29, 'Efectivo - I'),
(623, 31, 'Efectivo - I'),
(624, 31, 'Efectivo - I'),
(625, 31, 'Efectivo - I'),
(626, 31, 'Efectivo - I'),
(627, 31, 'Efectivo - I'),
(628, 31, 'Efectivo - I'),
(629, 31, 'Efectivo - I'),
(631, 31, 'Efectivo - I'),
(632, 31, 'Efectivo - I'),
(633, 31, 'Efectivo - I'),
(634, 31, 'Efectivo - I'),
(635, 31, 'Efectivo - I'),
(636, 31, 'Efectivo - I'),
(637, 31, 'Efectivo - I'),
(639, 31, 'Efectivo - I'),
(640, 31, 'Efectivo - I'),
(641, 31, 'Efectivo - I'),
(642, 32, 'Efectivo - I'),
(643, 31, 'Efectivo - I'),
(644, 31, 'Efectivo - I'),
(645, 31, 'Efectivo - I'),
(646, 32, 'Efectivo - I'),
(647, 32, 'Efectivo - I'),
(648, 32, 'Efectivo - I'),
(649, 32, 'Efectivo - I'),
(650, 32, 'Efectivo - I'),
(651, 32, 'Efectivo - I'),
(652, 32, 'Efectivo - I'),
(653, 32, 'Efectivo - I'),
(654, 32, 'Efectivo - I'),
(655, 32, 'Efectivo - I'),
(657, 32, 'Efectivo - I'),
(658, 32, 'Efectivo - I'),
(659, 32, 'Efectivo - I'),
(660, 32, 'Efectivo - I'),
(661, 32, 'Efectivo - I'),
(662, 32, 'Efectivo - I'),
(663, 31, 'Efectivo - I'),
(664, 32, 'Efectivo - I'),
(665, 32, 'Efectivo - I'),
(666, 32, 'Efectivo - I'),
(667, 31, 'Efectivo - I'),
(668, 32, 'Efectivo - I'),
(669, 31, 'Efectivo - I'),
(670, 32, 'Efectivo - I'),
(671, 32, 'Efectivo - I'),
(672, 32, 'Efectivo - I'),
(674, 35, 'Efectivo - I'),
(675, 35, 'Efectivo - I'),
(676, 35, 'Efectivo - I'),
(677, 34, 'Efectivo - I'),
(678, 34, 'Efectivo - I'),
(679, 35, 'Efectivo - I'),
(680, 34, 'Efectivo - I'),
(681, 34, 'Efectivo - I'),
(682, 34, 'Efectivo - I'),
(683, 34, 'Efectivo - I'),
(684, 34, 'Efectivo - I'),
(685, 34, 'Efectivo - I'),
(686, 34, 'Efectivo - I'),
(687, 34, 'Efectivo - I'),
(688, 34, 'Efectivo - I'),
(689, 34, 'Efectivo - I'),
(690, 34, 'Efectivo - I'),
(691, 34, 'Efectivo - I'),
(692, 35, 'Efectivo - I'),
(693, 35, 'Efectivo - I'),
(694, 35, 'Efectivo - I'),
(695, 34, 'Efectivo - I'),
(696, 34, 'Efectivo - I'),
(697, 34, 'Efectivo - I'),
(698, 34, 'Efectivo - I'),
(699, 35, 'Efectivo - I'),
(700, 35, 'Efectivo - I'),
(701, 34, 'Efectivo - I'),
(702, 34, 'Efectivo - I'),
(703, 34, 'Efectivo - I'),
(704, 35, 'Efectivo - I'),
(705, 35, 'Efectivo - I'),
(706, 35, 'Efectivo - I'),
(707, 35, 'Efectivo - I'),
(708, 35, 'Efectivo - I'),
(709, 35, 'Efectivo - I'),
(710, 35, 'Efectivo - I'),
(711, 35, 'Efectivo - I'),
(712, 34, 'Efectivo - I'),
(713, 35, 'Efectivo - I'),
(714, 35, 'Efectivo - I'),
(715, 35, 'Efectivo - I'),
(716, 35, 'Efectivo - I'),
(717, 35, 'Efectivo - I'),
(718, 35, 'No Inscrito'),
(719, 34, 'Efectivo - I'),
(721, 35, 'Efectivo - I'),
(722, 34, 'Efectivo - I'),
(723, 35, 'Efectivo - I'),
(724, 34, 'Efectivo - I'),
(725, 38, 'Efectivo - I'),
(727, 38, 'Efectivo - I'),
(728, 37, 'Efectivo - I'),
(729, 37, 'Efectivo - I'),
(730, 37, 'Efectivo - I'),
(731, 37, 'Efectivo - I'),
(732, 37, 'Efectivo - I'),
(733, 38, 'Efectivo - I'),
(734, 38, 'Efectivo - I'),
(735, 37, 'Efectivo - I'),
(736, 38, 'Efectivo - I'),
(737, 37, 'Efectivo - I'),
(738, 38, 'Efectivo - I'),
(739, 38, 'Efectivo - I'),
(740, 37, 'Efectivo - I'),
(741, 38, 'Efectivo - I'),
(742, 37, 'Efectivo - I'),
(743, 37, 'Efectivo - I'),
(745, 38, 'Efectivo - I'),
(746, 38, 'Efectivo - I'),
(747, 38, 'Efectivo - I'),
(748, 38, 'Efectivo - I'),
(749, 38, 'Efectivo - I'),
(750, 37, 'Efectivo - I'),
(751, 38, 'Efectivo - I'),
(752, 37, 'Efectivo - I'),
(753, 37, 'Efectivo - I'),
(754, 37, 'Efectivo - I'),
(755, 38, 'Efectivo - I'),
(756, 37, 'Efectivo - I'),
(757, 37, 'Efectivo - I'),
(758, 38, 'Efectivo - I'),
(759, 38, 'Efectivo - I'),
(760, 37, 'Efectivo - I'),
(761, 38, 'Efectivo - I'),
(762, 38, 'No Inscrito'),
(763, 38, 'Efectivo - I'),
(764, 38, 'Efectivo - I'),
(765, 37, 'Efectivo - I'),
(766, 37, 'Efectivo - I'),
(767, 38, 'Efectivo - I'),
(768, 38, 'Efectivo - I'),
(769, 37, 'Efectivo - I'),
(770, 37, 'Efectivo - I'),
(771, 37, 'Efectivo - I'),
(772, 37, 'Efectivo - I'),
(773, 37, 'Efectivo - I'),
(774, 37, 'Efectivo - I'),
(775, 37, 'Efectivo - I'),
(776, 38, 'Efectivo - I'),
(777, 37, 'Efectivo - I'),
(778, 38, 'Efectivo - I'),
(779, 37, 'Efectivo - I'),
(780, 38, 'Efectivo - I'),
(781, 38, 'No Inscrito'),
(782, 40, 'Efectivo - I'),
(783, 40, 'Efectivo - I'),
(784, 40, 'Efectivo - I'),
(785, 40, 'Efectivo - I'),
(786, 40, 'Efectivo - I'),
(787, 40, 'Efectivo - I'),
(788, 40, 'Efectivo - I'),
(789, 40, 'Efectivo - I'),
(790, 40, 'Efectivo - I'),
(791, 40, 'Efectivo - I'),
(792, 40, 'Efectivo - I'),
(793, 40, 'Efectivo - I'),
(794, 40, 'Efectivo - I'),
(795, 40, 'Efectivo - I'),
(796, 40, 'Efectivo - I'),
(797, 40, 'Efectivo - I'),
(798, 40, 'Efectivo - I'),
(799, 40, 'Efectivo - I'),
(800, 40, 'Efectivo - I'),
(801, 40, 'Efectivo - I'),
(802, 40, 'Efectivo - I'),
(803, 40, 'Efectivo - I'),
(804, 41, 'Efectivo - I'),
(805, 41, 'Efectivo - I'),
(806, 41, 'Efectivo - I'),
(807, 41, 'Efectivo - I'),
(808, 41, 'Efectivo - I'),
(809, 41, 'Efectivo - I'),
(810, 41, 'Efectivo - I'),
(811, 41, 'Efectivo - I'),
(812, 41, 'Efectivo - I'),
(813, 41, 'Efectivo - I'),
(814, 41, 'Efectivo - I'),
(815, 41, 'Efectivo - I'),
(816, 41, 'Efectivo - I'),
(817, 41, 'Efectivo - I'),
(818, 41, 'Efectivo - I'),
(819, 41, 'Efectivo - I'),
(820, 41, 'Efectivo - I'),
(821, 41, 'Efectivo - I'),
(822, 41, 'Efectivo - I'),
(823, 41, 'Efectivo - I'),
(824, 41, 'Efectivo - I'),
(825, 41, 'Efectivo - I'),
(826, 41, 'Efectivo - I'),
(827, 41, 'Efectivo - I'),
(830, 5, 'Efectivo - I'),
(831, 5, 'Efectivo - I'),
(834, 5, 'Efectivo - I'),
(844, 1, 'Efectivo - I'),
(845, 1, 'Efectivo - I'),
(846, 1, 'Efectivo - I'),
(847, 1, 'Efectivo - I'),
(848, 1, 'Efectivo - I'),
(849, 1, 'Efectivo - I'),
(850, 1, 'Efectivo - I'),
(851, 1, 'Efectivo - I'),
(852, 1, 'Efectivo - I'),
(853, 1, 'Efectivo - I'),
(854, 1, 'Efectivo - I'),
(855, 1, 'Efectivo - I'),
(856, 5, 'Efectivo - I'),
(857, 5, 'Efectivo - I'),
(858, 5, 'Efectivo - I'),
(859, 13, 'Efectivo - I'),
(860, 14, 'Efectivo - I'),
(861, 14, 'Efectivo - I'),
(865, 8, 'Efectivo - I'),
(866, 17, 'Efectivo - I'),
(867, 26, 'Efectivo - I'),
(868, 28, 'Efectivo - I'),
(869, 32, 'Efectivo - I'),
(870, 32, 'Efectivo - I'),
(871, 34, 'Efectivo - I'),
(872, 34, 'Efectivo - I'),
(873, 37, 'Efectivo - I'),
(878, 1, 'Efectivo - I'),
(879, 1, 'Efectivo - I'),
(880, 1, 'Efectivo - I'),
(881, 1, 'Efectivo - I'),
(882, 1, 'Efectivo - I'),
(883, 1, 'Efectivo - I'),
(884, 1, 'Efectivo - I'),
(885, 1, 'Efectivo - I'),
(886, 5, 'Efectivo - I'),
(887, 5, 'Efectivo - I'),
(888, 7, 'Efectivo - I'),
(889, 7, 'Efectivo - I'),
(890, 7, 'Efectivo - I'),
(891, 10, 'Efectivo - I'),
(892, 13, 'Efectivo - I'),
(893, 13, 'Efectivo - I'),
(894, 22, 'Efectivo - I'),
(895, 26, 'Efectivo - I'),
(896, 26, 'Efectivo - I'),
(897, 35, 'Efectivo - I'),
(898, 37, 'Efectivo - I'),
(900, 1, 'Efectivo - I'),
(901, 1, 'Efectivo - I'),
(902, 1, 'Efectivo - I'),
(903, 5, 'Efectivo - I'),
(904, 5, 'Efectivo - I'),
(905, 8, 'Efectivo - I'),
(906, 7, 'Efectivo - I'),
(907, 13, 'Efectivo - I'),
(908, 23, 'Efectivo - I'),
(909, 22, 'Efectivo - I'),
(910, 28, 'Efectivo - I'),
(911, 28, 'Efectivo - I'),
(912, 28, 'Efectivo - I'),
(913, 31, 'Efectivo - I'),
(914, 34, 'Efectivo - I'),
(915, 38, 'Efectivo - I'),
(922, 13, 'Efectivo - I'),
(923, 14, 'Efectivo - I'),
(924, 13, 'Efectivo - I'),
(925, 20, 'Efectivo - I'),
(926, 28, 'Efectivo - I'),
(927, 28, 'Efectivo - I'),
(928, 11, 'Efectivo - I'),
(931, 25, 'Efectivo - I'),
(932, 23, 'Efectivo - I'),
(933, 10, 'Efectivo - I'),
(935, 10, 'Efectivo - I'),
(936, 11, 'Efectivo - I'),
(937, 31, 'Efectivo - I'),
(938, 7, 'Efectivo - I'),
(939, 7, 'Efectivo - I'),
(941, 17, 'Efectivo - I'),
(942, 8, 'Efectivo - I'),
(944, 11, 'Efectivo - I'),
(945, 17, 'Efectivo - I'),
(946, 5, 'Efectivo - I'),
(947, 5, 'Efectivo - I'),
(948, 31, 'Efectivo - I'),
(950, 8, 'Efectivo - I'),
(951, 14, 'Efectivo - I'),
(952, 17, 'Efectivo - I'),
(953, 19, 'Efectivo - I'),
(954, 5, 'Efectivo - I'),
(955, 1, 'Efectivo - I'),
(956, 1, 'Efectivo - I'),
(957, 1, 'Efectivo - I'),
(958, 1, 'Efectivo - I'),
(959, 1, 'Efectivo - I'),
(960, 5, 'Efectivo - I'),
(961, 5, 'Efectivo - I'),
(962, 5, 'Efectivo - I'),
(963, 5, 'Efectivo - I'),
(964, 7, 'Efectivo - I'),
(965, 13, 'Efectivo - I'),
(966, 8, 'Efectivo - I'),
(967, 5, 'Efectivo - I'),
(968, 31, 'Efectivo - I'),
(969, 20, 'Efectivo - I'),
(970, 32, 'Efectivo - I'),
(971, 28, 'Efectivo - I'),
(972, 22, 'Efectivo - I'),
(973, 16, 'Efectivo - I'),
(974, 8, 'Efectivo - I'),
(975, 35, 'Efectivo - I'),
(976, 20, 'Efectivo - I'),
(977, 17, 'Efectivo - I'),
(978, 22, 'Efectivo - I'),
(979, 35, 'Efectivo - I'),
(980, 5, 'Efectivo - I'),
(981, 8, 'Efectivo - I'),
(982, 4, 'Efectivo - I'),
(983, 1, 'Efectivo - I'),
(984, 5, 'Efectivo - I'),
(985, 26, 'Efectivo - I'),
(986, 32, 'Efectivo - I'),
(987, 14, 'Efectivo - I'),
(988, 17, 'Efectivo - I'),
(989, 28, 'Efectivo - I');

--
-- Índices para tablas volcadas
--

--
-- Indices de la tabla `courses`
--
ALTER TABLE `courses`
  ADD PRIMARY KEY (`id`),
  ADD KEY `level_id` (`level_id`);

--
-- Indices de la tabla `levels`
--
ALTER TABLE `levels`
  ADD PRIMARY KEY (`id`);

--
-- Indices de la tabla `students`
--
ALTER TABLE `students`
  ADD PRIMARY KEY (`id`);

--
-- Indices de la tabla `student_courses`
--
ALTER TABLE `student_courses`
  ADD PRIMARY KEY (`student_id`,`course_id`),
  ADD KEY `course_id` (`course_id`);

--
-- AUTO_INCREMENT de las tablas volcadas
--

--
-- AUTO_INCREMENT de la tabla `courses`
--
ALTER TABLE `courses`
  MODIFY `id` bigint(20) NOT NULL AUTO_INCREMENT, AUTO_INCREMENT=43;

--
-- AUTO_INCREMENT de la tabla `levels`
--
ALTER TABLE `levels`
  MODIFY `id` bigint(20) NOT NULL AUTO_INCREMENT, AUTO_INCREMENT=4;

--
-- AUTO_INCREMENT de la tabla `students`
--
ALTER TABLE `students`
  MODIFY `id` bigint(20) NOT NULL AUTO_INCREMENT, AUTO_INCREMENT=990;

--
-- Restricciones para tablas volcadas
--

--
-- Filtros para la tabla `courses`
--
ALTER TABLE `courses`
  ADD CONSTRAINT `courses_ibfk_1` FOREIGN KEY (`level_id`) REFERENCES `levels` (`id`);

--
-- Filtros para la tabla `student_courses`
--
ALTER TABLE `student_courses`
  ADD CONSTRAINT `student_courses_ibfk_1` FOREIGN KEY (`student_id`) REFERENCES `students` (`id`),
  ADD CONSTRAINT `student_courses_ibfk_2` FOREIGN KEY (`course_id`) REFERENCES `courses` (`id`);
COMMIT;

/*!40101 SET CHARACTER_SET_CLIENT=@OLD_CHARACTER_SET_CLIENT */;
/*!40101 SET CHARACTER_SET_RESULTS=@OLD_CHARACTER_SET_RESULTS */;
/*!40101 SET COLLATION_CONNECTION=@OLD_COLLATION_CONNECTION */;
